{"textures":{"0":"modelengine:entity/reaper","particle":"#0"},"elements":[{"from":[7.4639997,9.239307,23.163754],"to":[8.871,9.239307,25.173754],"faces":{"up":{"uv":[7.4375,3.0625,7.25,2.8125],"tintindex":0,"rotation":0,"texture":"#0"},"down":{"uv":[7.4375,3.0625,7.25,3.3125],"tintindex":0,"rotation":0,"texture":"#0"}},"rotation":{"origin":[6.9391665,9.239307,21.712086],"angle":-22.5,"axis":"x"}},{"from":[6.9615,9.239307,18.473753],"to":[9.7085,9.239307,23.163754],"faces":{"up":{"uv":[6.0625,6.3125,5.75,5.75],"tintindex":0,"rotation":0,"texture":"#0"},"down":{"uv":[4.6875,5.8125,4.375,6.375],"tintindex":0,"rotation":0,"texture":"#0"}},"rotation":{"origin":[6.9391665,9.239307,21.712086],"angle":-22.5,"axis":"x"}},{"from":[5.6215,8.0,8.0],"to":[10.3785,8.0,18.72],"faces":{"up":{"uv":[4.3125,4.8125,3.6875,3.5],"tintindex":0,"rotation":0,"texture":"#0"},"down":{"uv":[4.9375,0.0,4.3125,1.3125],"tintindex":0,"rotation":0,"texture":"#0"}}},{"from":[6.2915,9.239307,18.473753],"to":[7.0285,9.239307,21.823753],"faces":{"up":{"uv":[2.875,8.0,2.8125,7.5625],"tintindex":0,"rotation":0,"texture":"#0"},"down":{"uv":[2.9375,7.5625,2.875,8.0],"tintindex":0,"rotation":0,"texture":"#0"}},"rotation":{"origin":[6.9391665,9.239307,21.712086],"angle":-22.5,"axis":"x"}}],"display":{"head":{"rotation":[0.0,0.0,0.0]},"firstperson_righthand":{"rotation":[0.0,0.0,0.0]},"thirdperson_lefthand":{"rotation":[0.0,-0.0,-0.0]},"firstperson_lefthand":{"rotation":[0.0,-0.0,-0.0]},"fixed":{"rotation":[0.0,0.0,0.0]},"ground":{"rotation":[0.0,0.0,0.0]},"thirdperson_righthand":{"rotation":[0.0,0.0,0.0]},"gui":{"rotation":[-150.0,-45.0,180.0]}}}