{"textures":{"0":"modelengine:entity/reaper","particle":"#0"},"elements":[{"from":[7.33,-6.2135963,7.5574],"to":[8.67,-3.533596,8.8974],"faces":{"east":{"uv":[6.4375,1.6875,6.5,1.875],"tintindex":0,"rotation":0,"texture":"#0"},"south":{"uv":[6.4375,4.375,6.5,4.5625],"tintindex":0,"rotation":0,"texture":"#0"},"north":{"uv":[1.0625,5.6875,1.125,5.875],"tintindex":0,"rotation":0,"texture":"#0"},"west":{"uv":[7.0,0.9375,7.0625,1.125],"tintindex":0,"rotation":0,"texture":"#0"},"up":{"uv":[4.9375,6.5625,4.875,6.5],"tintindex":0,"rotation":0,"texture":"#0"},"down":{"uv":[7.25,2.5625,7.1875,2.625],"tintindex":0,"rotation":0,"texture":"#0"}},"rotation":{"origin":[8.335,-4.538597,8.8974],"angle":-45.0,"axis":"x"}},{"from":[6.66,-2.2994804,6.213643],"to":[9.34,0.38051987,7.553643],"faces":{"east":{"uv":[7.8125,6.75,7.875,6.9375],"tintindex":0,"rotation":0,"texture":"#0"},"south":{"uv":[7.3125,5.5625,7.5,5.75],"tintindex":0,"rotation":0,"texture":"#0"},"north":{"uv":[6.25,1.25,6.4375,1.4375],"tintindex":0,"rotation":0,"texture":"#0"},"west":{"uv":[6.9375,7.8125,7.0,8.0],"tintindex":0,"rotation":0,"texture":"#0"},"up":{"uv":[6.6875,5.1875,6.5,5.125],"tintindex":0,"rotation":0,"texture":"#0"},"down":{"uv":[7.0625,3.1875,6.875,3.25],"tintindex":0,"rotation":0,"texture":"#0"}}},{"from":[7.33,-2.9481812,8.349034],"to":[8.67,-1.608181,9.689034],"faces":{"east":{"uv":[8.1875,2.5625,8.25,2.625],"tintindex":0,"rotation":0,"texture":"#0"},"south":{"uv":[2.625,8.1875,2.6875,8.25],"tintindex":0,"rotation":0,"texture":"#0"},"north":{"uv":[2.5625,8.1875,2.625,8.25],"tintindex":0,"rotation":0,"texture":"#0"},"west":{"uv":[8.1875,2.625,8.25,2.6875],"tintindex":0,"rotation":0,"texture":"#0"},"up":{"uv":[2.75,8.25,2.6875,8.1875],"tintindex":0,"rotation":0,"texture":"#0"},"down":{"uv":[8.25,2.6875,8.1875,2.75],"tintindex":0,"rotation":0,"texture":"#0"}},"rotation":{"origin":[7.665,-3.9531822,8.349034],"angle":-22.5,"axis":"x"}},{"from":[6.995,6.4402237,8.092636],"to":[9.005,7.780224,9.432636],"faces":{"east":{"uv":[2.9375,8.1875,3.0,8.25],"tintindex":0,"rotation":0,"texture":"#0"},"south":{"uv":[8.0,6.3125,8.125,6.375],"tintindex":0,"rotation":0,"texture":"#0"},"north":{"uv":[8.0,6.25,8.125,6.3125],"tintindex":0,"rotation":0,"texture":"#0"},"west":{"uv":[8.1875,2.9375,8.25,3.0],"tintindex":0,"rotation":0,"texture":"#0"},"up":{"uv":[6.5,8.0625,6.375,8.0],"tintindex":0,"rotation":0,"texture":"#0"},"down":{"uv":[6.625,8.0,6.5,8.0625],"tintindex":0,"rotation":0,"texture":"#0"}},"rotation":{"origin":[8.0,6.775223,8.092636],"angle":22.5,"axis":"x"}},{"from":[6.66,3.0605202,6.213643],"to":[9.34,5.7405205,7.553643],"faces":{"east":{"uv":[7.625,7.8125,7.6875,8.0],"tintindex":0,"rotation":0,"texture":"#0"},"south":{"uv":[7.3125,6.875,7.5,7.0625],"tintindex":0,"rotation":0,"texture":"#0"},"north":{"uv":[7.3125,6.6875,7.5,6.875],"tintindex":0,"rotation":0,"texture":"#0"},"west":{"uv":[7.6875,7.8125,7.75,8.0],"tintindex":0,"rotation":0,"texture":"#0"},"up":{"uv":[8.0,7.0,7.8125,6.9375],"tintindex":0,"rotation":0,"texture":"#0"},"down":{"uv":[8.0,7.25,7.8125,7.3125],"tintindex":0,"rotation":0,"texture":"#0"}}},{"from":[6.995,-4.2881813,7.009034],"to":[9.005,-1.608181,8.349034],"faces":{"east":{"uv":[7.0625,3.375,7.125,3.5625],"tintindex":0,"rotation":0,"texture":"#0"},"south":{"uv":[6.3125,2.9375,6.4375,3.125],"tintindex":0,"rotation":0,"texture":"#0"},"north":{"uv":[6.0,1.4375,6.125,1.625],"tintindex":0,"rotation":0,"texture":"#0"},"west":{"uv":[4.3125,7.8125,4.375,8.0],"tintindex":0,"rotation":0,"texture":"#0"},"up":{"uv":[4.3125,5.6875,4.1875,5.625],"tintindex":0,"rotation":0,"texture":"#0"},"down":{"uv":[6.8125,5.5625,6.6875,5.625],"tintindex":0,"rotation":0,"texture":"#0"}},"rotation":{"origin":[7.665,-3.9531822,8.349034],"angle":-22.5,"axis":"x"}},{"from":[7.665,-4.873596,8.8974],"to":[8.335,-3.533596,10.2374],"faces":{"east":{"uv":[8.1875,1.1875,8.25,1.25],"tintindex":0,"rotation":0,"texture":"#0"},"south":{"uv":[8.1875,1.375,8.25,1.4375],"tintindex":0,"rotation":0,"texture":"#0"},"north":{"uv":[8.1875,0.8125,8.25,0.875],"tintindex":0,"rotation":0,"texture":"#0"},"west":{"uv":[8.1875,2.0,8.25,2.0625],"tintindex":0,"rotation":0,"texture":"#0"},"up":{"uv":[8.25,2.25,8.1875,2.1875],"tintindex":0,"rotation":0,"texture":"#0"},"down":{"uv":[2.5625,8.1875,2.5,8.25],"tintindex":0,"rotation":0,"texture":"#0"}},"rotation":{"origin":[8.335,-4.538597,8.8974],"angle":-45.0,"axis":"x"}},{"from":[6.66,0.38051987,6.213643],"to":[9.34,3.0605202,7.553643],"faces":{"east":{"uv":[7.0,7.8125,7.0625,8.0],"tintindex":0,"rotation":0,"texture":"#0"},"south":{"uv":[7.3125,6.5,7.5,6.6875],"tintindex":0,"rotation":0,"texture":"#0"},"north":{"uv":[7.3125,5.75,7.5,5.9375],"tintindex":0,"rotation":0,"texture":"#0"},"west":{"uv":[7.8125,7.5,7.875,7.6875],"tintindex":0,"rotation":0,"texture":"#0"},"up":{"uv":[7.0625,5.5625,6.875,5.5],"tintindex":0,"rotation":0,"texture":"#0"},"down":{"uv":[8.0,3.9375,7.8125,4.0],"tintindex":0,"rotation":0,"texture":"#0"}}},{"from":[6.66,5.1002235,6.7526364],"to":[9.34,7.780224,8.092636],"faces":{"east":{"uv":[7.75,7.8125,7.8125,8.0],"tintindex":0,"rotation":0,"texture":"#0"},"south":{"uv":[7.1875,7.3125,7.375,7.5],"tintindex":0,"rotation":0,"texture":"#0"},"north":{"uv":[7.3125,7.0625,7.5,7.25],"tintindex":0,"rotation":0,"texture":"#0"},"west":{"uv":[7.8125,7.8125,7.875,8.0],"tintindex":0,"rotation":0,"texture":"#0"},"up":{"uv":[8.0,7.75,7.8125,7.6875],"tintindex":0,"rotation":0,"texture":"#0"},"down":{"uv":[8.0625,0.0,7.875,0.0625],"tintindex":0,"rotation":0,"texture":"#0"}},"rotation":{"origin":[8.0,6.775223,8.092636],"angle":22.5,"axis":"x"}},{"from":[6.995,4.4005203,7.553643],"to":[9.005,5.7405205,8.893643],"faces":{"east":{"uv":[2.875,8.1875,2.9375,8.25],"tintindex":0,"rotation":0,"texture":"#0"},"south":{"uv":[8.0,6.125,8.125,6.1875],"tintindex":0,"rotation":0,"texture":"#0"},"north":{"uv":[6.125,8.0,6.25,8.0625],"tintindex":0,"rotation":0,"texture":"#0"},"west":{"uv":[8.1875,2.875,8.25,2.9375],"tintindex":0,"rotation":0,"texture":"#0"},"up":{"uv":[8.125,6.25,8.0,6.1875],"tintindex":0,"rotation":0,"texture":"#0"},"down":{"uv":[6.375,8.0,6.25,8.0625],"tintindex":0,"rotation":0,"texture":"#0"}}},{"from":[6.995,1.72052,7.553643],"to":[9.005,3.0605202,8.893643],"faces":{"east":{"uv":[2.8125,8.1875,2.875,8.25],"tintindex":0,"rotation":0,"texture":"#0"},"south":{"uv":[8.0,4.375,8.125,4.4375],"tintindex":0,"rotation":0,"texture":"#0"},"north":{"uv":[8.0,4.1875,8.125,4.25],"tintindex":0,"rotation":0,"texture":"#0"},"west":{"uv":[8.1875,2.8125,8.25,2.875],"tintindex":0,"rotation":0,"texture":"#0"},"up":{"uv":[8.125,5.75,8.0,5.6875],"tintindex":0,"rotation":0,"texture":"#0"},"down":{"uv":[5.9375,8.0,5.8125,8.0625],"tintindex":0,"rotation":0,"texture":"#0"}}},{"from":[6.995,-0.9594803,7.553643],"to":[9.005,0.38051987,8.893643],"faces":{"east":{"uv":[2.75,8.1875,2.8125,8.25],"tintindex":0,"rotation":0,"texture":"#0"},"south":{"uv":[8.0,3.1875,8.125,3.25],"tintindex":0,"rotation":0,"texture":"#0"},"north":{"uv":[7.625,2.5,7.75,2.5625],"tintindex":0,"rotation":0,"texture":"#0"},"west":{"uv":[8.1875,2.75,8.25,2.8125],"tintindex":0,"rotation":0,"texture":"#0"},"up":{"uv":[8.125,3.3125,8.0,3.25],"tintindex":0,"rotation":0,"texture":"#0"},"down":{"uv":[8.125,4.125,8.0,4.1875],"tintindex":0,"rotation":0,"texture":"#0"}}}],"display":{"head":{"rotation":[0.0,0.0,0.0]},"firstperson_righthand":{"rotation":[0.0,0.0,0.0]},"thirdperson_lefthand":{"rotation":[0.0,-0.0,-0.0]},"firstperson_lefthand":{"rotation":[0.0,-0.0,-0.0]},"fixed":{"rotation":[0.0,0.0,0.0]},"ground":{"rotation":[0.0,0.0,0.0]},"thirdperson_righthand":{"rotation":[0.0,0.0,0.0]},"gui":{"rotation":[-150.0,-45.0,180.0]}}}