{"textures":{"0":"modelengine:entity/elven_bear","particle":"#0"},"elements":[{"from":[7.0807695,-3.2915192,1.1270504],"to":[18.080769,12.708481,14.12705],"faces":{"east":{"uv":[9.4375,5.6875,8.625,6.6875],"tintindex":0,"rotation":0,"texture":"#0"},"south":{"uv":[0.6875,9.3125,0.0,10.3125],"tintindex":0,"rotation":0,"texture":"#0"},"north":{"uv":[2.875,9.25,2.1875,10.25],"tintindex":0,"rotation":0,"texture":"#0"},"west":{"uv":[6.625,8.5625,5.8125,9.5625],"tintindex":0,"rotation":0,"texture":"#0"},"up":{"uv":[3.6875,10.5625,4.375,9.75],"tintindex":0,"rotation":0,"texture":"#0"},"down":{"uv":[6.375,9.75,7.0625,10.5625],"tintindex":0,"rotation":0,"texture":"#0"}},"rotation":{"origin":[-0.91923046,10.943111,16.974812],"angle":-22.5,"axis":"x"}},{"from":[18.05577,1.3278904,9.395551],"to":[18.05577,14.327892,22.39555],"faces":{"east":{"uv":[10.3125,8.875,9.5,9.6875],"tintindex":0,"rotation":0,"texture":"#0"},"west":{"uv":[9.5,8.875,10.3125,9.6875],"tintindex":0,"rotation":0,"texture":"#0"}},"rotation":{"origin":[12.55577,9.82789,14.895551],"angle":-45.0,"axis":"x"}}],"display":{"head":{"rotation":[0.0,0.0,0.0]},"firstperson_righthand":{"rotation":[0.0,0.0,0.0]},"thirdperson_lefthand":{"rotation":[0.0,-0.0,-0.0]},"firstperson_lefthand":{"rotation":[0.0,-0.0,-0.0]},"fixed":{"rotation":[0.0,0.0,0.0]},"ground":{"rotation":[0.0,0.0,0.0]},"thirdperson_righthand":{"rotation":[0.0,0.0,0.0]},"gui":{"rotation":[-150.0,-45.0,180.0]}}}