{"textures":{"0":"modelengine:entity/shadowguardian","particle":"#0"},"elements":[{"from":[-10.348389,8.71146,8.434594],"to":[-7.1831856,10.43346,9.812194],"faces":{"east":{"uv":[8.125,11.875,8.25,12.125],"tintindex":0,"rotation":0,"texture":"#0"},"south":{"uv":[12.5,5.625,12.875,5.875],"tintindex":0,"rotation":0,"texture":"#0"},"north":{"uv":[12.5,5.375,12.875,5.625],"tintindex":0,"rotation":0,"texture":"#0"},"west":{"uv":[8.875,12.5,9.0,12.75],"tintindex":0,"rotation":0,"texture":"#0"},"up":{"uv":[12.625,1.25,12.25,1.125],"tintindex":0,"rotation":0,"texture":"#0"},"down":{"uv":[13.125,2.375,12.75,2.5],"tintindex":0,"rotation":0,"texture":"#0"}}},{"from":[-8.887436,3.5221329,8.434594],"to":[-7.362236,5.244133,9.812194],"faces":{"east":{"uv":[9.625,4.5,9.75,4.75],"tintindex":0,"rotation":0,"texture":"#0"},"south":{"uv":[0.0,12.625,0.25,12.875],"tintindex":0,"rotation":0,"texture":"#0"},"north":{"uv":[12.5,12.375,12.75,12.625],"tintindex":0,"rotation":0,"texture":"#0"},"west":{"uv":[0.75,10.125,0.875,10.375],"tintindex":0,"rotation":0,"texture":"#0"},"up":{"uv":[12.625,8.375,12.375,8.25],"tintindex":0,"rotation":0,"texture":"#0"},"down":{"uv":[13.0,8.0,12.75,8.125],"tintindex":0,"rotation":0,"texture":"#0"}},"rotation":{"origin":[6.6657543,3.8515205,3.1294208],"angle":-22.5,"axis":"z"}},{"from":[1.886488,6.5727196,14.356884],"to":[4.8712864,10.344719,17.620483],"faces":{"east":{"uv":[6.625,12.125,7.0,12.625],"tintindex":0,"rotation":0,"texture":"#0"},"south":{"uv":[7.0,12.125,7.375,12.625],"tintindex":0,"rotation":0,"texture":"#0"},"north":{"uv":[0.0,12.125,0.375,12.625],"tintindex":0,"rotation":0,"texture":"#0"},"west":{"uv":[7.375,12.125,7.75,12.625],"tintindex":0,"rotation":0,"texture":"#0"},"up":{"uv":[12.625,4.625,12.25,4.25],"tintindex":0,"rotation":0,"texture":"#0"},"down":{"uv":[10.625,12.25,10.25,12.625],"tintindex":0,"rotation":0,"texture":"#0"}},"rotation":{"origin":[6.6657543,3.8515205,3.1294208],"angle":-45.0,"axis":"y"}},{"from":[-7.0636826,6.5727196,6.216327],"to":[-2.4388847,10.754719,9.889927],"faces":{"east":{"uv":[2.125,11.75,2.625,12.25],"tintindex":0,"rotation":0,"texture":"#0"},"south":{"uv":[6.125,11.125,6.75,11.625],"tintindex":0,"rotation":0,"texture":"#0"},"north":{"uv":[9.0,4.25,9.625,4.75],"tintindex":0,"rotation":0,"texture":"#0"},"west":{"uv":[5.625,11.75,6.125,12.25],"tintindex":0,"rotation":0,"texture":"#0"},"up":{"uv":[7.375,11.625,6.75,11.125],"tintindex":0,"rotation":0,"texture":"#0"},"down":{"uv":[10.0,11.125,9.375,11.625],"tintindex":0,"rotation":0,"texture":"#0"}}},{"from":[-5.076687,6.5727196,-4.39847],"to":[-2.0918846,10.344719,-1.1348705],"faces":{"east":{"uv":[8.625,12.0,9.0,12.5],"tintindex":0,"rotation":0,"texture":"#0"},"south":{"uv":[10.875,12.0,11.25,12.5],"tintindex":0,"rotation":0,"texture":"#0"},"north":{"uv":[5.25,12.0,5.625,12.5],"tintindex":0,"rotation":0,"texture":"#0"},"west":{"uv":[11.25,12.0,11.625,12.5],"tintindex":0,"rotation":0,"texture":"#0"},"up":{"uv":[9.75,7.375,9.375,7.0],"tintindex":0,"rotation":0,"texture":"#0"},"down":{"uv":[2.5,10.25,2.125,10.625],"tintindex":0,"rotation":0,"texture":"#0"}},"rotation":{"origin":[6.6657543,3.8515205,3.1294208],"angle":45.0,"axis":"y"}},{"from":[-9.528389,8.71146,10.156594],"to":[-7.1831856,10.43346,11.534194],"faces":{"east":{"uv":[9.75,12.5,9.875,12.75],"tintindex":0,"rotation":0,"texture":"#0"},"south":{"uv":[6.875,12.625,7.125,12.875],"tintindex":0,"rotation":0,"texture":"#0"},"north":{"uv":[6.625,12.625,6.875,12.875],"tintindex":0,"rotation":0,"texture":"#0"},"west":{"uv":[10.5,12.625,10.625,12.875],"tintindex":0,"rotation":0,"texture":"#0"},"up":{"uv":[13.0,10.25,12.75,10.125],"tintindex":0,"rotation":0,"texture":"#0"},"down":{"uv":[13.0,10.25,12.75,10.375],"tintindex":0,"rotation":0,"texture":"#0"}}},{"from":[-10.297756,0.16867447,3.3463273],"to":[-7.312954,1.8906746,4.986327],"faces":{"east":{"uv":[6.0,12.625,6.25,12.875],"tintindex":0,"rotation":0,"texture":"#0"},"south":{"uv":[1.5,12.5,1.875,12.75],"tintindex":0,"rotation":0,"texture":"#0"},"north":{"uv":[1.125,12.5,1.5,12.75],"tintindex":0,"rotation":0,"texture":"#0"},"west":{"uv":[6.25,12.625,6.5,12.875],"tintindex":0,"rotation":0,"texture":"#0"},"up":{"uv":[12.875,2.75,12.5,2.5],"tintindex":0,"rotation":0,"texture":"#0"},"down":{"uv":[12.875,4.875,12.5,5.125],"tintindex":0,"rotation":0,"texture":"#0"}},"rotation":{"origin":[6.6657543,3.8515205,3.1294208],"angle":-22.5,"axis":"z"}},{"from":[-9.351662,-5.958803,3.7563272],"to":[-7.596863,-5.0568027,4.5763273],"faces":{"east":{"uv":[8.0,5.25,8.125,5.375],"tintindex":0,"rotation":0,"texture":"#0"},"south":{"uv":[9.375,12.75,9.625,12.875],"tintindex":0,"rotation":0,"texture":"#0"},"north":{"uv":[9.125,12.75,9.375,12.875],"tintindex":0,"rotation":0,"texture":"#0"},"west":{"uv":[3.0,8.375,3.125,8.5],"tintindex":0,"rotation":0,"texture":"#0"},"up":{"uv":[9.875,12.875,9.625,12.75],"tintindex":0,"rotation":0,"texture":"#0"},"down":{"uv":[10.125,12.75,9.875,12.875],"tintindex":0,"rotation":0,"texture":"#0"}},"rotation":{"origin":[6.6657543,3.8515205,3.1294208],"angle":-45.0,"axis":"z"}},{"from":[-7.1831856,7.0714607,4.9905944],"to":[-4.608387,10.43346,11.534194],"faces":{"east":{"uv":[10.875,6.375,11.75,6.75],"tintindex":0,"rotation":0,"texture":"#0"},"south":{"uv":[0.375,12.375,0.75,12.75],"tintindex":0,"rotation":0,"texture":"#0"},"north":{"uv":[12.25,10.375,12.625,10.75],"tintindex":0,"rotation":0,"texture":"#0"},"west":{"uv":[7.5,11.0,8.375,11.375],"tintindex":0,"rotation":0,"texture":"#0"},"up":{"uv":[1.75,11.875,1.375,11.0],"tintindex":0,"rotation":0,"texture":"#0"},"down":{"uv":[2.125,11.0,1.75,11.875],"tintindex":0,"rotation":0,"texture":"#0"}}},{"from":[-6.435356,20.583828,7.122594],"to":[-4.0901566,21.485825,7.680194],"faces":{"east":{"uv":[10.5,4.125,10.625,4.25],"tintindex":0,"rotation":0,"texture":"#0"},"south":{"uv":[12.875,0.75,13.125,0.875],"tintindex":0,"rotation":0,"texture":"#0"},"north":{"uv":[12.875,0.625,13.125,0.75],"tintindex":0,"rotation":0,"texture":"#0"},"west":{"uv":[0.75,10.625,0.875,10.75],"tintindex":0,"rotation":0,"texture":"#0"},"up":{"uv":[13.125,1.0,12.875,0.875],"tintindex":0,"rotation":0,"texture":"#0"},"down":{"uv":[13.125,1.0,12.875,1.125],"tintindex":0,"rotation":0,"texture":"#0"}},"rotation":{"origin":[6.6657543,3.8515205,3.1294208],"angle":45.0,"axis":"z"}},{"from":[-6.508877,5.75272,8.603111],"to":[-3.5240746,7.47472,10.243112],"faces":{"east":{"uv":[12.625,4.0,12.875,4.25],"tintindex":0,"rotation":0,"texture":"#0"},"south":{"uv":[12.375,10.125,12.75,10.375],"tintindex":0,"rotation":0,"texture":"#0"},"north":{"uv":[12.375,8.0,12.75,8.25],"tintindex":0,"rotation":0,"texture":"#0"},"west":{"uv":[12.625,4.25,12.875,4.5],"tintindex":0,"rotation":0,"texture":"#0"},"up":{"uv":[12.75,11.375,12.375,11.125],"tintindex":0,"rotation":0,"texture":"#0"},"down":{"uv":[12.5,12.375,12.125,12.625],"tintindex":0,"rotation":0,"texture":"#0"}},"rotation":{"origin":[6.6657543,3.8515205,3.1294208],"angle":-22.5,"axis":"y"}},{"from":[-8.887436,3.5221329,4.9905944],"to":[-7.362236,5.244133,6.368194],"faces":{"east":{"uv":[1.375,10.75,1.5,11.0],"tintindex":0,"rotation":0,"texture":"#0"},"south":{"uv":[12.625,3.75,12.875,4.0],"tintindex":0,"rotation":0,"texture":"#0"},"north":{"uv":[12.625,3.5,12.875,3.75],"tintindex":0,"rotation":0,"texture":"#0"},"west":{"uv":[4.125,10.75,4.25,11.0],"tintindex":0,"rotation":0,"texture":"#0"},"up":{"uv":[8.875,12.875,8.625,12.75],"tintindex":0,"rotation":0,"texture":"#0"},"down":{"uv":[9.125,12.75,8.875,12.875],"tintindex":0,"rotation":0,"texture":"#0"}},"rotation":{"origin":[6.6657543,3.8515205,3.1294208],"angle":-22.5,"axis":"z"}},{"from":[-5.2053566,20.173824,8.844594],"to":[-2.860157,21.075825,9.402194],"faces":{"east":{"uv":[8.0,8.875,8.125,9.0],"tintindex":0,"rotation":0,"texture":"#0"},"south":{"uv":[12.75,12.375,13.0,12.5],"tintindex":0,"rotation":0,"texture":"#0"},"north":{"uv":[11.75,12.75,12.0,12.875],"tintindex":0,"rotation":0,"texture":"#0"},"west":{"uv":[8.75,9.25,8.875,9.375],