{"textures":{"0":"modelengine:entity/shadowguardian","particle":"#0"},"elements":[{"from":[23.362236,3.5221329,6.712594],"to":[24.887436,5.244133,8.090195],"faces":{"east":{"uv":[12.875,4.875,13.0,5.125],"tintindex":0,"rotation":0,"texture":"#0"},"south":{"uv":[12.0,12.625,12.25,12.875],"tintindex":0,"rotation":0,"texture":"#0"},"north":{"uv":[12.625,11.5,12.875,11.75],"tintindex":0,"rotation":0,"texture":"#0"},"west":{"uv":[12.875,5.125,13.0,5.375],"tintindex":0,"rotation":0,"texture":"#0"},"up":{"uv":[5.5,13.0,5.25,12.875],"tintindex":0,"rotation":0,"texture":"#0"},"down":{"uv":[13.125,5.375,12.875,5.5],"tintindex":0,"rotation":0,"texture":"#0"}},"rotation":{"origin":[9.334246,3.8515205,3.1294208],"angle":22.5,"axis":"z"}},{"from":[11.128714,6.5727196,14.356884],"to":[14.113512,10.344719,17.620483],"faces":{"east":{"uv":[12.25,7.5,12.625,8.0],"tintindex":0,"rotation":0,"texture":"#0"},"south":{"uv":[9.0,12.25,9.375,12.75],"tintindex":0,"rotation":0,"texture":"#0"},"north":{"uv":[5.625,12.25,6.0,12.75],"tintindex":0,"rotation":0,"texture":"#0"},"west":{"uv":[9.875,12.25,10.25,12.75],"tintindex":0,"rotation":0,"texture":"#0"},"up":{"uv":[3.75,12.75,3.375,12.375],"tintindex":0,"rotation":0,"texture":"#0"},"down":{"uv":[4.125,12.375,3.75,12.75],"tintindex":0,"rotation":0,"texture":"#0"}},"rotation":{"origin":[9.334246,3.8515205,3.1294208],"angle":45.0,"axis":"y"}},{"from":[22.673618,14.6698265,6.712594],"to":[26.248817,16.391827,8.090195],"faces":{"east":{"uv":[9.875,12.875,10.0,13.125],"tintindex":0,"rotation":0,"texture":"#0"},"south":{"uv":[6.0,12.375,6.5,12.625],"tintindex":0,"rotation":0,"texture":"#0"},"north":{"uv":[12.375,0.375,12.875,0.625],"tintindex":0,"rotation":0,"texture":"#0"},"west":{"uv":[12.875,9.875,13.0,10.125],"tintindex":0,"rotation":0,"texture":"#0"},"up":{"uv":[13.125,10.75,12.625,10.625],"tintindex":0,"rotation":0,"texture":"#0"},"down":{"uv":[13.125,11.75,12.625,11.875],"tintindex":0,"rotation":0,"texture":"#0"}},"rotation":{"origin":[9.334246,3.8515205,3.1294208],"angle":-22.5,"axis":"z"}},{"from":[18.860157,20.173824,8.844594],"to":[21.205357,21.075825,9.402194],"faces":{"east":{"uv":[6.0,12.25,6.125,12.375],"tintindex":0,"rotation":0,"texture":"#0"},"south":{"uv":[9.25,12.875,9.5,13.0],"tintindex":0,"rotation":0,"texture":"#0"},"north":{"uv":[12.875,9.125,13.125,9.25],"tintindex":0,"rotation":0,"texture":"#0"},"west":{"uv":[8.25,12.375,8.375,12.5],"tintindex":0,"rotation":0,"texture":"#0"},"up":{"uv":[13.125,9.375,12.875,9.25],"tintindex":0,"rotation":0,"texture":"#0"},"down":{"uv":[13.125,9.375,12.875,9.5],"tintindex":0,"rotation":0,"texture":"#0"}},"rotation":{"origin":[9.334246,3.8515205,3.1294208],"angle":-45.0,"axis":"z"}},{"from":[23.183186,8.71146,8.434594],"to":[26.348389,10.43346,9.812194],"faces":{"east":{"uv":[12.875,7.625,13.0,7.875],"tintindex":0,"rotation":0,"texture":"#0"},"south":{"uv":[12.5,12.125,12.875,12.375],"tintindex":0,"rotation":0,"texture":"#0"},"north":{"uv":[12.5,11.875,12.875,12.125],"tintindex":0,"rotation":0,"texture":"#0"},"west":{"uv":[7.75,12.875,7.875,13.125],"tintindex":0,"rotation":0,"texture":"#0"},"up":{"uv":[8.0,12.875,7.625,12.75],"tintindex":0,"rotation":0,"texture":"#0"},"down":{"uv":[8.375,12.75,8.0,12.875],"tintindex":0,"rotation":0,"texture":"#0"}}},{"from":[20.090157,20.583828,7.122594],"to":[22.435356,21.485825,7.680194],"faces":{"east":{"uv":[12.5,7.375,12.625,7.5],"tintindex":0,"rotation":0,"texture":"#0"},"south":{"uv":[12.875,10.375,13.125,10.5],"tintindex":0,"rotation":0,"texture":"#0"},"north":{"uv":[10.25,12.875,10.5,13.0],"tintindex":0,"rotation":0,"texture":"#0"},"west":{"uv":[12.0,12.5,12.125,12.625],"tintindex":0,"rotation":0,"texture":"#0"},"up":{"uv":[13.125,10.625,12.875,10.5],"tintindex":0,"rotation":0,"texture":"#0"},"down":{"uv":[11.125,12.875,10.875,13.0],"tintindex":0,"rotation":0,"texture":"#0"}},"rotation":{"origin":[9.334246,3.8515205,3.1294208],"angle":-45.0,"axis":"z"}},{"from":[20.608387,7.0714607,4.9905944],"to":[23.183186,10.43346,11.534194],"faces":{"east":{"uv":[11.125,0.0,12.0,0.375],"tintindex":0,"rotation":0,"texture":"#0"},"south":{"uv":[4.875,12.375,5.25,12.75],"tintindex":0,"rotation":0,"texture":"#0"},"north":{"uv":[4.5,12.375,4.875,12.75],"tintindex":0,"rotation":0,"texture":"#0"},"west":{"uv":[11.125,1.375,12.0,1.75],"tintindex":0,"rotation":0,"texture":"#0"},"up":{"uv":[5.25,12.0,4.875,11.125],"tintindex":0,"rotation":0,"texture":"#0"},"down":{"uv":[5.625,11.125,5.25,12.0],"tintindex":0,"rotation":0,"texture":"#0"}}},{"from":[22.673618,14.6698265,4.9905944],"to":[25.428818,16.391827,6.368194],"faces":{"east":{"uv":[12.875,7.125,13.0,7.375],"tintindex":0,"rotation":0,"texture":"#0"},"south":{"uv":[7.75,12.5,8.125,12.75],"tintindex":0,"rotation":0,"texture":"#0"},"north":{"uv":[12.5,7.125,12.875,7.375],"tintindex":0,"rotation":0,"texture":"#0"},"west":{"uv":[7.25,12.875,7.375,13.125],"tintindex":0,"rotation":0,"texture":"#0"},"up":{"uv":[5.625,12.875,5.25,12.75],"tintindex":0,"rotation":0,"texture":"#0"},"down":{"uv":[6.0,12.75,5.625,12.875],"tintindex":0,"rotation":0,"texture":"#0"}},"rotation":{"origin":[9.334246,3.8515205,3.1294208],"angle":-22.5,"axis":"z"}},{"from":[21.853619,14.259827,10.156594],"to":[24.198818,15.981823,11.534194],"faces":{"east":{"uv":[8.875,12.875,9.0,13.125],"tintindex":0,"rotation":0,"texture":"#0"},"south":{"uv":[3.75,12.75,4.0,13.0],"tintindex":0,"rotation":0,"texture":"#0"},"north":{"uv":[3.5,12.75,3.75,13.0],"tintindex":0,"rotation":0,"texture":"#0"},"west":{"uv":[12.875,8.875,13.0,9.125],"tintindex":0,"rotation":0,"texture":"#0"},"up":{"uv":[13.125,8.75,12.875,8.625],"tintindex":0,"rotation":0,"texture":"#0"},"down":{"uv":[9.25,12.875,9.0,13.0],"tintindex":0,"rotation":0,"texture":"#0"}},"rotation":{"origin":[9.334246,3.8515205,3.1294208],"angle":-22.5,"axis":"z"}},{"from":[14.185278,0.87200546,7.535821],"to":[17.465277,5.7920036,12.455821],"faces":{"east":{"uv":[10.125,10.5,10.75,11.125],"tintindex":0,"rotation":0,"texture":"#0"},"south":{"uv":[11.875,2.75,12.25,3.375],"tintindex":0,"rotation":0,"texture":"#0"},"north":{"uv":[1.5,11.875,1.875,12.5],"tintindex":0,"rotation":0,"texture":"#0"},"west":{"uv":[2.125,10.625,2.75,11.25],"tintindex":0,"rotation":0,"texture":"#0"},"up":{"uv":[12.25,4.0,11.875,3.375],"tintindex":0,"rotation":0,"texture":"#0"},"down":{"uv":[12.25,4.0,11.875,4.625],"tintindex":0,"rotation":0,"texture":"#0"}},"rotation":{"origin":[9.334246,3.8515205,3.1294208],"angle":-45.0,"axis":"x"}},{"from":[19.524075,5.75272,8.603111],"to":[22.508877,7.47472,10.243112],"faces":{"east":{"uv":[12.75,2.125,13.0,2.375],"tintindex":0,"rotation":0,"texture":"#0"},"south":{"uv":[8.5,12.5,8.875,12.75],"tintindex":0,"rotation":0,"texture":"#0"},"north":{"uv":[8.125,12.5,8.5,12.75],"tintindex":0,"rotation":0,"texture":"#0"},"west":{"uv":[2.25,12.75,2.5,13.0],"tintindex":0,"rotation":0,"texture":"#0"},"up":{"uv":[12.875,9.125,12.5,8.875],"tintindex":0,"rotation":0,"texture":"#0"},"down":{"uv":[9.75,12.5,9.375,12.75],"tintindex":0,"rotation":0,"texture":"#0"}},"rotation":{"origin":[9.334246,3.8515205,3.1294208],"angle":22.5,"axis":"y"}},{"from":[22.673618,14.6698265,8.434594],"to":[25.018818,16.391827,9.812194],"faces":{"east":{"uv":[9.5,12.875,9.625,13.125],"tintindex":0,"rotation":0,"texture":"#0"},"south":{"uv":[4.25,12.75,4.5,13.0],"tintindex":0,"rotation":0,"texture":"#0"},"north":{"uv":[4.0,12.75,4.25,13.0],"tintindex":0,"rotation":0,"texture":"#0"},"west":{"uv":[12.875,9.5,13.0,9.75],"tintindex":0,"rotation":0,"texture":"#0"},"up":{"uv":[9.875,13.0,9.625,12.875],"tintindex":0,"rotation":0,"texture":"#0"},"down":{"uv":[13.125,9.75,12.875,9.875],"tintindex":0,"rotation":0,"texture":"#0"}},"rotation":{"origin":[9.334246,3.8515205,3.1294208],"angle":-22.5,"axis":"z"}},{"from":[18.438885,6.5727196,6.216327],"to":[23.063683,10.754719,9.889927],"faces":{"east":{"uv":[10.375,11.75,10.875,12.25],"tintindex":0,"rotation":0,"texture":"#0"},"south":{"uv":[11.25,3.375,11.875,3.875],"tintindex":0,"rotation":0,