{"textures":{"0":"modelengine:entity/shadowguardian","particle":"#0"},"elements":[{"from":[11.724035,2.8255768,11.470461],"to":[13.7740345,4.465576,12.700461],"faces":{"east":{"uv":[12.875,3.75,13.0,4.0],"tintindex":0,"rotation":0,"texture":"#0"},"south":{"uv":[12.625,10.875,12.875,11.125],"tintindex":0,"rotation":0,"texture":"#0"},"north":{"uv":[12.625,10.375,12.875,10.625],"tintindex":0,"rotation":0,"texture":"#0"},"west":{"uv":[12.875,4.0,13.0,4.25],"tintindex":0,"rotation":0,"texture":"#0"},"up":{"uv":[13.125,4.375,12.875,4.25],"tintindex":0,"rotation":0,"texture":"#0"},"down":{"uv":[13.125,4.375,12.875,4.5],"tintindex":0,"rotation":0,"texture":"#0"}},"rotation":{"origin":[14.992365,2.836712,3.8830318],"angle":-45.0,"axis":"x"}},{"from":[10.084035,6.1617546,5.1843634],"to":[19.924034,9.031754,8.874363],"faces":{"east":{"uv":[7.75,12.125,8.25,12.5],"tintindex":0,"rotation":0,"texture":"#0"},"south":{"uv":[10.0,9.375,11.25,9.75],"tintindex":0,"rotation":0,"texture":"#0"},"north":{"uv":[10.0,3.75,11.25,4.125],"tintindex":0,"rotation":0,"texture":"#0"},"west":{"uv":[9.375,12.125,9.875,12.5],"tintindex":0,"rotation":0,"texture":"#0"},"up":{"uv":[10.25,1.625,9.0,1.125],"tintindex":0,"rotation":0,"texture":"#0"},"down":{"uv":[10.25,2.5,9.0,3.0],"tintindex":0,"rotation":0,"texture":"#0"}}},{"from":[4.6740737,8.072647,0.38267374],"to":[12.874074,10.942646,3.252674],"faces":{"east":{"uv":[0.75,12.375,1.125,12.75],"tintindex":0,"rotation":0,"texture":"#0"},"south":{"uv":[10.75,8.0,11.75,8.375],"tintindex":0,"rotation":0,"texture":"#0"},"north":{"uv":[10.75,7.625,11.75,8.0],"tintindex":0,"rotation":0,"texture":"#0"},"west":{"uv":[12.375,1.625,12.75,2.0],"tintindex":0,"rotation":0,"texture":"#0"},"up":{"uv":[11.75,10.75,10.75,10.375],"tintindex":0,"rotation":0,"texture":"#0"},"down":{"uv":[11.75,10.75,10.75,11.125],"tintindex":0,"rotation":0,"texture":"#0"}},"rotation":{"origin":[14.992365,2.836712,3.8830318],"angle":45.0,"axis":"x"}},{"from":[13.364035,8.374142,0.6141677],"to":[16.644035,10.424141,2.6641674],"faces":{"east":{"uv":[12.625,8.25,12.875,8.5],"tintindex":0,"rotation":0,"texture":"#0"},"south":{"uv":[12.5,6.375,12.875,6.625],"tintindex":0,"rotation":0,"texture":"#0"},"north":{"uv":[12.5,5.875,12.875,6.125],"tintindex":0,"rotation":0,"texture":"#0"},"west":{"uv":[12.625,8.5,12.875,8.75],"tintindex":0,"rotation":0,"texture":"#0"},"up":{"uv":[12.875,6.875,12.5,6.625],"tintindex":0,"rotation":0,"texture":"#0"},"down":{"uv":[12.875,6.875,12.5,7.125],"tintindex":0,"rotation":0,"texture":"#0"}},"rotation":{"origin":[14.992365,2.836712,3.8830318],"angle":45.0,"axis":"x"}},{"from":[11.724035,4.465576,11.470461],"to":[15.414036,6.1055756,12.700461],"faces":{"east":{"uv":[12.875,3.25,13.0,3.5],"tintindex":0,"rotation":0,"texture":"#0"},"south":{"uv":[12.0,8.875,12.5,9.125],"tintindex":0,"rotation":0,"texture":"#0"},"north":{"uv":[12.0,6.75,12.5,7.0],"tintindex":0,"rotation":0,"texture":"#0"},"west":{"uv":[12.875,3.5,13.0,3.75],"tintindex":0,"rotation":0,"texture":"#0"},"up":{"uv":[13.125,0.375,12.625,0.25],"tintindex":0,"rotation":0,"texture":"#0"},"down":{"uv":[13.125,4.5,12.625,4.625],"tintindex":0,"rotation":0,"texture":"#0"}},"rotation":{"origin":[14.992365,2.836712,3.8830318],"angle":-45.0,"axis":"x"}},{"from":[11.724035,8.784142,-0.6158333],"to":[15.414036,11.65414,0.6141677],"faces":{"east":{"uv":[6.25,8.125,6.375,8.5],"tintindex":0,"rotation":0,"texture":"#0"},"south":{"uv":[11.625,12.125,12.125,12.5],"tintindex":0,"rotation":0,"texture":"#0"},"north":{"uv":[12.125,11.5,12.625,11.875],"tintindex":0,"rotation":0,"texture":"#0"},"west":{"uv":[3.875,8.5,4.0,8.875],"tintindex":0,"rotation":0,"texture":"#0"},"up":{"uv":[12.75,10.875,12.25,10.75],"tintindex":0,"rotation":0,"texture":"#0"},"down":{"uv":[12.875,11.375,12.375,11.5],"tintindex":0,"rotation":0,"texture":"#0"}},"rotation":{"origin":[14.992365,2.836712,3.8830318],"angle":45.0,"axis":"x"}},{"from":[6.804035,6.3241425,-1.8458328],"to":[10.084035,12.88414,4.7141676],"faces":{"east":{"uv":[7.375,3.125,8.25,4.0],"tintindex":0,"rotation":0,"texture":"#0"},"south":{"uv":[4.5,11.0,4.875,11.875],"tintindex":0,"rotation":0,"texture":"#0"},"north":{"uv":[4.125,11.0,4.5,11.875],"tintindex":0,"rotation":0,"texture":"#0"},"west":{"uv":[7.375,4.0,8.25,4.875],"tintindex":0,"rotation":0,"texture":"#0"},"up":{"uv":[3.125,12.0,2.75,11.125],"tintindex":0,"rotation":0,"texture":"#0"},"down":{"uv":[3.5,11.125,3.125,12.0],"tintindex":0,"rotation":0,"texture":"#0"}},"rotation":{"origin":[14.992365,2.836712,3.8830318],"angle":45.0,"axis":"x"}},{"from":[11.724035,7.144142,-0.6158333],"to":[13.7740345,8.784142,0.6141677],"faces":{"east":{"uv":[12.875,2.5,13.0,2.75],"tintindex":0,"rotation":0,"texture":"#0"},"south":{"uv":[10.25,12.625,10.5,12.875],"tintindex":0,"rotation":0,"texture":"#0"},"north":{"uv":[12.625,9.125,12.875,9.375],"tintindex":0,"rotation":0,"texture":"#0"},"west":{"uv":[12.875,2.75,13.0,3.0],"tintindex":0,"rotation":0,"texture":"#0"},"up":{"uv":[13.125,3.125,12.875,3.0],"tintindex":0,"rotation":0,"texture":"#0"},"down":{"uv":[13.125,3.125,12.875,3.25],"tintindex":0,"rotation":0,"texture":"#0"}},"rotation":{"origin":[14.992365,2.836712,3.8830318],"angle":45.0,"axis":"x"}}],"display":{"head":{"rotation":[0.0,0.0,0.0]},"firstperson_righthand":{"rotation":[0.0,0.0,0.0]},"thirdperson_lefthand":{"rotation":[0.0,-0.0,-0.0]},"firstperson_lefthand":{"rotation":[0.0,-0.0,-0.0]},"fixed":{"rotation":[0.0,0.0,0.0]},"ground":{"rotation":[0.0,0.0,0.0]},"thirdperson_righthand":{"rotation":[0.0,0.0,0.0]},"gui":{"rotation":[-150.0,-45.0,180.0]}}}