{"textures":{"0":"modelengine:entity/creature_minion","particle":"#0"},"elements":[{"from":[12.227508,7.983027,3.9067645],"to":[16.670149,12.425668,10.106765],"faces":{"east":{"uv":[13.5,15.5,14.25,16.0],"tintindex":0,"rotation":0,"texture":"#0"},"south":{"uv":[15.5,15.5,16.0,16.0],"tintindex":0,"rotation":0,"texture":"#0"},"north":{"uv":[14.25,15.5,14.75,16.0],"tintindex":0,"rotation":0,"texture":"#0"},"west":{"uv":[14.75,15.5,15.5,16.0],"tintindex":0,"rotation":0,"texture":"#0"},"up":{"uv":[14.75,15.5,14.25,14.75],"tintindex":0,"rotation":0,"texture":"#0"},"down":{"uv":[15.25,14.75,14.75,15.5],"tintindex":0,"rotation":0,"texture":"#0"}},"rotation":{"origin":[17.070148,9.325667,7.0067644],"angle":45.0,"axis":"z"}},{"from":[1.3952755,5.034856,3.9067645],"to":[14.595275,11.234856,10.106765],"faces":{"east":{"uv":[11.25,0.75,12.0,1.5],"tintindex":0,"rotation":0,"texture":"#0"},"south":{"uv":[14.375,0.75,16.0,1.5],"tintindex":0,"rotation":0,"texture":"#0"},"north":{"uv":[12.0,0.75,13.625,1.5],"tintindex":0,"rotation":0,"texture":"#0"},"west":{"uv":[13.625,0.75,14.375,1.5],"tintindex":0,"rotation":0,"texture":"#0"},"up":{"uv":[13.625,0.75,12.0,0.0],"tintindex":0,"rotation":0,"texture":"#0"},"down":{"uv":[15.25,0.0,13.625,0.75],"tintindex":0,"rotation":0,"texture":"#0"}}},{"from":[12.226507,8.123447,4.0057645],"to":[16.471148,12.368089,10.007765],"faces":{"east":{"uv":[3.375,6.625,4.125,7.125],"tintindex":0,"rotation":0,"texture":"#0"},"south":{"uv":[2.5,7.125,3.0,7.625],"tintindex":0,"rotation":0,"texture":"#0"},"north":{"uv":[7.125,2.0,7.625,2.5],"tintindex":0,"rotation":0,"texture":"#0"},"west":{"uv":[6.75,3.5,7.5,4.0],"tintindex":0,"rotation":0,"texture":"#0"},"up":{"uv":[0.5,7.625,0.0,6.875],"tintindex":0,"rotation":0,"texture":"#0"},"down":{"uv":[7.375,0.0,6.875,0.75],"tintindex":0,"rotation":0,"texture":"#0"}},"rotation":{"origin":[16.970148,9.367088,7.0067644],"angle":45.0,"axis":"z"}},{"from":[1.4952755,5.1348557,4.0067644],"to":[14.495275,11.134855,10.006764],"faces":{"east":{"uv":[0.0,5.125,0.75,5.875],"tintindex":0,"rotation":0,"texture":"#0"},"south":{"uv":[1.625,4.125,3.25,4.875],"tintindex":0,"rotation":0,"texture":"#0"},"north":{"uv":[0.0,3.5,1.625,4.25],"tintindex":0,"rotation":0,"texture":"#0"},"west":{"uv":[4.75,5.375,5.5,6.125],"tintindex":0,"rotation":0,"texture":"#0"},"up":{"uv":[5.75,3.0,4.125,2.25],"tintindex":0,"rotation":0,"texture":"#0"},"down":{"uv":[4.875,4.125,3.25,4.875],"tintindex":0,"rotation":0,"texture":"#0"}}}],"display":{"head":{"rotation":[0.0,0.0,0.0]},"firstperson_righthand":{"rotation":[0.0,0.0,0.0]},"thirdperson_lefthand":{"rotation":[0.0,-0.0,-0.0]},"firstperson_lefthand":{"rotation":[0.0,-0.0,-0.0]},"fixed":{"rotation":[0.0,0.0,0.0]},"ground":{"rotation":[0.0,0.0,0.0]},"thirdperson_righthand":{"rotation":[0.0,0.0,0.0]},"gui":{"rotation":[-150.0,-45.0,180.0]}}}