{"textures":{"0":"modelengine:entity/hastur","particle":"#0"},"elements":[{"from":[1.6550002,7.147517,-0.1900034],"to":[14.344999,18.427517,-0.1900034],"faces":{"south":{"uv":[2.5,4.0,3.625,5.0],"tintindex":0,"rotation":0,"texture":"#0"},"north":{"uv":[3.625,4.0,2.5,5.0],"tintindex":0,"rotation":0,"texture":"#0"}},"rotation":{"origin":[6.59,23.01794,4.361023],"angle":-45.0,"axis":"x"}},{"from":[14.344999,7.147517,-7.2400036],"to":[14.344999,18.427517,-0.1900034],"faces":{"east":{"uv":[6.875,3.375,6.25,4.375],"tintindex":0,"rotation":0,"texture":"#0"},"west":{"uv":[6.25,3.375,6.875,4.375],"tintindex":0,"rotation":0,"texture":"#0"}},"rotation":{"origin":[6.59,23.01794,4.361023],"angle":-45.0,"axis":"x"}},{"from":[1.6550002,7.147517,-7.2400036],"to":[1.6550002,18.427517,-0.1900034],"faces":{"east":{"uv":[6.875,3.375,6.25,4.375],"tintindex":0,"rotation":0,"texture":"#0"},"west":{"uv":[6.25,3.375,6.875,4.375],"tintindex":0,"rotation":0,"texture":"#0"}},"rotation":{"origin":[6.59,23.01794,4.361023],"angle":-45.0,"axis":"x"}},{"from":[1.6550002,7.147517,-7.2400036],"to":[14.344999,18.427517,-7.2400036],"faces":{"south":{"uv":[2.5,4.0,3.625,5.0],"tintindex":0,"rotation":0,"texture":"#0"},"north":{"uv":[3.625,4.0,2.5,5.0],"tintindex":0,"rotation":0,"texture":"#0"}},"rotation":{"origin":[6.59,23.01794,4.361023],"angle":-45.0,"axis":"x"}}],"display":{"head":{"rotation":[0.0,0.0,0.0]},"firstperson_righthand":{"rotation":[0.0,0.0,0.0]},"thirdperson_lefthand":{"rotation":[0.0,-0.0,-0.0]},"firstperson_lefthand":{"rotation":[0.0,-0.0,-0.0]},"fixed":{"rotation":[0.0,0.0,0.0]},"ground":{"rotation":[0.0,0.0,0.0]},"thirdperson_righthand":{"rotation":[0.0,0.0,0.0]},"gui":{"rotation":[-150.0,-45.0,180.0]}}}