{"textures":{"0":"modelengine:entity/mars","particle":"#0"},"elements":[{"from":[7.525,3.740118,-0.087257385],"to":[8.475,8.490118,1.512743],"faces":{"east":{"uv":[11.875,12.125,12.0625,12.71875],"tintindex":0,"rotation":0,"texture":"#0"},"south":{"uv":[1.4375,12.625,1.5625,13.21875],"tintindex":0,"rotation":0,"texture":"#0"},"north":{"uv":[7.4375,12.5625,7.5625,13.15625],"tintindex":0,"rotation":0,"texture":"#0"},"west":{"uv":[12.1875,1.0625,12.375,1.65625],"tintindex":0,"rotation":0,"texture":"#0"},"up":{"uv":[7.5625,1.125,7.4375,0.9375],"tintindex":0,"rotation":0,"texture":"#0"},"down":{"uv":[5.875,8.8125,5.75,9.0],"tintindex":0,"rotation":0,"texture":"#0"}},"rotation":{"origin":[8.0,6.115118,0.71274185],"angle":-22.5,"axis":"x"}},{"from":[7.6125,4.457389,-8.968626],"to":[8.3875,8.457389,0.031373978],"faces":{"east":{"uv":[6.0625,0.0,7.1875,0.5],"tintindex":0,"rotation":0,"texture":"#0"},"south":{"uv":[3.0625,12.875,3.15625,13.375],"tintindex":0,"rotation":0,"texture":"#0"},"north":{"uv":[1.1875,9.0625,1.28125,9.5625],"tintindex":0,"rotation":0,"texture":"#0"},"west":{"uv":[6.3125,2.9375,7.4375,3.4375],"tintindex":0,"rotation":0,"texture":"#0"},"up":{"uv":[9.78125,13.3125,9.6875,12.1875],"tintindex":0,"rotation":0,"texture":"#0"},"down":{"uv":[4.34375,12.25,4.25,13.375],"tintindex":0,"rotation":0,"texture":"#0"}}},{"from":[7.5375,3.6147575,0.88251114],"to":[8.4625,5.3147573,3.3825111],"faces":{"east":{"uv":[7.5625,12.625,7.875,12.84375],"tintindex":0,"rotation":0,"texture":"#0"},"south":{"uv":[10.3125,10.8125,10.4375,11.03125],"tintindex":0,"rotation":0,"texture":"#0"},"north":{"uv":[7.1875,10.6875,7.3125,10.90625],"tintindex":0,"rotation":0,"texture":"#0"},"west":{"uv":[12.625,8.75,12.9375,8.96875],"tintindex":0,"rotation":0,"texture":"#0"},"up":{"uv":[10.875,13.1875,10.75,12.875],"tintindex":0,"rotation":0,"texture":"#0"},"down":{"uv":[11.0,12.875,10.875,13.1875],"tintindex":0,"rotation":0,"texture":"#0"}}},{"from":[7.55,5.6216793,-3.760458],"to":[8.45,6.3716793,1.281374],"faces":{"east":{"uv":[12.5625,10.0,13.1875,10.09375],"tintindex":0,"rotation":0,"texture":"#0"},"south":{"uv":[13.0,5.1875,13.125,5.28125],"tintindex":0,"rotation":0,"texture":"#0"},"north":{"uv":[13.0,0.1875,13.125,0.28125],"tintindex":0,"rotation":0,"texture":"#0"},"west":{"uv":[12.75,2.9375,13.375,3.03125],"tintindex":0,"rotation":0,"texture":"#0"},"up":{"uv":[7.0,10.0,6.875,9.375],"tintindex":0,"rotation":0,"texture":"#0"},"down":{"uv":[5.75,9.75,5.625,10.375],"tintindex":0,"rotation":0,"texture":"#0"}}},{"from":[7.55,5.1461115,-9.628101],"to":[8.45,7.574301,-8.399912],"faces":{"east":{"uv":[7.0625,12.875,7.21875,13.1875],"tintindex":0,"rotation":0,"texture":"#0"},"south":{"uv":[1.9375,10.625,2.0625,10.9375],"tintindex":0,"rotation":0,"texture":"#0"},"north":{"uv":[8.0,0.625,8.125,0.9375],"tintindex":0,"rotation":0,"texture":"#0"},"west":{"uv":[7.25,12.875,7.40625,13.1875],"tintindex":0,"rotation":0,"texture":"#0"},"up":{"uv":[10.9375,10.15625,10.8125,10.0],"tintindex":0,"rotation":0,"texture":"#0"},"down":{"uv":[4.3125,10.875,4.1875,11.03125],"tintindex":0,"rotation":0,"texture":"#0"}},"rotation":{"origin":[8.0,6.3602057,-9.014008],"angle":-45.0,"axis":"x"}},{"from":[7.6,8.22485,-6.796873],"to":[8.4,8.97485,0.50312614],"faces":{"east":{"uv":[12.375,1.5625,13.28125,1.65625],"tintindex":0,"rotation":0,"texture":"#0"},"south":{"uv":[13.0625,0.5,13.15625,0.59375],"tintindex":0,"rotation":0,"texture":"#0"},"north":{"uv":[13.0,10.125,13.09375,10.21875],"tintindex":0,"rotation":0,"texture":"#0"},"west":{"uv":[12.375,4.0,13.28125,4.09375],"tintindex":0,"rotation":0,"texture":"#0"},"up":{"uv":[4.84375,13.28125,4.75,12.375],"tintindex":0,"rotation":0,"texture":"#0"},"down":{"uv":[6.09375,12.375,6.0,13.28125],"tintindex":0,"rotation":0,"texture":"#0"}}},{"from":[6.875,7.098505,2.2683048],"to":[9.125,8.866272,4.036072],"faces":{"east":{"uv":[12.875,7.9375,13.09375,8.15625],"tintindex":0,"rotation":0,"texture":"#0"},"south":{"uv":[12.75,2.0,13.03125,2.21875],"tintindex":0,"rotation":0,"texture":"#0"},"north":{"uv":[1.875,12.75,2.15625,12.96875],"tintindex":0,"rotation":0,"texture":"#0"},"west":{"uv":[10.1875,12.875,10.40625,13.09375],"tintindex":0,"rotation":0,"texture":"#0"},"up":{"uv":[13.03125,2.90625,12.75,2.6875],"tintindex":0,"rotation":0,"texture":"#0"},"down":{"uv":[13.03125,3.5,12.75,3.71875],"tintindex":0,"rotation":0,"texture":"#0"}},"rotation":{"origin":[8.0,7.9823885,3.1521893],"angle":45.0,"axis":"x"}},{"from":[6.925,6.7323885,0.15218925],"to":[9.075,9.2323885,3.1521893],"faces":{"east":{"uv":[11.875,11.25,12.25,11.5625],"tintindex":0,"rotation":0,"texture":"#0"},"south":{"uv":[12.4375,4.4375,12.71875,4.75],"tintindex":0,"rotation":0,"texture":"#0"},"north":{"uv":[1.875,12.4375,2.15625,12.75],"tintindex":0,"rotation":0,"texture":"#0"},"west":{"uv":[11.9375,0.1875,12.3125,0.5],"tintindex":0,"rotation":0,"texture":"#0"},"up":{"uv":[12.53125,10.125,12.25,9.75],"tintindex":0,"rotation":0,"texture":"#0"},"down":{"uv":[12.53125,11.1875,12.25,11.5625],"tintindex":0,"rotation":0,"texture":"#0"}}},{"from":[6.875,7.098505,-0.7316952],"to":[9.125,8.866272,1.0360718],"faces":{"east":{"uv":[7.5625,12.875,7.78125,13.09375],"tintindex":0,"rotation":0,"texture":"#0"},"south":{"uv":[12.75,0.5,13.03125,0.71875],"tintindex":0,"rotation":0,"texture":"#0"},"north":{"uv":[12.6875,11.6875,12.96875,11.90625],"tintindex":0,"rotation":0,"texture":"#0"},"west":{"uv":[7.8125,12.875,8.03125,13.09375],"tintindex":0,"rotation":0,"texture":"#0"},"up":{"uv":[13.03125,1.21875,12.75,1.0],"tintindex":0,"rotation":0,"texture":"#0"},"down":{"uv":[13.03125,1.25,12.75,1.46875],"tintindex":0,"rotation":0,"texture":"#0"}},"rotation":{"origin":[8.0,7.9823885,0.15218925],"angle":45.0,"axis":"x"}},{"from":[7.525,3.448141,3.243824],"to":[8.475,6.2981405,3.993824],"faces":{"east":{"uv":[0.875,12.9375,0.96875,13.28125],"tintindex":0,"rotation":0,"texture":"#0"},"south":{"uv":[0.25,11.6875,0.375,12.03125],"tintindex":0,"rotation":0,"texture":"#0"},"north":{"uv":[2.375,10.9375,2.5,11.28125],"tintindex":0,"rotation":0,"texture":"#0"},"west":{"uv":[3.1875,12.9375,3.28125,13.28125],"tintindex":0,"rotation":0,"texture":"#0"},"up":{"uv":[13.125,7.28125,13.0,7.1875],"tintindex":0,"rotation":0,"texture":"#0"},"down":{"uv":[13.125,9.1875,13.0,9.28125],"tintindex":0,"rotation":0,"texture":"#0"}},"rotation":{"origin":[8.0,4.8731413,3.618824],"angle":22.5,"axis":"x"}},{"from":[7.5625,4.6579046,-3.8490067],"to":[8.4375,5.4079046,-1.4337006],"faces":{"east":{"uv":[10.5625,8.6875,10.875,8.78125],"tintindex":0,"rotation":0,"texture":"#0"},"south":{"uv":[13.0,6.125,13.125,6.21875],"tintindex":0,"rotation":0,"texture":"#0"},"north":{"uv":[13.0,5.375,13.125,5.46875],"tintindex":0,"rotation":0,"texture":"#0"},"west":{"uv":[11.125,0.1875,11.4375,0.28125],"tintindex":0,"rotation":0,"texture":"#0"},"up":{"uv":[10.9375,11.375,10.8125,11.0625],"tintindex":0,"rotation":0,"texture":"#0"},"down":{"uv":[10.75,12.875,10.625,13.1875],"tintindex":0,"rotation":0,"texture":"#0"}},"rotation":{"origin":[8.0,5.0329046,-2.6413536],"angle":45.0,"axis":"x"}},{"from":[7.575,4.1263084,-8.558149],"to":[8.425,5.226309,-3.8581505],"faces":{"east":{"uv":[5.6875,5.1875,6.28125,5.3125],"tintindex":0,"rotation":0,"texture":"#0"},"south":{"uv":[12.625,2.6875,12.71875,2.8125],"tintindex":0,"rotation":0,"texture":"#0"},"north":{"uv":[12.5625,11.4375,12.65625,11.5625],"tintindex":0,"rotation":0,"texture":"#0"},"west":{"uv":[6.375,5.8125,6.96875,5.9375],"tintindex":0,"rotation":0,"texture":"#0"},"up":{"uv":[2.71875,13.46875,2.625,12.875],"tintindex":0,"rotation":0,"texture":"#0"},"down":{"uv":[2.84375,12.875,2.75,13.46875],"tintindex":0,"rotation":0,"texture":"#0"}},"rotation":{"origin":[8.0,4.6763086,-6.208151],"angle":22.5,"axis":"x"}},{"from":[7.25,7.2323885,2.8021889],"to":[8.75,8.7323885,7.802189],"faces":{"east":{"uv":[11.8125,7.0,12.4375,7.1875],"tintindex":0,"rotation":0,"texture":"#0"},"south":{"uv":[12.875,10.6875,13.0625,10.875],"tintindex":0,"rotation":0,