{"textures":{"0":"modelengine:entity/mars","particle":"#0"},"elements":[{"from":[5.05,9.975952,2.6369867],"to":[11.05,13.49041,2.6369867],"faces":{"east":{"uv":[4.1875,11.0625,4.5625,11.5],"tintindex":0,"rotation":0,"texture":"#0"},"south":{"uv":[10.0625,1.875,9.3125,2.3125],"tintindex":0,"rotation":0,"texture":"#0"},"north":{"uv":[9.3125,1.875,10.0625,2.3125],"tintindex":0,"rotation":0,"texture":"#0"},"west":{"uv":[4.5625,11.0625,4.9375,11.5],"tintindex":0,"rotation":0,"texture":"#0"},"up":{"uv":[10.375,4.8125,9.625,4.4375],"tintindex":0,"rotation":0,"texture":"#0"},"down":{"uv":[10.375,7.8125,9.625,8.1875],"tintindex":0,"rotation":0,"texture":"#0"}},"rotation":{"origin":[8.45,6.375952,11.611795],"angle":22.5,"axis":"x"}},{"from":[5.05,8.890701,8.325697],"to":[11.05,11.440701,12.325697],"faces":{"east":{"uv":[11.1875,10.625,11.6875,10.9375],"tintindex":0,"rotation":0,"texture":"#0"},"south":{"uv":[10.375,6.25,11.125,6.5625],"tintindex":0,"rotation":0,"texture":"#0"},"north":{"uv":[5.1875,10.375,5.9375,10.6875],"tintindex":0,"rotation":0,"texture":"#0"},"west":{"uv":[11.1875,10.9375,11.6875,11.25],"tintindex":0,"rotation":0,"texture":"#0"},"up":{"uv":[9.3125,3.9375,8.5625,3.4375],"tintindex":0,"rotation":0,"texture":"#0"},"down":{"uv":[9.375,5.1875,8.625,5.6875],"tintindex":0,"rotation":0,"texture":"#0"}},"rotation":{"origin":[7.725,10.390701,12.525697],"angle":45.0,"axis":"x"}},{"from":[5.05,9.975952,2.6369867],"to":[5.05,13.49041,5.6369867],"faces":{"east":{"uv":[4.9375,11.0625,4.5625,11.5],"tintindex":0,"rotation":0,"texture":"#0"},"south":{"uv":[9.3125,3.25,10.0625,3.6875],"tintindex":0,"rotation":0,"texture":"#0"},"north":{"uv":[9.3125,1.875,10.0625,2.3125],"tintindex":0,"rotation":0,"texture":"#0"},"west":{"uv":[4.5625,11.0625,4.9375,11.5],"tintindex":0,"rotation":0,"texture":"#0"},"up":{"uv":[10.375,4.8125,9.625,4.4375],"tintindex":0,"rotation":0,"texture":"#0"},"down":{"uv":[10.375,7.8125,9.625,8.1875],"tintindex":0,"rotation":0,"texture":"#0"}},"rotation":{"origin":[8.45,6.375952,11.611795],"angle":22.5,"axis":"x"}},{"from":[5.0893793,10.8109665,5.758253],"to":[11.01062,12.8969345,7.8442183],"faces":{"east":{"uv":[11.375,12.625,11.625,12.875],"tintindex":0,"rotation":0,"texture":"#0"},"south":{"uv":[10.75,0.5625,11.5,0.8125],"tintindex":0,"rotation":0,"texture":"#0"},"north":{"uv":[8.125,4.6875,8.875,4.9375],"tintindex":0,"rotation":0,"texture":"#0"},"west":{"uv":[12.625,12.625,12.875,12.875],"tintindex":0,"rotation":0,"texture":"#0"},"up":{"uv":[7.1875,11.0,6.4375,10.75],"tintindex":0,"rotation":0,"texture":"#0"},"down":{"uv":[11.5625,3.0625,10.8125,3.3125],"tintindex":0,"rotation":0,"texture":"#0"}},"rotation":{"origin":[7.6681385,11.295849,11.005306],"angle":22.5,"axis":"x"}},{"from":[5.0249996,12.121971,4.697814],"to":[11.075,13.136429,9.272623],"faces":{"east":{"uv":[9.625,4.8125,10.1875,4.9375],"tintindex":0,"rotation":0,"texture":"#0"},"south":{"uv":[12.25,10.125,13.0,10.25],"tintindex":0,"rotation":0,"texture":"#0"},"north":{"uv":[12.25,5.375,13.0,5.5],"tintindex":0,"rotation":0,"texture":"#0"},"west":{"uv":[12.4375,8.625,13.0,8.75],"tintindex":0,"rotation":0,"texture":"#0"},"up":{"uv":[8.875,4.6875,8.125,4.125],"tintindex":0,"rotation":0,"texture":"#0"},"down":{"uv":[8.875,6.0625,8.125,6.625],"tintindex":0,"rotation":0,"texture":"#0"}}},{"from":[7.35,16.180542,5.395185],"to":[8.75,21.782791,14.177567],"faces":{"east":{"uv":[1.0625,5.375,2.09375,6.0],"tintindex":0,"rotation":0,"texture":"#0"},"south":{"uv":[9.375,0.0,9.5,0.625],"tintindex":0,"rotation":0,"texture":"#0"},"north":{"uv":[8.0,8.4375,8.125,9.0625],"tintindex":0,"rotation":0,"texture":"#0"},"west":{"uv":[5.4375,2.3125,6.46875,2.9375],"tintindex":0,"rotation":0,"texture":"#0"},"up":{"uv":[0.125,12.71875,0.0,11.6875],"tintindex":0,"rotation":0,"texture":"#0"},"down":{"uv":[0.25,11.6875,0.125,12.71875],"tintindex":0,"rotation":0,"texture":"#0"}},"rotation":{"origin":[7.7,17.278408,9.724015],"angle":22.5,"axis":"x"}},{"from":[7.6375,17.755985,5.7312036],"to":[8.4625,22.469845,7.683749],"faces":{"east":{"uv":[2.375,11.375,2.625,11.96875],"tintindex":0,"rotation":0,"texture":"#0"},"south":{"uv":[2.5,12.875,2.59375,13.46875],"tintindex":0,"rotation":0,"texture":"#0"},"north":{"uv":[2.375,12.875,2.46875,13.46875],"tintindex":0,"rotation":0,"texture":"#0"},"west":{"uv":[7.1875,11.375,7.4375,11.96875],"tintindex":0,"rotation":0,"texture":"#0"},"up":{"uv":[2.34375,12.0,2.25,11.75],"tintindex":0,"rotation":0,"texture":"#0"},"down":{"uv":[12.21875,9.75,12.125,10.0],"tintindex":0,"rotation":0,"texture":"#0"}}},{"from":[5.025,10.475952,4.697814],"to":[11.075,12.121971,4.697814],"faces":{"east":{"uv":[10.4375,12.875,10.625,13.09375],"tintindex":0,"rotation":0,"texture":"#0"},"south":{"uv":[11.75,1.8125,11.0,2.03125],"tintindex":0,"rotation":0,"texture":"#0"},"north":{"uv":[11.0,1.8125,11.75,2.03125],"tintindex":0,"rotation":0,"texture":"#0"},"west":{"uv":[12.875,10.4375,13.0625,10.65625],"tintindex":0,"rotation":0,"texture":"#0"},"up":{"uv":[12.25,3.0625,11.5,2.875],"tintindex":0,"rotation":0,"texture":"#0"},"down":{"uv":[4.9375,11.5,4.1875,11.6875],"tintindex":0,"rotation":0,"texture":"#0"}}},{"from":[5.137501,6.421463,5.5055327],"to":[8.137501,12.968098,5.5055327],"faces":{"east":{"uv":[3.5625,7.75,3.8125,8.5625],"tintindex":0,"rotation":0,"texture":"#0"},"south":{"uv":[3.125,9.375,2.75,10.1875],"tintindex":0,"rotation":0,"texture":"#0"},"north":{"uv":[2.75,9.375,3.125,10.1875],"tintindex":0,"rotation":0,"texture":"#0"},"west":{"uv":[9.8125,10.3125,10.0625,11.125],"tintindex":0,"rotation":0,"texture":"#0"},"up":{"uv":[12.75,3.75,12.375,3.5],"tintindex":0,"rotation":0,"texture":"#0"},"down":{"uv":[12.75,3.75,12.375,4.0],"tintindex":0,"rotation":0,"texture":"#0"}}},{"from":[7.375,13.086678,7.1878796],"to":[8.725,16.188927,13.020261],"faces":{"east":{"uv":[9.6875,7.25,10.40625,7.625],"tintindex":0,"rotation":0,"texture":"#0"},"south":{"uv":[12.75,4.4375,12.90625,4.8125],"tintindex":0,"rotation":0,"texture":"#0"},"north":{"uv":[1.0,12.75,1.15625,13.125],"tintindex":0,"rotation":0,"texture":"#0"},"west":{"uv":[9.8125,5.5,10.53125,5.875],"tintindex":0,"rotation":0,"texture":"#0"},"up":{"uv":[1.21875,12.71875,1.0625,12.0],"tintindex":0,"rotation":0,"texture":"#0"},"down":{"uv":[11.34375,12.0625,11.1875,12.78125],"tintindex":0,"rotation":0,"texture":"#0"}},"rotation":{"origin":[8.025,15.278408,10.124016],"angle":22.5,"axis":"x"}},{"from":[6.3,7.0763893,8.255532],"to":[9.8,11.576389,11.755532],"faces":{"east":{"uv":[10.125,2.625,10.5625,3.1875],"tintindex":0,"rotation":0,"texture":"#0"},"south":{"uv":[8.375,10.125,8.8125,10.6875],"tintindex":0,"rotation":0,"texture":"#0"},"north":{"uv":[6.5,1.125,6.9375,1.6875],"tintindex":0,"rotation":0,"texture":"#0"},"west":{"uv":[0.4375,10.1875,0.875,10.75],"tintindex":0,"rotation":0,"texture":"#0"},"up":{"uv":[4.75,11.0625,4.3125,10.625],"tintindex":0,"rotation":0,"texture":"#0"},"down":{"uv":[5.1875,10.625,4.75,11.0625],"tintindex":0,"rotation":0,"texture":"#0"}},"rotation":{"origin":[8.3,6.8763885,10.755532],"angle":-22.5,"axis":"x"}},{"from":[5.125,14.264389,7.8443766],"to":[10.975,15.914387,10.644377],"faces":{"east":{"uv":[2.1875,12.625,2.53125,12.84375],"tintindex":0,"rotation":0,"texture":"#0"},"south":{"uv":[11.125,7.5625,11.84375,7.78125],"tintindex":0,"rotation":0,"texture":"#0"},"north":{"uv":[11.125,6.6875,11.84375,6.90625],"tintindex":0,"rotation":0,"texture":"#0"},"west":{"uv":[12.625,2.4375,12.96875,2.65625],"tintindex":0,"rotation":0,"texture":"#0"},"up":{"uv":[10.78125,3.59375,10.0625,3.25],"tintindex":0,"rotation":0,"texture":"#0"},"down":{"uv":[10.78125,9.8125,10.0625,10.15625],"tintindex":0,"rotation":0,"texture":"#0"}},"rotation":{"origin":[7.625,12.6143875,8.094377],"angle":22.5,"axis":"x"}},{"from":[7.6,16.130543,5.745185],"to":[8.5,21.232792,14.027566],"faces":{"east":{"uv":[5.3125,5.3125,6.34375,5.9375],"tintindex":0,"rotation":0,"texture":"#0"},"south":{"uv":[3.6875,6.4375,3.8125,7.0625],"tintindex":0,"rotation":0,