{"textures":{"0":"modelengine:entity/mars","particle":"#0"},"elements":[{"from":[4.677861,6.579674,4.370162],"to":[8.877359,8.319164,11.629838],"faces":{"east":{"uv":[10.5625,0.875,11.46875,1.09375],"tintindex":0,"rotation":0,"texture":"#0"},"south":{"uv":[7.1875,12.0,7.71875,12.21875],"tintindex":0,"rotation":0,"texture":"#0"},"north":{"uv":[3.875,12.0,4.40625,12.21875],"tintindex":0,"rotation":0,"texture":"#0"},"west":{"uv":[10.5625,2.5625,11.46875,2.78125],"tintindex":0,"rotation":0,"texture":"#0"},"up":{"uv":[8.09375,2.71875,7.5625,1.8125],"tintindex":0,"rotation":0,"texture":"#0"},"down":{"uv":[8.09375,2.75,7.5625,3.65625],"tintindex":0,"rotation":0,"texture":"#0"}},"rotation":{"origin":[9.13144,8.890667,4.9165134],"angle":22.5,"axis":"z"}},{"from":[20.055567,14.999306,5.175],"to":[23.19552,17.603481,10.825],"faces":{"east":{"uv":[10.375,7.625,11.09375,7.9375],"tintindex":0,"rotation":0,"texture":"#0"},"south":{"uv":[3.0625,11.75,3.46875,12.0625],"tintindex":0,"rotation":0,"texture":"#0"},"north":{"uv":[11.75,1.75,12.15625,2.0625],"tintindex":0,"rotation":0,"texture":"#0"},"west":{"uv":[10.4375,2.25,11.15625,2.5625],"tintindex":0,"rotation":0,"texture":"#0"},"up":{"uv":[3.15625,6.40625,2.75,5.6875],"tintindex":0,"rotation":0,"texture":"#0"},"down":{"uv":[3.53125,9.5625,3.125,10.28125],"tintindex":0,"rotation":0,"texture":"#0"}},"rotation":{"origin":[25.305567,-20.650692,10.025],"angle":22.5,"axis":"z"}},{"from":[6.504119,4.734812,6.7143145],"to":[9.528119,7.047138,9.755439],"faces":{"east":{"uv":[12.25,2.5,12.625,2.78125],"tintindex":0,"rotation":0,"texture":"#0"},"south":{"uv":[3.875,12.25,4.25,12.53125],"tintindex":0,"rotation":0,"texture":"#0"},"north":{"uv":[12.1875,6.625,12.5625,6.90625],"tintindex":0,"rotation":0,"texture":"#0"},"west":{"uv":[4.875,12.25,5.25,12.53125],"tintindex":0,"rotation":0,"texture":"#0"},"up":{"uv":[2.75,7.0625,2.375,6.6875],"tintindex":0,"rotation":0,"texture":"#0"},"down":{"uv":[9.6875,11.375,9.3125,11.75],"tintindex":0,"rotation":0,"texture":"#0"}},"rotation":{"origin":[7.3249187,7.890667,9.957882],"angle":22.5,"axis":"x"}},{"from":[6.449399,2.6068268,7.2457895],"to":[9.582839,8.090668,10.13347],"faces":{"east":{"uv":[4.0625,9.8125,4.4375,10.5],"tintindex":0,"rotation":0,"texture":"#0"},"south":{"uv":[9.625,9.1875,10.03125,9.875],"tintindex":0,"rotation":0,"texture":"#0"},"north":{"uv":[6.5,2.25,6.90625,2.9375],"tintindex":0,"rotation":0,"texture":"#0"},"west":{"uv":[1.6875,9.9375,2.0625,10.625],"tintindex":0,"rotation":0,"texture":"#0"},"up":{"uv":[11.65625,1.5,11.25,1.125],"tintindex":0,"rotation":0,"texture":"#0"},"down":{"uv":[11.65625,9.125,11.25,9.5],"tintindex":0,"rotation":0,"texture":"#0"}}},{"from":[10.599157,1.6231022,7.2457895],"to":[12.814834,3.8387794,10.129629],"faces":{"east":{"uv":[12.125,9.125,12.5,9.40625],"tintindex":0,"rotation":0,"texture":"#0"},"south":{"uv":[12.5625,6.5,12.84375,6.78125],"tintindex":0,"rotation":0,"texture":"#0"},"north":{"uv":[5.3125,12.5625,5.59375,12.84375],"tintindex":0,"rotation":0,"texture":"#0"},"west":{"uv":[12.1875,1.6875,12.5625,1.96875],"tintindex":0,"rotation":0,"texture":"#0"},"up":{"uv":[12.46875,5.375,12.1875,5.0],"tintindex":0,"rotation":0,"texture":"#0"},"down":{"uv":[12.46875,5.875,12.1875,6.25],"tintindex":0,"rotation":0,"texture":"#0"}},"rotation":{"origin":[9.711739,7.1241665,9.7801895],"angle":-45.0,"axis":"z"}},{"from":[6.528119,4.051405,5.432807],"to":[9.504119,7.95269,6.815052],"faces":{"east":{"uv":[4.375,12.375,4.5625,12.875],"tintindex":0,"rotation":0,"texture":"#0"},"south":{"uv":[0.25,10.75,0.625,11.25],"tintindex":0,"rotation":0,"texture":"#0"},"north":{"uv":[8.375,10.6875,8.75,11.1875],"tintindex":0,"rotation":0,"texture":"#0"},"west":{"uv":[4.5625,12.375,4.75,12.875],"tintindex":0,"rotation":0,"texture":"#0"},"up":{"uv":[6.4375,0.6875,6.0625,0.5],"tintindex":0,"rotation":0,"texture":"#0"},"down":{"uv":[9.0625,7.25,8.6875,7.4375],"tintindex":0,"rotation":0,"texture":"#0"}},"rotation":{"origin":[7.3249187,7.890667,9.957882],"angle":-22.5,"axis":"x"}},{"from":[5.2355747,11.482761,4.3451624],"to":[8.281079,12.807167,11.654838],"faces":{"east":{"uv":[11.4375,2.0625,12.34375,2.21875],"tintindex":0,"rotation":0,"texture":"#0"},"south":{"uv":[12.75,3.75,13.125,3.90625],"tintindex":0,"rotation":0,"texture":"#0"},"north":{"uv":[12.6875,5.75,13.0625,5.90625],"tintindex":0,"rotation":0,"texture":"#0"},"west":{"uv":[11.5,0.5,12.40625,0.65625],"tintindex":0,"rotation":0,"texture":"#0"},"up":{"uv":[5.75,9.71875,5.375,8.8125],"tintindex":0,"rotation":0,"texture":"#0"},"down":{"uv":[1.6875,8.875,1.3125,9.78125],"tintindex":0,"rotation":0,"texture":"#0"}}},{"from":[5.2355747,6.6583557,4.357662],"to":[9.781079,11.482761,11.642338],"faces":{"east":{"uv":[6.3125,4.3125,7.21875,4.90625],"tintindex":0,"rotation":0,"texture":"#0"},"south":{"uv":[9.0625,8.4375,9.625,9.03125],"tintindex":0,"rotation":0,"texture":"#0"},"north":{"uv":[9.0625,7.8125,9.625,8.40625],"tintindex":0,"rotation":0,"texture":"#0"},"west":{"uv":[6.375,5.1875,7.28125,5.78125],"tintindex":0,"rotation":0,"texture":"#0"},"up":{"uv":[4.625,7.96875,4.0625,7.0625],"tintindex":0,"rotation":0,"texture":"#0"},"down":{"uv":[8.0,0.0,7.4375,0.90625],"tintindex":0,"rotation":0,"texture":"#0"}}}],"display":{"head":{"rotation":[0.0,0.0,0.0]},"firstperson_righthand":{"rotation":[0.0,0.0,0.0]},"thirdperson_lefthand":{"rotation":[0.0,-0.0,-0.0]},"firstperson_lefthand":{"rotation":[0.0,-0.0,-0.0]},"fixed":{"rotation":[0.0,0.0,0.0]},"ground":{"rotation":[0.0,0.0,0.0]},"thirdperson_righthand":{"rotation":[0.0,0.0,0.0]},"gui":{"rotation":[-150.0,-45.0,180.0]}}}