{"textures":{"0":"modelengine:entity/mars","particle":"#0"},"elements":[{"from":[1.703619,-5.500002,0.87197495],"to":[11.0,8.5,10.271975],"faces":{"east":{"uv":[5.25,6.9375,5.84375,7.8125],"tintindex":0,"rotation":0,"texture":"#0"},"south":{"uv":[1.1875,7.0,1.78125,7.875],"tintindex":0,"rotation":0,"texture":"#0"},"north":{"uv":[4.625,6.9375,5.21875,7.8125],"tintindex":0,"rotation":0,"texture":"#0"},"west":{"uv":[2.375,7.0625,2.96875,7.9375],"tintindex":0,"rotation":0,"texture":"#0"},"up":{"uv":[9.34375,0.59375,8.75,0.0],"tintindex":0,"rotation":0,"texture":"#0"},"down":{"uv":[9.46875,0.625,8.875,1.21875],"tintindex":0,"rotation":0,"texture":"#0"}}},{"from":[2.822619,-5.171812,1.5519753],"to":[10.582619,8.528191,10.191974],"faces":{"east":{"uv":[4.0625,8.0,4.59375,8.84375],"tintindex":0,"rotation":0,"texture":"#0"},"south":{"uv":[7.0,8.375,7.5,9.21875],"tintindex":0,"rotation":0,"texture":"#0"},"north":{"uv":[8.125,8.3125,8.625,9.15625],"tintindex":0,"rotation":0,"texture":"#0"},"west":{"uv":[8.125,1.25,8.65625,2.09375],"tintindex":0,"rotation":0,"texture":"#0"},"up":{"uv":[8.375,10.34375,7.875,9.8125],"tintindex":0,"rotation":0,"texture":"#0"},"down":{"uv":[10.375,0.0,9.875,0.53125],"tintindex":0,"rotation":0,"texture":"#0"}}},{"from":[4.227619,-10.332235,1.4412975],"to":[9.427619,-5.4279575,4.660076],"faces":{"east":{"uv":[12.875,1.6875,13.0625,2.0],"tintindex":0,"rotation":0,"texture":"#0"},"south":{"uv":[0.75,12.375,1.0625,12.6875],"tintindex":0,"rotation":0,"texture":"#0"},"north":{"uv":[11.375,12.3125,11.6875,12.625],"tintindex":0,"rotation":0,"texture":"#0"},"west":{"uv":[2.1875,12.875,2.375,13.1875],"tintindex":0,"rotation":0,"texture":"#0"},"up":{"uv":[12.1875,10.6875,11.875,10.5],"tintindex":0,"rotation":0,"texture":"#0"},"down":{"uv":[13.0625,12.1875,12.75,12.375],"tintindex":0,"rotation":0,"texture":"#0"}}},{"from":[2.9226189,12.207764,-7.4236326],"to":[10.482618,19.012043,-0.72485447],"faces":{"east":{"uv":[10.9375,8.6875,11.34375,9.125],"tintindex":0,"rotation":0,"texture":"#0"},"south":{"uv":[10.5,1.625,10.96875,2.0625],"tintindex":0,"rotation":0,"texture":"#0"},"north":{"uv":[10.5,1.1875,10.96875,1.625],"tintindex":0,"rotation":0,"texture":"#0"},"west":{"uv":[9.3125,10.9375,9.71875,11.375],"tintindex":0,"rotation":0,"texture":"#0"},"up":{"uv":[10.90625,11.03125,10.4375,10.625],"tintindex":0,"rotation":0,"texture":"#0"},"down":{"uv":[5.65625,10.6875,5.1875,11.09375],"tintindex":0,"rotation":0,"texture":"#0"}},"rotation":{"origin":[5.5823336,17.512043,26.416367],"angle":-45.0,"axis":"x"}},{"from":[1.9026189,-5.6000004,0.47197437],"to":[10.20262,10.399998,10.671974],"faces":{"east":{"uv":[5.6875,2.9375,6.3125,3.9375],"tintindex":0,"rotation":0,"texture":"#0"},"south":{"uv":[0.0,6.9375,0.53125,7.9375],"tintindex":0,"rotation":0,"texture":"#0"},"north":{"uv":[1.8125,6.6875,2.34375,7.6875],"tintindex":0,"rotation":0,"texture":"#0"},"west":{"uv":[5.6875,3.9375,6.3125,4.9375],"tintindex":0,"rotation":0,"texture":"#0"},"up":{"uv":[9.84375,1.875,9.3125,1.25],"tintindex":0,"rotation":0,"texture":"#0"},"down":{"uv":[2.21875,9.3125,1.6875,9.9375],"tintindex":0,"rotation":0,"texture":"#0"}},"rotation":{"origin":[8.6,8.399998,7.7719746],"angle":22.5,"axis":"z"}}],"display":{"head":{"rotation":[0.0,0.0,0.0]},"firstperson_righthand":{"rotation":[0.0,0.0,0.0]},"thirdperson_lefthand":{"rotation":[0.0,-0.0,-0.0]},"firstperson_lefthand":{"rotation":[0.0,-0.0,-0.0]},"fixed":{"rotation":[0.0,0.0,0.0]},"ground":{"rotation":[0.0,0.0,0.0]},"thirdperson_righthand":{"rotation":[0.0,0.0,0.0]},"gui":{"rotation":[-150.0,-45.0,180.0]}}}