{"textures":{"0":"modelengine:entity/mars","particle":"#0"},"elements":[{"from":[4.4173803,0.71204233,6.6733193],"to":[10.977381,6.2271543,9.314516],"faces":{"east":{"uv":[2.875,12.875,3.03125,13.21875],"tintindex":0,"rotation":0,"texture":"#0"},"south":{"uv":[11.625,4.125,12.03125,4.46875],"tintindex":0,"rotation":0,"texture":"#0"},"north":{"uv":[11.375,11.5625,11.78125,11.90625],"tintindex":0,"rotation":0,"texture":"#0"},"west":{"uv":[3.5,12.875,3.65625,13.21875],"tintindex":0,"rotation":0,"texture":"#0"},"up":{"uv":[12.90625,12.15625,12.5,12.0],"tintindex":0,"rotation":0,"texture":"#0"},"down":{"uv":[13.03125,9.375,12.625,9.53125],"tintindex":0,"rotation":0,"texture":"#0"}},"rotation":{"origin":[8.537666,9.552043,8.40242],"angle":45.0,"axis":"x"}},{"from":[4.0173807,1.7399468,5.977532],"to":[11.577381,6.17115,11.045601],"faces":{"east":{"uv":[12.375,10.875,12.6875,11.15625],"tintindex":0,"rotation":0,"texture":"#0"},"south":{"uv":[11.6875,1.0625,12.15625,1.34375],"tintindex":0,"rotation":0,"texture":"#0"},"north":{"uv":[0.8125,11.6875,1.28125,11.96875],"tintindex":0,"rotation":0,"texture":"#0"},"west":{"uv":[12.4375,0.5,12.75,0.78125],"tintindex":0,"rotation":0,"texture":"#0"},"up":{"uv":[11.84375,9.125,11.375,8.8125],"tintindex":0,"rotation":0,"texture":"#0"},"down":{"uv":[11.84375,11.25,11.375,11.5625],"tintindex":0,"rotation":0,"texture":"#0"}}},{"from":[4.0173807,1.7399468,-0.4375801],"to":[11.577381,5.3811436,5.077532],"faces":{"east":{"uv":[12.5625,9.75,12.90625,9.96875],"tintindex":0,"rotation":0,"texture":"#0"},"south":{"uv":[12.25,2.8125,12.71875,3.03125],"tintindex":0,"rotation":0,"texture":"#0"},"north":{"uv":[12.125,3.25,12.59375,3.46875],"tintindex":0,"rotation":0,"texture":"#0"},"west":{"uv":[12.5625,11.1875,12.90625,11.40625],"tintindex":0,"rotation":0,"texture":"#0"},"up":{"uv":[10.78125,11.40625,10.3125,11.0625],"tintindex":0,"rotation":0,"texture":"#0"},"down":{"uv":[11.59375,4.125,11.125,4.46875],"tintindex":0,"rotation":0,"texture":"#0"}}},{"from":[3.9373808,2.7241626,8.220245],"to":[11.657381,6.888439,12.799024],"faces":{"east":{"uv":[3.5,12.625,3.78125,12.875],"tintindex":0,"rotation":0,"texture":"#0"},"south":{"uv":[11.75,4.75,12.21875,5.0],"tintindex":0,"rotation":0,"texture":"#0"},"north":{"uv":[11.6875,11.0,12.15625,11.25],"tintindex":0,"rotation":0,"texture":"#0"},"west":{"uv":[6.125,12.625,6.40625,12.875],"tintindex":0,"rotation":0,"texture":"#0"},"up":{"uv":[12.09375,8.46875,11.625,8.1875],"tintindex":0,"rotation":0,"texture":"#0"},"down":{"uv":[12.09375,8.5,11.625,8.78125],"tintindex":0,"rotation":0,"texture":"#0"}},"rotation":{"origin":[6.807095,8.252043,10.90242],"angle":45.0,"axis":"x"}},{"from":[4.0173807,3.2399468,5.0970345],"to":[11.577381,6.2398257,5.977532],"faces":{"east":{"uv":[3.1875,5.25,3.25,5.4375],"tintindex":0,"rotation":0,"texture":"#0"},"south":{"uv":[12.375,10.6875,12.84375,10.875],"tintindex":0,"rotation":0,"texture":"#0"},"north":{"uv":[12.375,10.5,12.84375,10.6875],"tintindex":0,"rotation":0,"texture":"#0"},"west":{"uv":[4.3125,5.875,4.375,6.0625],"tintindex":0,"rotation":0,"texture":"#0"},"up":{"uv":[6.34375,2.3125,5.875,2.25],"tintindex":0,"rotation":0,"texture":"#0"},"down":{"uv":[7.40625,2.875,6.9375,2.9375],"tintindex":0,"rotation":0,"texture":"#0"}}}],"display":{"head":{"rotation":[0.0,0.0,0.0]},"firstperson_righthand":{"rotation":[0.0,0.0,0.0]},"thirdperson_lefthand":{"rotation":[0.0,-0.0,-0.0]},"firstperson_lefthand":{"rotation":[0.0,-0.0,-0.0]},"fixed":{"rotation":[0.0,0.0,0.0]},"ground":{"rotation":[0.0,0.0,0.0]},"thirdperson_righthand":{"rotation":[0.0,0.0,0.0]},"gui":{"rotation":[-150.0,-45.0,180.0]}}}