{"textures":{"0":"modelengine:entity/mars","particle":"#0"},"elements":[{"from":[5.292619,-7.5514507,9.55791],"to":[11.31262,2.380331,13.716297],"faces":{"east":{"uv":[5.4375,11.125,5.6875,11.75],"tintindex":0,"rotation":0,"texture":"#0"},"south":{"uv":[9.4375,10.3125,9.8125,10.9375],"tintindex":0,"rotation":0,"texture":"#0"},"north":{"uv":[3.125,10.3125,3.5,10.9375],"tintindex":0,"rotation":0,"texture":"#0"},"west":{"uv":[9.75,11.125,10.0,11.75],"tintindex":0,"rotation":0,"texture":"#0"},"up":{"uv":[12.75,6.5,12.375,6.25],"tintindex":0,"rotation":0,"texture":"#0"},"down":{"uv":[6.8125,12.375,6.4375,12.625],"tintindex":0,"rotation":0,"texture":"#0"}},"rotation":{"origin":[20.056116,-0.75145054,18.22357],"angle":22.5,"axis":"x"}},{"from":[22.47749,17.660713,5.083569],"to":[27.144394,22.327618,11.46357],"faces":{"east":{"uv":[12.0625,11.875,12.46875,12.15625],"tintindex":0,"rotation":0,"texture":"#0"},"south":{"uv":[7.875,12.5625,8.15625,12.84375],"tintindex":0,"rotation":0,"texture":"#0"},"north":{"uv":[7.125,12.5625,7.40625,12.84375],"tintindex":0,"rotation":0,"texture":"#0"},"west":{"uv":[12.125,8.0,12.53125,8.28125],"tintindex":0,"rotation":0,"texture":"#0"},"up":{"uv":[3.46875,12.46875,3.1875,12.0625],"tintindex":0,"rotation":0,"texture":"#0"},"down":{"uv":[12.40625,8.3125,12.125,8.71875],"tintindex":0,"rotation":0,"texture":"#0"}},"rotation":{"origin":[-0.38251114,32.90499,29.20357],"angle":-45.0,"axis":"z"}},{"from":[5.2026196,-8.639999,5.048457],"to":[11.402618,5.761198,11.56357],"faces":{"east":{"uv":[0.0,8.8125,0.40625,9.71875],"tintindex":0,"rotation":0,"texture":"#0"},"south":{"uv":[4.8125,9.0,5.1875,9.90625],"tintindex":0,"rotation":0,"texture":"#0"},"north":{"uv":[4.4375,9.0,4.8125,9.90625],"tintindex":0,"rotation":0,"texture":"#0"},"west":{"uv":[2.3125,8.8125,2.71875,9.71875],"tintindex":0,"rotation":0,"texture":"#0"},"up":{"uv":[9.125,11.71875,8.75,11.3125],"tintindex":0,"rotation":0,"texture":"#0"},"down":{"uv":[6.25,11.375,5.875,11.78125],"tintindex":0,"rotation":0,"texture":"#0"}}}],"display":{"head":{"rotation":[0.0,0.0,0.0]},"firstperson_righthand":{"rotation":[0.0,0.0,0.0]},"thirdperson_lefthand":{"rotation":[0.0,-0.0,-0.0]},"firstperson_lefthand":{"rotation":[0.0,-0.0,-0.0]},"fixed":{"rotation":[0.0,0.0,0.0]},"ground":{"rotation":[0.0,0.0,0.0]},"thirdperson_righthand":{"rotation":[0.0,0.0,0.0]},"gui":{"rotation":[-150.0,-45.0,180.0]}}}