{"textures":{"0":"modelengine:entity/mars","particle":"#0"},"elements":[{"from":[4.3595514,3.290268,9.838511],"to":[7.0452023,8.048649,11.079371],"faces":{"east":{"uv":[7.3125,10.0625,7.375,10.375],"tintindex":0,"rotation":0,"texture":"#0"},"south":{"uv":[12.875,6.4375,13.03125,6.75],"tintindex":0,"rotation":0,"texture":"#0"},"north":{"uv":[6.3125,12.875,6.46875,13.1875],"tintindex":0,"rotation":0,"texture":"#0"},"west":{"uv":[0.875,10.1875,0.9375,10.5],"tintindex":0,"rotation":0,"texture":"#0"},"up":{"uv":[11.34375,2.5625,11.1875,2.5],"tintindex":0,"rotation":0,"texture":"#0"},"down":{"uv":[11.34375,5.375,11.1875,5.4375],"tintindex":0,"rotation":0,"texture":"#0"}},"rotation":{"origin":[5.9011517,4.13694,5.733623],"angle":-22.5,"axis":"z"}},{"from":[4.3595514,-7.5177097,0.98337126],"to":[7.245202,-0.4593277,2.2242312],"faces":{"east":{"uv":[3.1875,4.8125,3.25,5.25],"tintindex":0,"rotation":0,"texture":"#0"},"south":{"uv":[12.25,12.4375,12.4375,12.875],"tintindex":0,"rotation":0,"texture":"#0"},"north":{"uv":[9.125,12.4375,9.3125,12.875],"tintindex":0,"rotation":0,"texture":"#0"},"west":{"uv":[4.3125,5.4375,4.375,5.875],"tintindex":0,"rotation":0,"texture":"#0"},"up":{"uv":[4.5625,5.3125,4.375,5.25],"tintindex":0,"rotation":0,"texture":"#0"},"down":{"uv":[2.9375,9.3125,2.75,9.375],"tintindex":0,"rotation":0,"texture":"#0"}},"rotation":{"origin":[5.9011517,-1.3059998,6.3291197],"angle":22.5,"axis":"z"}},{"from":[4.3595514,3.290268,0.98337126],"to":[7.0452023,8.048649,2.2242312],"faces":{"east":{"uv":[5.375,8.4375,5.4375,8.75],"tintindex":0,"rotation":0,"texture":"#0"},"south":{"uv":[6.125,12.875,6.28125,13.1875],"tintindex":0,"rotation":0,"texture":"#0"},"north":{"uv":[5.6875,12.875,5.84375,13.1875],"tintindex":0,"rotation":0,"texture":"#0"},"west":{"uv":[1.3125,8.5,1.375,8.8125],"tintindex":0,"rotation":0,"texture":"#0"},"up":{"uv":[11.28125,4.5625,11.125,4.5],"tintindex":0,"rotation":0,"texture":"#0"},"down":{"uv":[11.28125,6.9375,11.125,7.0],"tintindex":0,"rotation":0,"texture":"#0"}},"rotation":{"origin":[5.9011517,4.13694,6.3291197],"angle":-22.5,"axis":"z"}},{"from":[5.192526,3.3651848,1.4734821],"to":[8.178177,8.378143,2.714342],"faces":{"east":{"uv":[1.875,11.4375,1.9375,11.75],"tintindex":0,"rotation":0,"texture":"#0"},"south":{"uv":[1.6875,12.8125,1.875,13.125],"tintindex":0,"rotation":0,"texture":"#0"},"north":{"uv":[12.8125,0.0,13.0,0.3125],"tintindex":0,"rotation":0,"texture":"#0"},"west":{"uv":[5.625,11.75,5.6875,12.0625],"tintindex":0,"rotation":0,"texture":"#0"},"up":{"uv":[10.625,7.625,10.4375,7.5625],"tintindex":0,"rotation":0,"texture":"#0"},"down":{"uv":[10.6875,9.75,10.5,9.8125],"tintindex":0,"rotation":0,"texture":"#0"}},"rotation":{"origin":[6.734126,-1.4231071,6.8192286],"angle":22.5,"axis":"y"}},{"from":[4.152892,-1.1137238,0.9813714],"to":[7.038542,3.9446602,2.2222314],"faces":{"east":{"uv":[9.0,9.3125,9.0625,9.625],"tintindex":0,"rotation":0,"texture":"#0"},"south":{"uv":[8.3125,12.75,8.5,13.0625],"tintindex":0,"rotation":0,"texture":"#0"},"north":{"uv":[12.75,8.25,12.9375,8.5625],"tintindex":0,"rotation":0,"texture":"#0"},"west":{"uv":[4.0,10.0,4.0625,10.3125],"tintindex":0,"rotation":0,"texture":"#0"},"up":{"uv":[5.375,9.75,5.1875,9.6875],"tintindex":0,"rotation":0,"texture":"#0"},"down":{"uv":[10.25,3.625,10.0625,3.6875],"tintindex":0,"rotation":0,"texture":"#0"}}},{"from":[4.3595514,-7.5177097,9.838511],"to":[7.245202,-0.4593277,11.079371],"faces":{"east":{"uv":[5.875,6.9375,5.9375,7.375],"tintindex":0,"rotation":0,"texture":"#0"},"south":{"uv":[0.25,12.5,0.4375,12.9375],"tintindex":0,"rotation":0,"texture":"#0"},"north":{"uv":[12.4375,12.4375,12.625,12.875],"tintindex":0,"rotation":0,"texture":"#0"},"west":{"uv":[7.375,0.0,7.4375,0.4375],"tintindex":0,"rotation":0,"texture":"#0"},"up":{"uv":[10.375,9.1875,10.1875,9.125],"tintindex":0,"rotation":0,"texture":"#0"},"down":{"uv":[10.4375,5.125,10.25,5.1875],"tintindex":0,"rotation":0,"texture":"#0"}},"rotation":{"origin":[5.9011517,-1.3059998,5.733623],"angle":22.5,"axis":"z"}},{"from":[4.152892,-1.1137238,9.840511],"to":[7.038542,3.9446602,11.081371],"faces":{"east":{"uv":[3.5,10.3125,3.5625,10.625],"tintindex":0,"rotation":0,"texture":"#0"},"south":{"uv":[10.0,12.75,10.1875,13.0625],"tintindex":0,"rotation":0,"texture":"#0"},"north":{"uv":[8.5,12.75,8.6875,13.0625],"tintindex":0,"rotation":0,"texture":"#0"},"west":{"uv":[10.0,11.125,10.0625,11.4375],"tintindex":0,"rotation":0,"texture":"#0"},"up":{"uv":[8.5625,10.125,8.375,10.0625],"tintindex":0,"rotation":0,"texture":"#0"},"down":{"uv":[10.3125,3.1875,10.125,3.25],"tintindex":0,"rotation":0,"texture":"#0"}}},{"from":[5.192526,-7.634817,9.348401],"to":[9.0781765,3.423565,10.58926],"faces":{"east":{"uv":[2.9375,7.9375,3.0,8.625],"tintindex":0,"rotation":0,"texture":"#0"},"south":{"uv":[10.9375,10.0,11.1875,10.6875],"tintindex":0,"rotation":0,"texture":"#0"},"north":{"uv":[3.9375,10.875,4.1875,11.5625],"tintindex":0,"rotation":0,"texture":"#0"},"west":{"uv":[6.4375,9.5,6.5,10.1875],"tintindex":0,"rotation":0,"texture":"#0"},"up":{"uv":[2.375,5.6875,2.125,5.625],"tintindex":0,"rotation":0,"texture":"#0"},"down":{"uv":[8.125,7.4375,7.875,7.5],"tintindex":0,"rotation":0,"texture":"#0"}},"rotation":{"origin":[6.734126,-1.4231071,5.243514],"angle":-22.5,"axis":"y"}},{"from":[4.7463818,-3.6348171,2.790495],"to":[11.1180935,6.278141,9.912542],"faces":{"east":{"uv":[9.6875,2.625,10.125,3.25],"tintindex":0,"rotation":0,"texture":"#0"},"south":{"uv":[10.0625,1.625,10.46875,2.25],"tintindex":0,"rotation":0,"texture":"#0"},"north":{"uv":[3.5625,10.0,3.96875,10.625],"tintindex":0,"rotation":0,"texture":"#0"},"west":{"uv":[2.25,9.75,2.6875,10.375],"tintindex":0,"rotation":0,"texture":"#0"},"up":{"uv":[3.90625,11.3125,3.5,10.875],"tintindex":0,"rotation":0,"texture":"#0"},"down":{"uv":[2.34375,10.9375,1.9375,11.375],"tintindex":0,"rotation":0,"texture":"#0"}}},{"from":[5.192526,-7.634817,1.4734821],"to":[9.0781765,3.423565,2.714342],"faces":{"east":{"uv":[2.0625,6.0,2.125,6.6875],"tintindex":0,"rotation":0,"texture":"#0"},"south":{"uv":[10.0625,10.8125,10.3125,11.5],"tintindex":0,"rotation":0,"texture":"#0"},"north":{"uv":[1.8125,6.0,2.0625,6.6875],"tintindex":0,"rotation":0,"texture":"#0"},"west":{"uv":[5.25,6.0625,5.3125,6.75],"tintindex":0,"rotation":0,"texture":"#0"},"up":{"uv":[3.5,4.75,3.25,4.6875],"tintindex":0,"rotation":0,"texture":"#0"},"down":{"uv":[5.6875,3.75,5.4375,3.8125],"tintindex":0,"rotation":0,"texture":"#0"}},"rotation":{"origin":[6.734126,-1.4231071,6.819228],"angle":22.5,"axis":"y"}},{"from":[5.192526,3.3651848,9.3484],"to":[8.178177,8.378143,10.58926],"faces":{"east":{"uv":[0.5625,11.25,0.625,11.5625],"tintindex":0,"rotation":0,"texture":"#0"},"south":{"uv":[11.8125,12.75,12.0,13.0625],"tintindex":0,"rotation":0,"texture":"#0"},"north":{"uv":[11.625,12.75,11.8125,13.0625],"tintindex":0,"rotation":0,"texture":"#0"},"west":{"uv":[9.6875,11.375,9.75,11.6875],"tintindex":0,"rotation":0,"texture":"#0"},"up":{"uv":[10.5,3.25,10.3125,3.1875],"tintindex":0,"rotation":0,"texture":"#0"},"down":{"uv":[10.5625,6.5625,10.375,6.625],"tintindex":0,"rotation":0,"texture":"#0"}},"rotation":{"origin":[6.734126,-1.4231071,5.243514],"angle":-22.5,"axis":"y"}},{"from":[4.8171663,-4.897579,12.278076],"to":[11.017166,0.1384697,17.314125],"faces":{"east":{"uv":[2.25,12.3125,2.5625,12.625],"tintindex":0,"rotation":0,"texture":"#0"},"south":{"uv":[11.875,8.8125,12.25,9.125],"tintindex":0,"rotation":0,"texture":"#0"},"north":{"uv":[11.875,7.375,12.25,7.6875],"tintindex":0,"rotation":0,"texture":"#0"},"west":{"uv":[2.5625,12.3125,2.875,12.625],"tintindex":0,"rotation":0,"texture":"#0"},"up":{"uv":[12.25,9.75,11.875,9.4375],"tintindex":0,"rotation":0,"texture":"#0"},"down":{"uv":[12.25,10.0,11.875,10.3125],"tintindex":0,"rotation":0,"texture":"#0"}},"rotation":{"origin":[5.391695,12.142803,21.024576],"angle":45.0,"axis":"x"}},{"from":[3.264144,-7.6399994,2.4703474],"to":[6.435857,8.372959,9.592396],