{"textures":{"0":"modelengine:entity/mars","particle":"#0"},"elements":[{"from":[1.3499999,10.449999,4.158599],"to":[5.5,12.0,11.083599],"faces":{"east":{"uv":[11.125,0.0,12.0,0.1875],"tintindex":0,"rotation":0,"texture":"#0"},"south":{"uv":[12.0,0.0,12.53125,0.1875],"tintindex":0,"rotation":0,"texture":"#0"},"north":{"uv":[8.125,6.625,8.65625,6.8125],"tintindex":0,"rotation":0,"texture":"#0"},"west":{"uv":[11.125,3.5625,12.0,3.75],"tintindex":0,"rotation":0,"texture":"#0"},"up":{"uv":[2.34375,8.5625,1.8125,7.6875],"tintindex":0,"rotation":0,"texture":"#0"},"down":{"uv":[3.53125,7.75,3.0,8.625],"tintindex":0,"rotation":0,"texture":"#0"}},"rotation":{"origin":[8.0,7.8999996,8.108599],"angle":-22.5,"axis":"z"}},{"from":[7.1,10.25,4.1710987],"to":[11.5,12.599998,11.071099],"faces":{"east":{"uv":[7.25,4.625,8.125,4.90625],"tintindex":0,"rotation":0,"texture":"#0"},"south":{"uv":[11.125,6.375,11.6875,6.65625],"tintindex":0,"rotation":0,"texture":"#0"},"north":{"uv":[11.125,6.0625,11.6875,6.34375],"tintindex":0,"rotation":0,"texture":"#0"},"west":{"uv":[9.875,0.5625,10.75,0.84375],"tintindex":0,"rotation":0,"texture":"#0"},"up":{"uv":[7.5625,8.375,7.0,7.5],"tintindex":0,"rotation":0,"texture":"#0"},"down":{"uv":[8.125,0.9375,7.5625,1.8125],"tintindex":0,"rotation":0,"texture":"#0"}},"rotation":{"origin":[8.0,7.8999996,8.121099],"angle":22.5,"axis":"z"}},{"from":[-1.4955215,12.893677,4.521099],"to":[0.49443293,17.697847,10.721099],"faces":{"east":{"uv":[0.5625,7.875,1.34375,8.46875],"tintindex":0,"rotation":0,"texture":"#0"},"south":{"uv":[11.375,8.1875,11.625,8.78125],"tintindex":0,"rotation":0,"texture":"#0"},"north":{"uv":[7.9375,11.375,8.1875,11.96875],"tintindex":0,"rotation":0,"texture":"#0"},"west":{"uv":[7.875,6.8125,8.65625,7.40625],"tintindex":0,"rotation":0,"texture":"#0"},"up":{"uv":[6.4375,11.34375,6.1875,10.5625],"tintindex":0,"rotation":0,"texture":"#0"},"down":{"uv":[1.9375,10.625,1.6875,11.40625],"tintindex":0,"rotation":0,"texture":"#0"}},"rotation":{"origin":[-2.605567,-19.356323,9.621099],"angle":-22.5,"axis":"z"}},{"from":[3.4555664,10.286732,3.471099],"to":[5.7055664,12.536732,11.771099],"faces":{"east":{"uv":[9.375,5.1875,10.40625,5.46875],"tintindex":0,"rotation":0,"texture":"#0"},"south":{"uv":[12.5625,1.6875,12.84375,1.96875],"tintindex":0,"rotation":0,"texture":"#0"},"north":{"uv":[12.5,9.0625,12.78125,9.34375],"tintindex":0,"rotation":0,"texture":"#0"},"west":{"uv":[9.5,0.875,10.53125,1.15625],"tintindex":0,"rotation":0,"texture":"#0"},"up":{"uv":[6.40625,10.53125,6.125,9.5],"tintindex":0,"rotation":0,"texture":"#0"},"down":{"uv":[1.21875,9.5625,0.9375,10.59375],"tintindex":0,"rotation":0,"texture":"#0"}}},{"from":[3.6555667,7.2452545,5.2735124],"to":[5.2555666,8.4952545,9.968685],"faces":{"east":{"uv":[12.3125,3.0625,12.90625,3.21875],"tintindex":0,"rotation":0,"texture":"#0"},"south":{"uv":[12.9375,8.75,13.125,8.90625],"tintindex":0,"rotation":0,"texture":"#0"},"north":{"uv":[12.9375,7.375,13.125,7.53125],"tintindex":0,"rotation":0,"texture":"#0"},"west":{"uv":[12.375,7.1875,12.96875,7.34375],"tintindex":0,"rotation":0,"texture":"#0"},"up":{"uv":[10.1875,12.71875,10.0,12.125],"tintindex":0,"rotation":0,"texture":"#0"},"down":{"uv":[11.875,12.125,11.6875,12.71875],"tintindex":0,"rotation":0,"texture":"#0"}}},{"from":[5.15,8.995527,3.92969],"to":[13.45,10.645527,11.17969],"faces":{"east":{"uv":[10.375,4.5625,11.28125,4.78125],"tintindex":0,"rotation":0,"texture":"#0"},"south":{"uv":[10.375,0.3125,11.40625,0.53125],"tintindex":0,"rotation":0,"texture":"#0"},"north":{"uv":[9.8125,7.0,10.84375,7.21875],"tintindex":0,"rotation":0,"texture":"#0"},"west":{"uv":[10.375,7.9375,11.28125,8.15625],"tintindex":0,"rotation":0,"texture":"#0"},"up":{"uv":[4.53125,3.78125,3.5,2.875],"tintindex":0,"rotation":0,"texture":"#0"},"down":{"uv":[4.53125,3.8125,3.5,4.71875],"tintindex":0,"rotation":0,"texture":"#0"}},"rotation":{"origin":[8.5,11.407467,7.988348],"angle":-22.5,"axis":"z"}},{"from":[3.6055665,6.886732,15.171099],"to":[5.2055664,10.9867325,16.421099],"faces":{"east":{"uv":[12.625,0.0,12.78125,0.5],"tintindex":0,"rotation":0,"texture":"#0"},"south":{"uv":[1.6875,12.3125,1.875,12.8125],"tintindex":0,"rotation":0,"texture":"#0"},"north":{"uv":[2.75,8.8125,2.9375,9.3125],"tintindex":0,"rotation":0,"texture":"#0"},"west":{"uv":[1.25,12.625,1.40625,13.125],"tintindex":0,"rotation":0,"texture":"#0"},"up":{"uv":[13.125,9.90625,12.9375,9.75],"tintindex":0,"rotation":0,"texture":"#0"},"down":{"uv":[13.125,11.1875,12.9375,11.34375],"tintindex":0,"rotation":0,"texture":"#0"}},"rotation":{"origin":[17.705566,-17.813269,9.321099],"angle":-22.5,"axis":"x"}},{"from":[7.0,10.4,4.121099],"to":[12.0,17.699999,11.121099],"faces":{"east":{"uv":[2.375,3.875,3.25,4.78125],"tintindex":0,"rotation":0,"texture":"#0"},"south":{"uv":[0.625,6.0,1.25,6.90625],"tintindex":0,"rotation":0,"texture":"#0"},"north":{"uv":[0.0,6.0,0.625,6.90625],"tintindex":0,"rotation":0,"texture":"#0"},"west":{"uv":[4.5625,2.875,5.4375,3.78125],"tintindex":0,"rotation":0,"texture":"#0"},"up":{"uv":[5.25,6.9375,4.625,6.0625],"tintindex":0,"rotation":0,"texture":"#0"},"down":{"uv":[6.9375,3.4375,6.3125,4.3125],"tintindex":0,"rotation":0,"texture":"#0"}},"rotation":{"origin":[8.0,7.8999996,8.121099],"angle":-22.5,"axis":"z"}},{"from":[3.65,12.931709,4.553415],"to":[12.35,15.187681,10.201828],"faces":{"east":{"uv":[10.5,9.125,11.21875,9.40625],"tintindex":0,"rotation":0,"texture":"#0"},"south":{"uv":[9.3125,2.3125,10.40625,2.59375],"tintindex":0,"rotation":0,"texture":"#0"},"north":{"uv":[9.25,6.3125,10.34375,6.59375],"tintindex":0,"rotation":0,"texture":"#0"},"west":{"uv":[10.5,9.4375,11.21875,9.71875],"tintindex":0,"rotation":0,"texture":"#0"},"up":{"uv":[5.65625,4.53125,4.5625,3.8125],"tintindex":0,"rotation":0,"texture":"#0"},"down":{"uv":[5.65625,4.5625,4.5625,5.28125],"tintindex":0,"rotation":0,"texture":"#0"}},"rotation":{"origin":[7.25,15.123053,6.6637673],"angle":-22.5,"axis":"x"}},{"from":[3.6555667,7.1161327,-1.3321829],"to":[5.2555666,11.216133,-0.082182884],"faces":{"east":{"uv":[5.0625,12.5625,5.21875,13.0625],"tintindex":0,"rotation":0,"texture":"#0"},"south":{"uv":[2.75,8.8125,2.9375,9.3125],"tintindex":0,"rotation":0,"texture":"#0"},"north":{"uv":[4.375,4.75,4.5625,5.25],"tintindex":0,"rotation":0,"texture":"#0"},"west":{"uv":[9.3125,12.5625,9.46875,13.0625],"tintindex":0,"rotation":0,"texture":"#0"},"up":{"uv":[13.125,3.21875,12.9375,3.0625],"tintindex":0,"rotation":0,"texture":"#0"},"down":{"uv":[13.125,5.5,12.9375,5.65625],"tintindex":0,"rotation":0,"texture":"#0"}},"rotation":{"origin":[17.755566,-18.083866,5.2678175],"angle":22.5,"axis":"x"}},{"from":[3.9,3.73555,-0.1544466],"to":[12.1,7.85705,4.3170533],"faces":{"east":{"uv":[9.625,8.1875,10.1875,8.6875],"tintindex":0,"rotation":0,"texture":"#0"},"south":{"uv":[7.0625,6.3125,8.09375,6.8125],"tintindex":0,"rotation":0,"texture":"#0"},"north":{"uv":[7.0,5.8125,8.03125,6.3125],"tintindex":0,"rotation":0,"texture":"#0"},"west":{"uv":[9.625,8.6875,10.1875,9.1875],"tintindex":0,"rotation":0,"texture":"#0"},"up":{"uv":[6.90625,2.25,5.875,1.6875],"tintindex":0,"rotation":0,"texture":"#0"},"down":{"uv":[6.96875,5.9375,5.9375,6.5],"tintindex":0,"rotation":0,"texture":"#0"}},"rotation":{"origin":[6.9,0.7355499,9.195554],"angle":45.0,"axis":"x"}},{"from":[3.4,9.252474,4.471099],"to":[12.6,14.452473,10.771099],"faces":{"east":{"uv":[3.0,7.0625,3.78125,7.71875],"tintindex":0,"rotation":0,"texture":"#0"},"south":{"uv":[1.1875,4.6875,2.34375,5.34375],"tintindex":0,"rotation":0,"texture":"#0"},"north":{"uv":[0.0,4.6875,1.15625,5.34375],"tintindex":0,"rotation":0,"texture":"#0"},"west":{"uv":[7.0625,6.8125,7.84375,7.46875],"tintindex":0,"rotation":0,"texture":"#0"},"up":{"uv":[1.15625,4.65625,0.0,3.875],"tintindex":0,"rotation":0,"texture":"#0"},"down":{"uv":[2.34375,3.875,1.1875,4.65625],"tintindex":0,"rotation":0,"texture":"#0"}}},{"from":[15.505568,12.893677,4.521099],"to":[17.495522,17.697847,10.721099],