{"textures":{"0":"modelengine:entity/mars","particle":"#0"},"elements":[{"from":[5.0000005,-5.500002,0.87197495],"to":[14.296381,8.5,10.271975],"faces":{"east":{"uv":[6.9375,1.125,7.53125,2.0],"tintindex":0,"rotation":0,"texture":"#0"},"south":{"uv":[6.9375,2.0,7.53125,2.875],"tintindex":0,"rotation":0,"texture":"#0"},"north":{"uv":[0.5625,6.9375,1.15625,7.8125],"tintindex":0,"rotation":0,"texture":"#0"},"west":{"uv":[6.9375,3.4375,7.53125,4.3125],"tintindex":0,"rotation":0,"texture":"#0"},"up":{"uv":[9.28125,1.84375,8.6875,1.25],"tintindex":0,"rotation":0,"texture":"#0"},"down":{"uv":[9.28125,6.625,8.6875,7.21875],"tintindex":0,"rotation":0,"texture":"#0"}}},{"from":[5.417381,-5.171812,1.5519753],"to":[13.1773815,8.528191,10.191974],"faces":{"east":{"uv":[0.0,7.9375,0.53125,8.78125],"tintindex":0,"rotation":0,"texture":"#0"},"south":{"uv":[8.125,7.4375,8.625,8.28125],"tintindex":0,"rotation":0,"texture":"#0"},"north":{"uv":[8.125,5.1875,8.625,6.03125],"tintindex":0,"rotation":0,"texture":"#0"},"west":{"uv":[2.375,7.9375,2.90625,8.78125],"tintindex":0,"rotation":0,"texture":"#0"},"up":{"uv":[5.4375,2.84375,4.9375,2.3125],"tintindex":0,"rotation":0,"texture":"#0"},"down":{"uv":[7.875,9.8125,7.375,10.34375],"tintindex":0,"rotation":0,"texture":"#0"}}},{"from":[6.1223807,-10.332235,1.4412975],"to":[11.322381,-5.4279575,4.660076],"faces":{"east":{"uv":[0.25,10.4375,0.4375,10.75],"tintindex":0,"rotation":0,"texture":"#0"},"south":{"uv":[12.3125,0.1875,12.625,0.5],"tintindex":0,"rotation":0,"texture":"#0"},"north":{"uv":[7.25,4.3125,7.5625,4.625],"tintindex":0,"rotation":0,"texture":"#0"},"west":{"uv":[0.0,12.75,0.1875,13.0625],"tintindex":0,"rotation":0,"texture":"#0"},"up":{"uv":[8.875,4.125,8.5625,3.9375],"tintindex":0,"rotation":0,"texture":"#0"},"down":{"uv":[3.4375,9.375,3.125,9.5625],"tintindex":0,"rotation":0,"texture":"#0"}}},{"from":[5.517381,12.207764,-7.4236326],"to":[13.077381,19.012043,-0.72485447],"faces":{"east":{"uv":[0.8125,10.875,1.21875,11.3125],"tintindex":0,"rotation":0,"texture":"#0"},"south":{"uv":[10.4375,10.1875,10.90625,10.625],"tintindex":0,"rotation":0,"texture":"#0"},"north":{"uv":[8.8125,10.375,9.28125,10.8125],"tintindex":0,"rotation":0,"texture":"#0"},"west":{"uv":[1.25,10.875,1.65625,11.3125],"tintindex":0,"rotation":0,"texture":"#0"},"up":{"uv":[11.09375,6.09375,10.625,5.6875],"tintindex":0,"rotation":0,"texture":"#0"},"down":{"uv":[11.09375,6.5625,10.625,6.96875],"tintindex":0,"rotation":0,"texture":"#0"}},"rotation":{"origin":[10.417666,17.512043,26.416367],"angle":-45.0,"axis":"x"}},{"from":[5.797381,-5.6000004,0.47197437],"to":[14.097382,10.399998,10.671974],"faces":{"east":{"uv":[3.1875,5.4375,3.8125,6.4375],"tintindex":0,"rotation":0,"texture":"#0"},"south":{"uv":[6.5,6.5,7.03125,7.5],"tintindex":0,"rotation":0,"texture":"#0"},"north":{"uv":[5.9375,6.5,6.46875,7.5],"tintindex":0,"rotation":0,"texture":"#0"},"west":{"uv":[2.125,5.6875,2.75,6.6875],"tintindex":0,"rotation":0,"texture":"#0"},"up":{"uv":[8.59375,9.8125,8.0625,9.1875],"tintindex":0,"rotation":0,"texture":"#0"},"down":{"uv":[9.78125,5.6875,9.25,6.3125],"tintindex":0,"rotation":0,"texture":"#0"}},"rotation":{"origin":[7.4,8.399998,7.7719746],"angle":-22.5,"axis":"z"}}],"display":{"head":{"rotation":[0.0,0.0,0.0]},"firstperson_righthand":{"rotation":[0.0,0.0,0.0]},"thirdperson_lefthand":{"rotation":[0.0,-0.0,-0.0]},"firstperson_lefthand":{"rotation":[0.0,-0.0,-0.0]},"fixed":{"rotation":[0.0,0.0,0.0]},"ground":{"rotation":[0.0,0.0,0.0]},"thirdperson_righthand":{"rotation":[0.0,0.0,0.0]},"gui":{"rotation":[-150.0,-45.0,180.0]}}}