{"textures":{"0":"modelengine:entity/mars","particle":"#0"},"elements":[{"from":[4.4378414,5.3167114,0.7153249],"to":[13.528851,14.965523,15.284676],"faces":{"east":{"uv":[2.75,6.4375,3.65625,7.03125],"tintindex":0,"rotation":0,"texture":"#0"},"south":{"uv":[7.5,9.1875,8.0625,9.78125],"tintindex":0,"rotation":0,"texture":"#0"},"north":{"uv":[9.0625,9.0625,9.625,9.65625],"tintindex":0,"rotation":0,"texture":"#0"},"west":{"uv":[6.5,0.5,7.40625,1.09375],"tintindex":0,"rotation":0,"texture":"#0"},"up":{"uv":[6.4375,8.40625,5.875,7.5],"tintindex":0,"rotation":0,"texture":"#0"},"down":{"uv":[7.0,7.5,6.4375,8.40625],"tintindex":0,"rotation":0,"texture":"#0"}}},{"from":[-1.6296673,-4.7537956,6.491579],"to":[2.8016858,-0.3224411,12.259259],"faces":{"east":{"uv":[6.8125,12.25,7.1875,12.53125],"tintindex":0,"rotation":0,"texture":"#0"},"south":{"uv":[12.5625,6.8125,12.84375,7.09375],"tintindex":0,"rotation":0,"texture":"#0"},"north":{"uv":[6.8125,12.5625,7.09375,12.84375],"tintindex":0,"rotation":0,"texture":"#0"},"west":{"uv":[7.1875,12.25,7.5625,12.53125],"tintindex":0,"rotation":0,"texture":"#0"},"up":{"uv":[6.40625,12.625,6.125,12.25],"tintindex":0,"rotation":0,"texture":"#0"},"down":{"uv":[7.84375,12.25,7.5625,12.625],"tintindex":0,"rotation":0,"texture":"#0"}},"rotation":{"origin":[4.576522,6.248333,11.56038],"angle":45.0,"axis":"z"}},{"from":[4.834322,-2.7863464,6.491579],"to":[11.101202,8.181335,12.266939],"faces":{"east":{"uv":[4.4375,9.9375,4.8125,10.625],"tintindex":0,"rotation":0,"texture":"#0"},"south":{"uv":[0.0,9.75,0.40625,10.4375],"tintindex":0,"rotation":0,"texture":"#0"},"north":{"uv":[9.0,9.6875,9.40625,10.375],"tintindex":0,"rotation":0,"texture":"#0"},"west":{"uv":[4.8125,9.9375,5.1875,10.625],"tintindex":0,"rotation":0,"texture":"#0"},"up":{"uv":[3.90625,11.6875,3.5,11.3125],"tintindex":0,"rotation":0,"texture":"#0"},"down":{"uv":[11.71875,7.8125,11.3125,8.1875],"tintindex":0,"rotation":0,"texture":"#0"}}},{"from":[4.943762,1.4696236,5.4286284],"to":[10.991762,6.0942764,11.510878],"faces":{"east":{"uv":[7.875,12.25,8.25,12.53125],"tintindex":0,"rotation":0,"texture":"#0"},"south":{"uv":[12.25,8.75,12.625,9.03125],"tintindex":0,"rotation":0,"texture":"#0"},"north":{"uv":[12.25,7.375,12.625,7.65625],"tintindex":0,"rotation":0,"texture":"#0"},"west":{"uv":[12.25,9.4375,12.625,9.71875],"tintindex":0,"rotation":0,"texture":"#0"},"up":{"uv":[11.1875,11.75,10.8125,11.375],"tintindex":0,"rotation":0,"texture":"#0"},"down":{"uv":[5.3125,11.5,4.9375,11.875],"tintindex":0,"rotation":0,"texture":"#0"}},"rotation":{"origin":[9.3501625,7.781334,11.915765],"angle":22.5,"axis":"x"}},{"from":[4.991762,0.102809906,2.865614],"to":[10.943762,7.9053802,5.6301036],"faces":{"east":{"uv":[5.625,12.375,5.8125,12.875],"tintindex":0,"rotation":0,"texture":"#0"},"south":{"uv":[8.75,10.8125,9.125,11.3125],"tintindex":0,"rotation":0,"texture":"#0"},"north":{"uv":[2.6875,10.75,3.0625,11.25],"tintindex":0,"rotation":0,"texture":"#0"},"west":{"uv":[5.8125,12.375,6.0,12.875],"tintindex":0,"rotation":0,"texture":"#0"},"up":{"uv":[9.75,5.6875,9.375,5.5],"tintindex":0,"rotation":0,"texture":"#0"},"down":{"uv":[1.625,10.4375,1.25,10.625],"tintindex":0,"rotation":0,"texture":"#0"}},"rotation":{"origin":[9.3501625,7.781334,11.915765],"angle":-22.5,"axis":"x"}},{"from":[7.4378414,14.965523,0.6903248],"to":[13.528851,17.614334,15.309675],"faces":{"east":{"uv":[11.5,0.6875,12.40625,0.84375],"tintindex":0,"rotation":0,"texture":"#0"},"south":{"uv":[12.75,6.25,13.125,6.40625],"tintindex":0,"rotation":0,"texture":"#0"},"north":{"uv":[12.75,4.8125,13.125,4.96875],"tintindex":0,"rotation":0,"texture":"#0"},"west":{"uv":[11.5,0.875,12.40625,1.03125],"tintindex":0,"rotation":0,"texture":"#0"},"up":{"uv":[4.4375,9.78125,4.0625,8.875],"tintindex":0,"rotation":0,"texture":"#0"},"down":{"uv":[9.25,5.6875,8.875,6.59375],"tintindex":0,"rotation":0,"texture":"#0"}}},{"from":[6.2452803,5.1593475,0.7403245],"to":[14.644278,8.638329,15.259676],"faces":{"east":{"uv":[10.5625,2.8125,11.46875,3.03125],"tintindex":0,"rotation":0,"texture":"#0"},"south":{"uv":[2.625,12.0625,3.15625,12.28125],"tintindex":0,"rotation":0,"texture":"#0"},"north":{"uv":[7.75,12.0,8.28125,12.21875],"tintindex":0,"rotation":0,"texture":"#0"},"west":{"uv":[10.5625,5.4375,11.46875,5.65625],"tintindex":0,"rotation":0,"texture":"#0"},"up":{"uv":[8.09375,4.59375,7.5625,3.6875],"tintindex":0,"rotation":0,"texture":"#0"},"down":{"uv":[8.09375,7.5,7.5625,8.40625],"tintindex":0,"rotation":0,"texture":"#0"}},"rotation":{"origin":[5.7371197,9.781334,1.8330264],"angle":-22.5,"axis":"z"}}],"display":{"head":{"rotation":[0.0,0.0,0.0]},"firstperson_righthand":{"rotation":[0.0,0.0,0.0]},"thirdperson_lefthand":{"rotation":[0.0,-0.0,-0.0]},"firstperson_lefthand":{"rotation":[0.0,-0.0,-0.0]},"fixed":{"rotation":[0.0,0.0,0.0]},"ground":{"rotation":[0.0,0.0,0.0]},"thirdperson_righthand":{"rotation":[0.0,0.0,0.0]},"gui":{"rotation":[-150.0,-45.0,180.0]}}}