{"textures":{"0":"modelengine:entity/mars","particle":"#0"},"elements":[{"from":[21.772251,17.660713,5.083569],"to":[26.439156,22.327618,11.46357],"faces":{"east":{"uv":[12.0625,4.125,12.46875,4.40625],"tintindex":0,"rotation":0,"texture":"#0"},"south":{"uv":[12.5,5.0,12.78125,5.28125],"tintindex":0,"rotation":0,"texture":"#0"},"north":{"uv":[12.5,4.125,12.78125,4.40625],"tintindex":0,"rotation":0,"texture":"#0"},"west":{"uv":[12.0625,5.5625,12.46875,5.84375],"tintindex":0,"rotation":0,"texture":"#0"},"up":{"uv":[8.59375,12.40625,8.3125,12.0],"tintindex":0,"rotation":0,"texture":"#0"},"down":{"uv":[0.53125,12.0625,0.25,12.46875],"tintindex":0,"rotation":0,"texture":"#0"}},"rotation":{"origin":[-1.0877495,32.90499,29.20357],"angle":-45.0,"axis":"z"}},{"from":[4.4973807,-8.639999,5.048457],"to":[10.697381,5.761198,11.56357],"faces":{"east":{"uv":[8.625,7.4375,9.03125,8.34375],"tintindex":0,"rotation":0,"texture":"#0"},"south":{"uv":[3.4375,8.625,3.8125,9.53125],"tintindex":0,"rotation":0,"texture":"#0"},"north":{"uv":[6.625,8.4375,7.0,9.34375],"tintindex":0,"rotation":0,"texture":"#0"},"west":{"uv":[8.625,8.375,9.03125,9.28125],"tintindex":0,"rotation":0,"texture":"#0"},"up":{"uv":[8.75,11.59375,8.375,11.1875],"tintindex":0,"rotation":0,"texture":"#0"},"down":{"uv":[0.375,11.25,0.0,11.65625],"tintindex":0,"rotation":0,"texture":"#0"}}},{"from":[4.587381,-7.5514507,9.55791],"to":[10.607381,2.380331,13.716297],"faces":{"east":{"uv":[4.0625,5.4375,4.3125,6.0625],"tintindex":0,"rotation":0,"texture":"#0"},"south":{"uv":[10.0625,10.1875,10.4375,10.8125],"tintindex":0,"rotation":0,"texture":"#0"},"north":{"uv":[10.1875,8.1875,10.5625,8.8125],"tintindex":0,"rotation":0,"texture":"#0"},"west":{"uv":[6.9375,11.0,7.1875,11.625],"tintindex":0,"rotation":0,"texture":"#0"},"up":{"uv":[12.75,1.3125,12.375,1.0625],"tintindex":0,"rotation":0,"texture":"#0"},"down":{"uv":[1.625,12.375,1.25,12.625],"tintindex":0,"rotation":0,"texture":"#0"}},"rotation":{"origin":[19.35088,-0.75145054,18.22357],"angle":22.5,"axis":"x"}}],"display":{"head":{"rotation":[0.0,0.0,0.0]},"firstperson_righthand":{"rotation":[0.0,0.0,0.0]},"thirdperson_lefthand":{"rotation":[0.0,-0.0,-0.0]},"firstperson_lefthand":{"rotation":[0.0,-0.0,-0.0]},"fixed":{"rotation":[0.0,0.0,0.0]},"ground":{"rotation":[0.0,0.0,0.0]},"thirdperson_righthand":{"rotation":[0.0,0.0,0.0]},"gui":{"rotation":[-150.0,-45.0,180.0]}}}