{"textures":{"0":"modelengine:entity/mars","particle":"#0"},"elements":[{"from":[4.9226193,0.71204233,6.6733193],"to":[11.482619,6.2271543,9.314516],"faces":{"east":{"uv":[4.375,12.875,4.53125,13.21875],"tintindex":0,"rotation":0,"texture":"#0"},"south":{"uv":[8.1875,11.625,8.59375,11.96875],"tintindex":0,"rotation":0,"texture":"#0"},"north":{"uv":[11.625,5.5625,12.03125,5.90625],"tintindex":0,"rotation":0,"texture":"#0"},"west":{"uv":[4.5625,12.875,4.71875,13.21875],"tintindex":0,"rotation":0,"texture":"#0"},"up":{"uv":[13.03125,9.71875,12.625,9.5625],"tintindex":0,"rotation":0,"texture":"#0"},"down":{"uv":[13.03125,12.4375,12.625,12.59375],"tintindex":0,"rotation":0,"texture":"#0"}},"rotation":{"origin":[9.042905,9.552043,8.40242],"angle":45.0,"axis":"x"}},{"from":[4.4226193,3.2399468,5.0970345],"to":[11.982619,6.2398257,5.977532],"faces":{"east":{"uv":[6.4375,0.5,6.5,0.6875],"tintindex":0,"rotation":0,"texture":"#0"},"south":{"uv":[12.4375,2.25,12.90625,2.4375],"tintindex":0,"rotation":0,"texture":"#0"},"north":{"uv":[12.4375,0.8125,12.90625,1.0],"tintindex":0,"rotation":0,"texture":"#0"},"west":{"uv":[5.25,6.75,5.3125,6.9375],"tintindex":0,"rotation":0,"texture":"#0"},"up":{"uv":[1.03125,7.875,0.5625,7.8125],"tintindex":0,"rotation":0,"texture":"#0"},"down":{"uv":[10.28125,6.25,9.8125,6.3125],"tintindex":0,"rotation":0,"texture":"#0"}}},{"from":[4.4226193,1.7399468,5.977532],"to":[11.982619,6.17115,11.045601],"faces":{"east":{"uv":[8.3125,12.4375,8.625,12.71875],"tintindex":0,"rotation":0,"texture":"#0"},"south":{"uv":[11.6875,5.9375,12.15625,6.21875],"tintindex":0,"rotation":0,"texture":"#0"},"north":{"uv":[11.6875,5.0625,12.15625,5.34375],"tintindex":0,"rotation":0,"texture":"#0"},"west":{"uv":[12.4375,8.3125,12.75,8.59375],"tintindex":0,"rotation":0,"texture":"#0"},"up":{"uv":[11.90625,0.5,11.4375,0.1875],"tintindex":0,"rotation":0,"texture":"#0"},"down":{"uv":[10.78125,11.4375,10.3125,11.75],"tintindex":0,"rotation":0,"texture":"#0"}}},{"from":[4.3426194,2.7241626,8.220245],"to":[12.062619,6.888439,12.799024],"faces":{"east":{"uv":[6.4375,12.625,6.71875,12.875],"tintindex":0,"rotation":0,"texture":"#0"},"south":{"uv":[11.9375,4.5,12.40625,4.75],"tintindex":0,"rotation":0,"texture":"#0"},"north":{"uv":[11.9375,2.25,12.40625,2.5],"tintindex":0,"rotation":0,"texture":"#0"},"west":{"uv":[12.625,7.375,12.90625,7.625],"tintindex":0,"rotation":0,"texture":"#0"},"up":{"uv":[3.96875,11.96875,3.5,11.6875],"tintindex":0,"rotation":0,"texture":"#0"},"down":{"uv":[4.46875,11.6875,4.0,11.96875],"tintindex":0,"rotation":0,"texture":"#0"}},"rotation":{"origin":[9.192905,8.252043,10.90242],"angle":45.0,"axis":"x"}},{"from":[4.4226193,1.7399468,-0.4375801],"to":[11.982619,5.3811436,5.077532],"faces":{"east":{"uv":[2.5625,12.625,2.90625,12.84375],"tintindex":0,"rotation":0,"texture":"#0"},"south":{"uv":[12.25,12.1875,12.71875,12.40625],"tintindex":0,"rotation":0,"texture":"#0"},"north":{"uv":[12.25,4.75,12.71875,4.96875],"tintindex":0,"rotation":0,"texture":"#0"},"west":{"uv":[12.625,3.25,12.96875,3.46875],"tintindex":0,"rotation":0,"texture":"#0"},"up":{"uv":[5.40625,11.46875,4.9375,11.125],"tintindex":0,"rotation":0,"texture":"#0"},"down":{"uv":[11.59375,5.6875,11.125,6.03125],"tintindex":0,"rotation":0,"texture":"#0"}}}],"display":{"head":{"rotation":[0.0,0.0,0.0]},"firstperson_righthand":{"rotation":[0.0,0.0,0.0]},"thirdperson_lefthand":{"rotation":[0.0,-0.0,-0.0]},"firstperson_lefthand":{"rotation":[0.0,-0.0,-0.0]},"fixed":{"rotation":[0.0,0.0,0.0]},"ground":{"rotation":[0.0,0.0,0.0]},"thirdperson_righthand":{"rotation":[0.0,0.0,0.0]},"gui":{"rotation":[-150.0,-45.0,180.0]}}}