{"textures":{"0":"modelengine:entity/mars","particle":"#0"},"elements":[{"from":[6.9218235,-7.634817,9.348401],"to":[10.807474,3.423565,10.58926],"faces":{"east":{"uv":[0.1875,12.75,0.25,13.4375],"tintindex":0,"rotation":0,"texture":"#0"},"south":{"uv":[6.6875,11.0,6.9375,11.6875],"tintindex":0,"rotation":0,"texture":"#0"},"north":{"uv":[6.4375,11.0,6.6875,11.6875],"tintindex":0,"rotation":0,"texture":"#0"},"west":{"uv":[1.1875,12.75,1.25,13.4375],"tintindex":0,"rotation":0,"texture":"#0"},"up":{"uv":[9.75,1.25,9.5,1.1875],"tintindex":0,"rotation":0,"texture":"#0"},"down":{"uv":[10.3125,2.25,10.0625,2.3125],"tintindex":0,"rotation":0,"texture":"#0"}},"rotation":{"origin":[9.265874,-1.4231071,5.243514],"angle":22.5,"axis":"y"}},{"from":[8.954798,3.290268,9.838511],"to":[11.640449,8.048649,11.079371],"faces":{"east":{"uv":[12.125,10.6875,12.1875,11.0],"tintindex":0,"rotation":0,"texture":"#0"},"south":{"uv":[6.875,12.875,7.03125,13.1875],"tintindex":0,"rotation":0,"texture":"#0"},"north":{"uv":[12.875,6.75,13.03125,7.0625],"tintindex":0,"rotation":0,"texture":"#0"},"west":{"uv":[13.0,11.625,13.0625,11.9375],"tintindex":0,"rotation":0,"texture":"#0"},"up":{"uv":[11.46875,0.875,11.3125,0.8125],"tintindex":0,"rotation":0,"texture":"#0"},"down":{"uv":[11.46875,4.75,11.3125,4.8125],"tintindex":0,"rotation":0,"texture":"#0"}},"rotation":{"origin":[10.098848,4.13694,5.733623],"angle":22.5,"axis":"z"}},{"from":[8.754798,-7.5177097,9.838511],"to":[11.640449,-0.4593277,11.079371],"faces":{"east":{"uv":[3.75,9.5625,3.8125,10.0],"tintindex":0,"rotation":0,"texture":"#0"},"south":{"uv":[4.875,12.5625,5.0625,13.0],"tintindex":0,"rotation":0,"texture":"#0"},"north":{"uv":[4.0625,12.5625,4.25,13.0],"tintindex":0,"rotation":0,"texture":"#0"},"west":{"uv":[2.6875,9.75,2.75,10.1875],"tintindex":0,"rotation":0,"texture":"#0"},"up":{"uv":[11.0,7.625,10.8125,7.5625],"tintindex":0,"rotation":0,"texture":"#0"},"down":{"uv":[11.0625,7.1875,10.875,7.25],"tintindex":0,"rotation":0,"texture":"#0"}},"rotation":{"origin":[10.098848,-1.3059998,5.733623],"angle":-22.5,"axis":"z"}},{"from":[6.9218235,-7.634817,1.4734821],"to":[10.807474,3.423565,2.714342],"faces":{"east":{"uv":[5.875,10.6875,5.9375,11.375],"tintindex":0,"rotation":0,"texture":"#0"},"south":{"uv":[11.0,1.125,11.25,1.8125],"tintindex":0,"rotation":0,"texture":"#0"},"north":{"uv":[10.9375,10.6875,11.1875,11.375],"tintindex":0,"rotation":0,"texture":"#0"},"west":{"uv":[2.625,11.375,2.6875,12.0625],"tintindex":0,"rotation":0,"texture":"#0"},"up":{"uv":[3.8125,8.625,3.5625,8.5625],"tintindex":0,"rotation":0,"texture":"#0"},"down":{"uv":[9.5625,2.625,9.3125,2.6875],"tintindex":0,"rotation":0,"texture":"#0"}},"rotation":{"origin":[9.265874,-1.4231071,6.819228],"angle":-22.5,"axis":"y"}},{"from":[8.954798,3.290268,0.98337126],"to":[11.640449,8.048649,2.2242312],"faces":{"east":{"uv":[5.1875,11.875,5.25,12.1875],"tintindex":0,"rotation":0,"texture":"#0"},"south":{"uv":[6.6875,12.875,6.84375,13.1875],"tintindex":0,"rotation":0,"texture":"#0"},"north":{"uv":[6.5,12.875,6.65625,13.1875],"tintindex":0,"rotation":0,"texture":"#0"},"west":{"uv":[1.25,12.0,1.3125,12.3125],"tintindex":0,"rotation":0,"texture":"#0"},"up":{"uv":[11.34375,7.5625,11.1875,7.5],"tintindex":0,"rotation":0,"texture":"#0"},"down":{"uv":[11.40625,1.75,11.25,1.8125],"tintindex":0,"rotation":0,"texture":"#0"}},"rotation":{"origin":[10.098848,4.13694,6.3291197],"angle":22.5,"axis":"z"}},{"from":[7.821823,3.3651848,9.3484],"to":[10.807474,8.378143,10.58926],"faces":{"east":{"uv":[0.125,13.0625,0.1875,13.375],"tintindex":0,"rotation":0,"texture":"#0"},"south":{"uv":[8.875,12.8125,9.0625,13.125],"tintindex":0,"rotation":0,"texture":"#0"},"north":{"uv":[8.6875,12.8125,8.875,13.125],"tintindex":0,"rotation":0,"texture":"#0"},"west":{"uv":[13.0625,0.9375,13.125,1.25],"tintindex":0,"rotation":0,"texture":"#0"},"up":{"uv":[11.125,0.875,10.9375,0.8125],"tintindex":0,"rotation":0,"texture":"#0"},"down":{"uv":[11.1875,5.0625,11.0,5.125],"tintindex":0,"rotation":0,"texture":"#0"}},"rotation":{"origin":[9.265874,-1.4231071,5.243514],"angle":22.5,"axis":"y"}},{"from":[8.754798,-7.5177097,0.98337126],"to":[11.640449,-0.4593277,2.2242312],"faces":{"east":{"uv":[8.0625,5.8125,8.125,6.25],"tintindex":0,"rotation":0,"texture":"#0"},"south":{"uv":[3.875,12.5625,4.0625,13.0],"tintindex":0,"rotation":0,"texture":"#0"},"north":{"uv":[12.5,11.5625,12.6875,12.0],"tintindex":0,"rotation":0,"texture":"#0"},"west":{"uv":[2.25,9.3125,2.3125,9.75],"tintindex":0,"rotation":0,"texture":"#0"},"up":{"uv":[10.75,1.1875,10.5625,1.125],"tintindex":0,"rotation":0,"texture":"#0"},"down":{"uv":[10.8125,7.5625,10.625,7.625],"tintindex":0,"rotation":0,"texture":"#0"}},"rotation":{"origin":[10.098848,-1.3059998,6.3291197],"angle":-22.5,"axis":"z"}},{"from":[8.961458,-1.1137238,0.9813714],"to":[11.847108,3.9446602,2.2222314],"faces":{"east":{"uv":[4.4375,12.0,4.5,12.3125],"tintindex":0,"rotation":0,"texture":"#0"},"south":{"uv":[12.8125,5.0,13.0,5.3125],"tintindex":0,"rotation":0,"texture":"#0"},"north":{"uv":[12.8125,4.125,13.0,4.4375],"tintindex":0,"rotation":0,"texture":"#0"},"west":{"uv":[5.625,12.0625,5.6875,12.375],"tintindex":0,"rotation":0,"texture":"#0"},"up":{"uv":[7.0625,10.75,6.875,10.6875],"tintindex":0,"rotation":0,"texture":"#0"},"down":{"uv":[10.9375,0.8125,10.75,0.875],"tintindex":0,"rotation":0,"texture":"#0"}}},{"from":[4.982834,-4.897579,12.278076],"to":[11.182834,0.1384697,17.314125],"faces":{"east":{"uv":[2.875,12.3125,3.1875,12.625],"tintindex":0,"rotation":0,"texture":"#0"},"south":{"uv":[3.5,12.0,3.875,12.3125],"tintindex":0,"rotation":0,"texture":"#0"},"north":{"uv":[2.25,12.0,2.625,12.3125],"tintindex":0,"rotation":0,"texture":"#0"},"west":{"uv":[3.5,12.3125,3.8125,12.625],"tintindex":0,"rotation":0,"texture":"#0"},"up":{"uv":[12.375,3.8125,12.0,3.5],"tintindex":0,"rotation":0,"texture":"#0"},"down":{"uv":[12.375,3.8125,12.0,4.125],"tintindex":0,"rotation":0,"texture":"#0"}},"rotation":{"origin":[10.608305,12.142803,21.024576],"angle":45.0,"axis":"x"}},{"from":[7.821823,3.3651848,1.4734821],"to":[10.807474,8.378143,2.714342],"faces":{"east":{"uv":[13.0625,1.25,13.125,1.5625],"tintindex":0,"rotation":0,"texture":"#0"},"south":{"uv":[11.1875,12.8125,11.375,13.125],"tintindex":0,"rotation":0,"texture":"#0"},"north":{"uv":[12.8125,9.0,13.0,9.3125],"tintindex":0,"rotation":0,"texture":"#0"},"west":{"uv":[13.0625,1.6875,13.125,2.0],"tintindex":0,"rotation":0,"texture":"#0"},"up":{"uv":[5.125,11.125,4.9375,11.0625],"tintindex":0,"rotation":0,"texture":"#0"},"down":{"uv":[11.3125,0.8125,11.125,0.875],"tintindex":0,"rotation":0,"texture":"#0"}},"rotation":{"origin":[9.265874,-1.4231071,6.8192286],"angle":-22.5,"axis":"y"}},{"from":[9.564143,-7.6399994,2.4703474],"to":[12.735856,8.372959,9.592396],"faces":{"east":{"uv":[8.125,2.125,8.5625,3.125],"tintindex":0,"rotation":0,"texture":"#0"},"south":{"uv":[9.125,10.8125,9.3125,11.8125],"tintindex":0,"rotation":0,"texture":"#0"},"north":{"uv":[0.625,10.75,0.8125,11.75],"tintindex":0,"rotation":0,"texture":"#0"},"west":{"uv":[8.125,3.125,8.5625,4.125],"tintindex":0,"rotation":0,"texture":"#0"},"up":{"uv":[3.375,12.9375,3.1875,12.5],"tintindex":0,"rotation":0,"texture":"#0"},"down":{"uv":[12.6875,5.5,12.5,5.9375],"tintindex":0,"rotation":0,"texture":"#0"}}},{"from":[8.961458,-1.1137238,9.840511],"to":[11.847108,3.9446602,11.081371],"faces":{"east":{"uv":[13.0,12.625,13.0625,12.9375],"tintindex":0,"rotation":0,"texture":"#0"},"south":{"uv":[12.8125,7.625,13.0,7.9375],"tintindex":0,"rotation":0,"texture":"#0"},"north":{"uv":[12.8125,5.9375,13.0,6.25],"tintindex":0,"rotation":0,"texture":"#0"},"west":{"uv":[0.0625,13.0625,0.125,13.375],"tintindex":0,"rotation":0,"texture":"#0"},"up":{"uv":[10.9375,1.1875,10.75,1.125],"tintindex":0,"rotation":0,"texture":"#0"},"down":{"uv":[11.0,3.5625,10.8125,3.625],"tintindex":0,"rotation":0,"texture":"#0"}}},{"from":[4.8819065,-3.6348171,2.790495],"to":[11.253618,6.278141,9.912542],