{"textures":{"0":"modelengine:entity/mars","particle":"#0"},"elements":[{"from":[4.4800014,-9.742388,1.8176918],"to":[7.6000004,-6.0463867,15.257692],"faces":{"east":{"uv":[1.5,11.6875,1.6875,12.375],"tintindex":0,"rotation":90,"texture":"#0"},"south":{"uv":[2.03125,13.0,1.875,13.1875],"tintindex":0,"rotation":0,"texture":"#0"},"north":{"uv":[13.15625,0.1875,13.0,0.0],"tintindex":0,"rotation":180,"texture":"#0"},"west":{"uv":[4.5,11.6875,4.6875,12.375],"tintindex":0,"rotation":270,"texture":"#0"},"up":{"uv":[12.1875,10.5,12.34375,11.1875],"tintindex":0,"rotation":0,"texture":"#0"},"down":{"uv":[10.375,12.1875,10.53125,12.875],"tintindex":0,"rotation":180,"texture":"#0"}},"rotation":{"origin":[6.273733,5.717453,6.8930902],"angle":-45.0,"axis":"x"}},{"from":[4.540001,17.43103,-0.44000053],"to":[7.540001,21.12703,15.4],"faces":{"east":{"uv":[2.875,11.25,3.0625,12.0625],"tintindex":0,"rotation":90,"texture":"#0"},"south":{"uv":[4.21875,13.0,4.0625,13.1875],"tintindex":0,"rotation":0,"texture":"#0"},"north":{"uv":[4.03125,13.1875,3.875,13.0],"tintindex":0,"rotation":180,"texture":"#0"},"west":{"uv":[11.1875,11.25,11.375,12.0625],"tintindex":0,"rotation":270,"texture":"#0"},"up":{"uv":[9.3125,11.75,9.46875,12.5625],"tintindex":0,"rotation":0,"texture":"#0"},"down":{"uv":[8.9375,11.75,9.09375,12.5625],"tintindex":0,"rotation":180,"texture":"#0"}}},{"from":[4.4800014,-9.116018,-0.55714226],"to":[7.6000004,-5.420019,12.882858],"faces":{"east":{"uv":[5.1875,9.0,5.375,9.6875],"tintindex":0,"rotation":90,"texture":"#0"},"south":{"uv":[13.03125,12.9375,12.875,13.125],"tintindex":0,"rotation":0,"texture":"#0"},"north":{"uv":[13.09375,12.1875,12.9375,12.0],"tintindex":0,"rotation":180,"texture":"#0"},"west":{"uv":[1.3125,11.6875,1.5,12.375],"tintindex":0,"rotation":270,"texture":"#0"},"up":{"uv":[10.1875,12.1875,10.34375,12.875],"tintindex":0,"rotation":0,"texture":"#0"},"down":{"uv":[9.5,12.1875,9.65625,12.875],"tintindex":0,"rotation":180,"texture":"#0"}},"rotation":{"origin":[6.273733,5.717453,7.1810913],"angle":45.0,"axis":"x"}},{"from":[4.800001,-5.9596386,-5.96],"to":[6.58,20.800362,20.92],"faces":{"east":{"uv":[3.5,0.0,4.90625,1.40625],"tintindex":0,"rotation":90,"texture":"#0"},"south":{"uv":[3.875,12.3125,3.8125,13.71875],"tintindex":0,"rotation":0,"texture":"#0"},"north":{"uv":[8.3125,13.65625,8.25,12.25],"tintindex":0,"rotation":180,"texture":"#0"},"west":{"uv":[3.5,1.4375,4.90625,2.84375],"tintindex":0,"rotation":270,"texture":"#0"},"up":{"uv":[11.125,12.1875,11.1875,13.59375],"tintindex":0,"rotation":0,"texture":"#0"},"down":{"uv":[5.25,11.875,5.3125,13.28125],"tintindex":0,"rotation":180,"texture":"#0"}}},{"from":[4.4800014,19.889568,-0.59058666],"to":[7.6000004,23.585567,12.849415],"faces":{"east":{"uv":[6.4375,11.6875,6.625,12.375],"tintindex":0,"rotation":90,"texture":"#0"},"south":{"uv":[5.03125,13.0,4.875,13.1875],"tintindex":0,"rotation":0,"texture":"#0"},"north":{"uv":[13.15625,4.3125,13.0,4.125],"tintindex":0,"rotation":180,"texture":"#0"},"west":{"uv":[6.625,11.6875,6.8125,12.375],"tintindex":0,"rotation":270,"texture":"#0"},"up":{"uv":[10.75,12.1875,10.90625,12.875],"tintindex":0,"rotation":0,"texture":"#0"},"down":{"uv":[10.5625,12.1875,10.71875,12.875],"tintindex":0,"rotation":180,"texture":"#0"}},"rotation":{"origin":[6.273733,5.717453,6.8930902],"angle":45.0,"axis":"x"}},{"from":[4.3600006,0.70036316,-8.779514],"to":[7.720001,14.140362,-5.4195156],"faces":{"east":{"uv":[11.6875,6.4375,12.375,6.625],"tintindex":0,"rotation":90,"texture":"#0"},"south":{"uv":[2.25,11.75,2.0625,12.4375],"tintindex":0,"rotation":0,"texture":"#0"},"north":{"uv":[2.0625,12.4375,1.875,11.75],"tintindex":0,"rotation":180,"texture":"#0"},"west":{"uv":[11.6875,7.1875,12.375,7.375],"tintindex":0,"rotation":270,"texture":"#0"},"up":{"uv":[10.5625,3.0625,10.75,3.25],"tintindex":0,"rotation":0,"texture":"#0"},"down":{"uv":[5.9375,10.375,6.125,10.5625],"tintindex":0,"rotation":180,"texture":"#0"}}},{"from":[4.540001,-6.2863045,-0.44000053],"to":[7.540001,-2.5903053,15.4],"faces":{"east":{"uv":[0.375,11.25,0.5625,12.0625],"tintindex":0,"rotation":90,"texture":"#0"},"south":{"uv":[13.15625,3.25,13.0,3.4375],"tintindex":0,"rotation":0,"texture":"#0"},"north":{"uv":[13.15625,2.625,13.0,2.4375],"tintindex":0,"rotation":180,"texture":"#0"},"west":{"uv":[2.6875,11.25,2.875,12.0625],"tintindex":0,"rotation":270,"texture":"#0"},"up":{"uv":[8.75,11.75,8.90625,12.5625],"tintindex":0,"rotation":0,"texture":"#0"},"down":{"uv":[5.4375,11.75,5.59375,12.5625],"tintindex":0,"rotation":180,"texture":"#0"}}},{"from":[4.3600006,0.70036125,20.043514],"to":[7.720001,14.140362,23.739513],"faces":{"east":{"uv":[9.6875,7.625,10.375,7.8125],"tintindex":0,"rotation":90,"texture":"#0"},"south":{"uv":[5.875,11.6875,5.6875,12.375],"tintindex":0,"rotation":0,"texture":"#0"},"north":{"uv":[4.875,12.375,4.6875,11.6875],"tintindex":0,"rotation":180,"texture":"#0"},"west":{"uv":[11.6875,6.25,12.375,6.4375],"tintindex":0,"rotation":270,"texture":"#0"},"up":{"uv":[9.4375,9.6875,9.625,9.875],"tintindex":0,"rotation":0,"texture":"#0"},"down":{"uv":[9.0625,3.25,9.25,3.4375],"tintindex":0,"rotation":180,"texture":"#0"}}},{"from":[4.4800014,19.263203,1.8511348],"to":[7.6000004,22.959202,15.291135],"faces":{"east":{"uv":[11.6875,10.0,11.875,10.6875],"tintindex":0,"rotation":90,"texture":"#0"},"south":{"uv":[13.15625,5.9375,13.0,6.125],"tintindex":0,"rotation":0,"texture":"#0"},"north":{"uv":[13.15625,5.1875,13.0,5.0],"tintindex":0,"rotation":180,"texture":"#0"},"west":{"uv":[0.5625,11.75,0.75,12.4375],"tintindex":0,"rotation":270,"texture":"#0"},"up":{"uv":[12.0625,12.1875,12.21875,12.875],"tintindex":0,"rotation":0,"texture":"#0"},"down":{"uv":[10.9375,12.1875,11.09375,12.875],"tintindex":0,"rotation":180,"texture":"#0"}},"rotation":{"origin":[6.273733,5.717453,7.1810913],"angle":-45.0,"axis":"x"}}],"display":{"head":{"rotation":[0.0,0.0,0.0]},"firstperson_righthand":{"rotation":[0.0,0.0,0.0]},"thirdperson_lefthand":{"rotation":[0.0,-0.0,-0.0]},"firstperson_lefthand":{"rotation":[0.0,-0.0,-0.0]},"fixed":{"rotation":[0.0,0.0,0.0]},"ground":{"rotation":[0.0,0.0,0.0]},"thirdperson_righthand":{"rotation":[0.0,0.0,0.0]},"gui":{"rotation":[-150.0,-45.0,180.0]}}}