{"textures":{"0":"modelengine:entity/mars","particle":"#0"},"elements":[{"from":[7.5,7.35,21.95956],"to":[8.5,8.683333,23.292892],"faces":{"east":{"uv":[0.75,12.6875,1.0,12.9375],"tintindex":0,"rotation":0,"texture":"#0"},"south":{"uv":[8.8125,10.125,9.0,10.375],"tintindex":0,"rotation":0,"texture":"#0"},"north":{"uv":[9.875,1.625,10.0625,1.875],"tintindex":0,"rotation":0,"texture":"#0"},"west":{"uv":[12.6875,5.5,12.9375,5.75],"tintindex":0,"rotation":0,"texture":"#0"},"up":{"uv":[8.375,11.625,8.1875,11.375],"tintindex":0,"rotation":0,"texture":"#0"},"down":{"uv":[9.3125,12.875,9.125,13.125],"tintindex":0,"rotation":0,"texture":"#0"}},"rotation":{"origin":[8.0,8.016666,22.626226],"angle":-45.0,"axis":"x"}},{"from":[7.725,7.196793,-11.096794],"to":[8.275,8.530127,-10.596794],"faces":{"east":{"uv":[13.0,8.9375,13.09375,9.1875],"tintindex":0,"rotation":0,"texture":"#0"},"south":{"uv":[13.0,10.875,13.09375,11.125],"tintindex":0,"rotation":0,"texture":"#0"},"north":{"uv":[13.0,8.5,13.09375,8.75],"tintindex":0,"rotation":0,"texture":"#0"},"west":{"uv":[13.0,11.375,13.09375,11.625],"tintindex":0,"rotation":0,"texture":"#0"},"up":{"uv":[13.15625,0.71875,13.0625,0.625],"tintindex":0,"rotation":0,"texture":"#0"},"down":{"uv":[13.15625,2.0,13.0625,2.09375],"tintindex":0,"rotation":0,"texture":"#0"}},"rotation":{"origin":[8.0,7.86346,-10.846794],"angle":45.0,"axis":"x"}},{"from":[7.6666665,7.683333,-1.486124],"to":[8.333333,8.349999,22.813877],"faces":{"east":{"uv":[5.6875,4.9375,10.25,5.0625],"tintindex":0,"rotation":0,"texture":"#0"},"south":{"uv":[11.875,7.6875,12.0,7.8125],"tintindex":0,"rotation":0,"texture":"#0"},"north":{"uv":[11.6875,1.375,11.8125,1.5],"tintindex":0,"rotation":0,"texture":"#0"},"west":{"uv":[5.6875,5.0625,10.25,5.1875],"tintindex":0,"rotation":0,"texture":"#0"},"up":{"uv":[3.9375,10.0,3.8125,5.4375],"tintindex":0,"rotation":0,"texture":"#0"},"down":{"uv":[3.9375,10.0,3.8125,5.4375],"tintindex":0,"rotation":0,"texture":"#0"}}}],"display":{"head":{"rotation":[0.0,0.0,0.0]},"firstperson_righthand":{"rotation":[0.0,0.0,0.0]},"thirdperson_lefthand":{"rotation":[0.0,-0.0,-0.0]},"firstperson_lefthand":{"rotation":[0.0,-0.0,-0.0]},"fixed":{"rotation":[0.0,0.0,0.0]},"ground":{"rotation":[0.0,0.0,0.0]},"thirdperson_righthand":{"rotation":[0.0,0.0,0.0]},"gui":{"rotation":[-150.0,-45.0,180.0]}}}