{"textures":{"0":"modelengine:entity/orc_warrior","2":"modelengine:entity/orc_archer","particle":"#2"},"elements":[{"from":[6.9875,19.73818,-10.837881],"to":[9.0125,22.73818,-4.83788],"faces":{"east":{"uv":[4.508,3.258,5.992,3.992],"tintindex":0,"rotation":0,"texture":"#2"},"south":{"uv":[5.508,6.258,5.992,6.992],"tintindex":0,"rotation":0,"texture":"#2"},"north":{"uv":[6.258,4.008,6.742,4.742],"tintindex":0,"rotation":0,"texture":"#2"},"west":{"uv":[4.508,4.258,5.992,4.992],"tintindex":0,"rotation":0,"texture":"#2"},"up":{"uv":[4.492,6.742,4.008,5.258],"tintindex":0,"rotation":0,"texture":"#2"},"down":{"uv":[5.242,5.258,4.758,6.742],"tintindex":0,"rotation":0,"texture":"#2"}},"rotation":{"origin":[4.8232,-2.5419102,-2.00488],"angle":45.0,"axis":"x"}},{"from":[7.0,3.74971,17.266739],"to":[9.0,9.749712,20.266739],"faces":{"east":{"uv":[1.508,4.508,2.242,5.992],"tintindex":0,"rotation":0,"texture":"#2"},"south":{"uv":[3.258,5.258,3.742,6.742],"tintindex":0,"rotation":0,"texture":"#2"},"north":{"uv":[2.508,5.258,2.992,6.742],"tintindex":0,"rotation":0,"texture":"#2"},"west":{"uv":[4.508,1.508,5.242,2.992],"tintindex":0,"rotation":0,"texture":"#2"},"up":{"uv":[0.492,6.492,0.008,5.758],"tintindex":0,"rotation":0,"texture":"#2"},"down":{"uv":[1.242,5.758,0.758,6.492],"tintindex":0,"rotation":0,"texture":"#2"}},"rotation":{"origin":[4.8232,-2.5419102,-2.00488],"angle":-22.5,"axis":"x"}},{"from":[4.0,6.5184803,4.3604],"to":[12.0,11.51848,9.3604],"faces":{"east":{"uv":[5.6895,4.3145,5.998,4.623],"tintindex":0,"rotation":0,"texture":"#0"},"south":{"uv":[2.9395,4.377,3.4355,4.6855],"tintindex":0,"rotation":0,"texture":"#0"},"north":{"uv":[4.377,1.8145,4.873,2.123],"tintindex":0,"rotation":0,"texture":"#0"},"west":{"uv":[5.3145,5.6895,5.623,5.998],"tintindex":0,"rotation":0,"texture":"#0"},"up":{"uv":[4.873,3.248,4.377,2.9395],"tintindex":0,"rotation":0,"texture":"#0"},"down":{"uv":[4.8105,4.377,4.3145,4.6855],"tintindex":0,"rotation":0,"texture":"#0"}}},{"from":[4.0,11.51848,1.3604002],"to":[12.0,16.51848,9.3604],"faces":{"east":{"uv":[0.8145,4.3145,1.3105,4.623],"tintindex":0,"rotation":0,"texture":"#0"},"south":{"uv":[1.377,4.3145,1.873,4.623],"tintindex":0,"rotation":0,"texture":"#0"},"north":{"uv":[4.252,3.627,4.748,3.9355],"tintindex":0,"rotation":0,"texture":"#0"},"west":{"uv":[4.3145,4.002,4.8105,4.3105],"tintindex":0,"rotation":0,"texture":"#0"},"up":{"uv":[2.6855,3.5605,2.1895,3.0645],"tintindex":0,"rotation":0,"texture":"#0"},"down":{"uv":[3.623,0.4395,3.127,0.9355],"tintindex":0,"rotation":0,"texture":"#0"}}},{"from":[-3.5405998,10.51848,4.07802],"to":[1.4594002,16.51848,4.07802],"faces":{"south":{"uv":[2.998,5.3145,2.6895,5.6855],"tintindex":0,"rotation":0,"texture":"#0"},"north":{"uv":[2.6895,5.3145,2.998,5.6855],"tintindex":0,"rotation":0,"texture":"#0"},"west":{"uv":[2.252,5.127,2.242,5.498],"tintindex":0,"rotation":0,"texture":"#0"}},"rotation":{"origin":[4.8232,-2.5419102,-2.00488],"angle":22.5,"axis":"y"}},{"from":[7.0,12.51848,2.3604002],"to":[9.0,19.51848,11.3604],"faces":{"east":{"uv":[3.127,1.002,3.6855,1.4355],"tintindex":0,"rotation":0,"texture":"#0"},"south":{"uv":[1.8145,6.377,1.9355,6.8105],"tintindex":0,"rotation":0,"texture":"#0"},"north":{"uv":[2.3145,4.5645,2.4355,4.998],"tintindex":0,"rotation":0,"texture":"#0"},"west":{"uv":[0.002,3.1895,0.5605,3.623],"tintindex":0,"rotation":0,"texture":"#0"},"up":{"uv":[6.1855,6.123,6.0645,5.5645],"tintindex":0,"rotation":0,"texture":"#0"},"down":{"uv":[5.748,6.0645,5.627,6.623],"tintindex":0,"rotation":0,"texture":"#0"}}},{"from":[7.0,11.51848,0.3854003],"to":[9.0,15.51848,1.3854003],"faces":{"east":{"uv":[0.6895,4.377,0.748,4.623],"tintindex":0,"rotation":0,"texture":"#0"},"south":{"uv":[4.377,2.1895,4.498,2.4355],"tintindex":0,"rotation":0,"texture":"#0"},"north":{"uv":[2.002,3.3145,2.123,3.5605],"tintindex":0,"rotation":0,"texture":"#0"},"west":{"uv":[5.0645,0.502,5.123,0.748],"tintindex":0,"rotation":0,"texture":"#0"},"up":{"uv":[3.873,1.4355,3.752,1.377],"tintindex":0,"rotation":0,"texture":"#0"},"down":{"uv":[4.248,0.502,4.127,0.5605],"tintindex":0,"rotation":0,"texture":"#0"}}},{"from":[14.056971,10.51848,1.6466002],"to":[19.05697,16.51848,1.6466002],"faces":{"east":{"uv":[2.252,5.127,2.242,5.498],"tintindex":0,"rotation":0,"texture":"#0"},"south":{"uv":[2.6895,5.3145,2.998,5.6855],"tintindex":0,"rotation":0,"texture":"#0"},"north":{"uv":[2.998,5.3145,2.6895,5.6855],"tintindex":0,"rotation":0,"texture":"#0"}},"rotation":{"origin":[4.8232,-2.5419102,-2.00488],"angle":-22.5,"axis":"y"}}],"display":{"head":{"rotation":[0.0,0.0,0.0]},"firstperson_righthand":{"rotation":[0.0,0.0,0.0]},"thirdperson_lefthand":{"rotation":[0.0,-0.0,-0.0]},"firstperson_lefthand":{"rotation":[0.0,-0.0,-0.0]},"fixed":{"rotation":[0.0,0.0,0.0]},"ground":{"rotation":[0.0,0.0,0.0]},"thirdperson_righthand":{"rotation":[0.0,0.0,0.0]},"gui":{"rotation":[-150.0,-45.0,180.0]}}}