{"textures":{"0":"modelengine:entity/orc_warrior","particle":"#0"},"elements":[{"from":[5.25906,-2.9169502,8.17857],"to":[6.25906,0.083049774,9.17857],"faces":{"east":{"uv":[3.8145,6.377,3.873,6.5605],"tintindex":0,"rotation":0,"texture":"#0"},"south":{"uv":[4.002,6.627,4.0605,6.8105],"tintindex":0,"rotation":0,"texture":"#0"},"north":{"uv":[1.3145,5.877,1.373,6.0605],"tintindex":0,"rotation":0,"texture":"#0"},"west":{"uv":[1.127,7.002,1.1855,7.1855],"tintindex":0,"rotation":0,"texture":"#0"},"up":{"uv":[1.123,3.248,1.0645,3.1895],"tintindex":0,"rotation":0,"texture":"#0"},"down":{"uv":[0.873,4.1895,0.8145,4.248],"tintindex":0,"rotation":0,"texture":"#0"}}},{"from":[11.91226,-2.39073,5.55357],"to":[12.91226,-0.3907299,6.55357],"faces":{"east":{"uv":[7.002,7.0645,7.0605,7.1855],"tintindex":0,"rotation":0,"texture":"#0"},"south":{"uv":[0.002,7.127,0.0605,7.248],"tintindex":0,"rotation":0,"texture":"#0"},"north":{"uv":[6.877,7.0645,6.9355,7.1855],"tintindex":0,"rotation":0,"texture":"#0"},"west":{"uv":[0.127,7.127,0.1855,7.248],"tintindex":0,"rotation":0,"texture":"#0"},"up":{"uv":[5.998,0.8105,5.9395,0.752],"tintindex":0,"rotation":0,"texture":"#0"},"down":{"uv":[2.1855,5.9395,2.127,5.998],"tintindex":0,"rotation":0,"texture":"#0"}},"rotation":{"origin":[7.7340603,5.5917797,8.05357],"angle":-22.5,"axis":"z"}},{"from":[4.2340603,3.0830498,4.55357],"to":[9.23406,7.08305,11.55357],"faces":{"east":{"uv":[5.4395,2.9395,5.873,3.1855],"tintindex":0,"rotation":0,"texture":"#0"},"south":{"uv":[6.002,2.4395,6.3105,2.6855],"tintindex":0,"rotation":0,"texture":"#0"},"north":{"uv":[4.377,3.3145,4.6855,3.5605],"tintindex":0,"rotation":0,"texture":"#0"},"west":{"uv":[5.502,2.4395,5.9355,2.6855],"tintindex":0,"rotation":0,"texture":"#0"},"up":{"uv":[2.623,5.498,2.3145,5.0645],"tintindex":0,"rotation":0,"texture":"#0"},"down":{"uv":[2.1855,5.127,1.877,5.5605],"tintindex":0,"rotation":0,"texture":"#0"}}},{"from":[5.35369,-3.8994904,5.55357],"to":[7.35369,-2.8994904,6.55357],"faces":{"east":{"uv":[5.9355,5.0645,5.877,5.123],"tintindex":0,"rotation":270,"texture":"#0"},"south":{"uv":[7.0645,6.127,7.123,6.248],"tintindex":0,"rotation":270,"texture":"#0"},"north":{"uv":[7.002,5.377,7.0605,5.498],"tintindex":0,"rotation":90,"texture":"#0"},"west":{"uv":[5.8105,5.123,5.752,5.0645],"tintindex":0,"rotation":270,"texture":"#0"},"up":{"uv":[7.0645,3.252,7.123,3.373],"tintindex":0,"rotation":270,"texture":"#0"},"down":{"uv":[6.752,7.0645,6.8105,7.1855],"tintindex":0,"rotation":270,"texture":"#0"}}},{"from":[5.25906,-2.9169502,5.55357],"to":[6.25906,0.083049774,6.55357],"faces":{"east":{"uv":[3.8145,6.377,3.873,6.5605],"tintindex":0,"rotation":0,"texture":"#0"},"south":{"uv":[4.002,6.627,4.0605,6.8105],"tintindex":0,"rotation":0,"texture":"#0"},"north":{"uv":[1.3145,5.877,1.373,6.0605],"tintindex":0,"rotation":0,"texture":"#0"},"west":{"uv":[1.127,7.002,1.1855,7.1855],"tintindex":0,"rotation":0,"texture":"#0"},"up":{"uv":[1.123,3.248,1.0645,3.1895],"tintindex":0,"rotation":0,"texture":"#0"},"down":{"uv":[0.873,4.1895,0.8145,4.248],"tintindex":0,"rotation":0,"texture":"#0"}}},{"from":[5.35369,-3.8994904,9.55357],"to":[7.35369,-2.8994904,10.55357],"faces":{"east":{"uv":[5.9355,5.0645,5.877,5.123],"tintindex":0,"rotation":270,"texture":"#0"},"south":{"uv":[7.0645,6.127,7.123,6.248],"tintindex":0,"rotation":270,"texture":"#0"},"north":{"uv":[7.002,5.377,7.0605,5.498],"tintindex":0,"rotation":90,"texture":"#0"},"west":{"uv":[5.8105,5.123,5.752,5.0645],"tintindex":0,"rotation":270,"texture":"#0"},"up":{"uv":[7.0645,3.252,7.123,3.373],"tintindex":0,"rotation":270,"texture":"#0"},"down":{"uv":[6.752,7.0645,6.8105,7.1855],"tintindex":0,"rotation":270,"texture":"#0"}}},{"from":[5.35369,-3.8994904,6.80357],"to":[7.35369,-2.8994904,7.80357],"faces":{"east":{"uv":[5.9355,5.0645,5.877,5.123],"tintindex":0,"rotation":270,"texture":"#0"},"south":{"uv":[7.0645,6.127,7.123,6.248],"tintindex":0,"rotation":270,"texture":"#0"},"north":{"uv":[7.002,5.377,7.0605,5.498],"tintindex":0,"rotation":90,"texture":"#0"},"west":{"uv":[5.8105,5.123,5.752,5.0645],"tintindex":0,"rotation":270,"texture":"#0"},"up":{"uv":[7.0645,3.252,7.123,3.373],"tintindex":0,"rotation":270,"texture":"#0"},"down":{"uv":[6.752,7.0645,6.8105,7.1855],"tintindex":0,"rotation":270,"texture":"#0"}}},{"from":[8.73406,3.0830498,5.05357],"to":[10.73406,6.08305,11.05357],"faces":{"east":{"uv":[5.5645,3.5645,5.9355,3.748],"tintindex":0,"rotation":0,"texture":"#0"},"south":{"uv":[4.002,6.877,4.123,7.0605],"tintindex":0,"rotation":0,"texture":"#0"},"north":{"uv":[3.627,6.877,3.748,7.0605],"tintindex":0,"rotation":0,"texture":"#0"},"west":{"uv":[6.127,0.002,6.498,0.1855],"tintindex":0,"rotation":0,"texture":"#0"},"up":{"uv":[1.1855,6.9355,1.0645,6.5645],"tintindex":0,"rotation":0,"texture":"#0"},"down":{"uv":[6.6855,1.1895,6.5645,1.5605],"tintindex":0,"rotation":0,"texture":"#0"}}},{"from":[5.35369,-3.8994904,8.17857],"to":[7.35369,-2.8994904,9.17857],"faces":{"east":{"uv":[5.9355,5.0645,5.877,5.123],"tintindex":0,"rotation":270,"texture":"#0"},"south":{"uv":[7.0645,6.127,7.123,6.248],"tintindex":0,"rotation":270,"texture":"#0"},"north":{"uv":[7.002,5.377,7.0605,5.498],"tintindex":0,"rotation":90,"texture":"#0"},"west":{"uv":[5.8105,5.123,5.752,5.0645],"tintindex":0,"rotation":270,"texture":"#0"},"up":{"uv":[7.0645,3.252,7.123,3.373],"tintindex":0,"rotation":270,"texture":"#0"},"down":{"uv":[6.752,7.0645,6.8105,7.1855],"tintindex":0,"rotation":270,"texture":"#0"}}},{"from":[5.2340603,0.083049774,5.55357],"to":[10.23406,8.08305,10.55357],"faces":{"east":{"uv":[1.127,4.6895,1.4355,5.1855],"tintindex":0,"rotation":0,"texture":"#0"},"south":{"uv":[1.502,4.6895,1.8105,5.1855],"tintindex":0,"rotation":0,"texture":"#0"},"north":{"uv":[0.752,4.6895,1.0605,5.1855],"tintindex":0,"rotation":0,"texture":"#0"},"west":{"uv":[2.877,4.752,3.1855,5.248],"tintindex":0,"rotation":0,"texture":"#0"},"up":{"uv":[6.0605,1.5605,5.752,1.252],"tintindex":0,"rotation":0,"texture":"#0"},"down":{"uv":[6.0605,1.627,5.752,1.9355],"tintindex":0,"rotation":0,"texture":"#0"}}},{"from":[9.22869,-1.9169502,5.55357],"to":[10.22869,0.083049774,6.55357],"faces":{"east":{"uv":[0.5645,7.127,0.623,7.248],"tintindex":0,"rotation":0,"texture":"#0"},"south":{"uv":[0.6895,7.127,0.748,7.248],"tintindex":0,"rotation":0,"texture":"#0"},"north":{"uv":[0.252,7.127,0.3105,7.248],"tintindex":0,"rotation":0,"texture":"#0"},"west":{"uv":[0.8145,7.127,0.873,7.248],"tintindex":0,"rotation":0,"texture":"#0"},"up":{"uv":[6.1855,0.3105,6.127,0.252],"tintindex":0,"rotation":0,"texture":"#0"},"down":{"uv":[6.3105,3.0645,6.252,3.123],"tintindex":0,"rotation":0,"texture":"#0"}}},{"from":[3.2340603,1.0830498,3.5535698],"to":[9.23406,3.0830498,12.55357],"faces":{"east":{"uv":[6.0645,4.252,6.623,4.373],"tintindex":0,"rotation":0,"texture":"#0"},"south":{"uv":[6.5645,0.002,6.9355,0.123],"tintindex":0,"rotation":0,"texture":"#0"},"north":{"uv":[6.4395,5.9395,6.8105,6.0605],"tintindex":0,"rotation":0,"texture":"#0"},"west":{"uv":[6.0645,4.4395,6.623,4.5605],"tintindex":0,"rotation":0,"texture":"#0"},"up":{"uv":[0.373,4.248,0.002,3.6895],"tintindex":0,"rotation":0,"texture":"#0"},"down":{"uv":[4.0605,0.002,3.6895,0.5605],"tintindex":0,"rotation":0,"texture":"#0"}}},{"from":[5.25906,-2.9169502,9.55357],"to":[6.25906,0.083049774,10.55357],"faces":{"east":{"uv":[3.8145,6.377,3.873,6.5605],"tintindex":0,"rotation":0,"texture":"#0"},"south":{"uv":[4.002,6.627,4.0605,6.8105],"tintindex":0,"rotation":0,"texture":"#0"},"north":{"uv":[1.3145,5.877,1.373,6.0605],"tintindex":0,"rotation":0,"texture":"#0"},"west":{"uv":[1.127,7.002,1.1855,7.1855],"tintindex":0,"rotation":0,"texture":"#0"},"up":{"uv":[1.123,3.248,1.0645,3.1895],"tintindex":0,"rotation":0,"texture":"#0"},"down":{"uv":[0.873,4.1895,0.8145,4.248],"tintindex":0,"rotation":0,"texture":"#0"}}},{"from":[5.25906,-2.9169502,6.80357],"to":[6.25906,0.083049774,7.80357],"faces":{"east":{"uv":[3.8145,6.377,3.873,6.5605],"tintindex":0,"rotation":0,"texture":"#0"},