{"textures":{"0":"modelengine:entity/orc_warrior","2":"modelengine:entity/orc_archer","particle":"#2"},"elements":[{"from":[5.5124903,14.322321,8.83524],"to":[11.51249,15.322321,9.83524],"faces":{"east":{"uv":[8.758,2.508,8.992,2.742],"tintindex":0,"rotation":0,"texture":"#2"},"south":{"uv":[5.508,2.008,6.992,2.242],"tintindex":0,"rotation":0,"texture":"#2"},"north":{"uv":[5.508,1.508,6.992,1.742],"tintindex":0,"rotation":0,"texture":"#2"},"west":{"uv":[3.008,8.758,3.242,8.992],"tintindex":0,"rotation":0,"texture":"#2"},"up":{"uv":[6.992,2.742,5.508,2.508],"tintindex":0,"rotation":0,"texture":"#2"},"down":{"uv":[6.992,5.258,5.508,5.492],"tintindex":0,"rotation":0,"texture":"#2"}},"rotation":{"origin":[4.8232,2.5638103,-1.0985403],"angle":-22.5,"axis":"y"}},{"from":[4.00387,14.322321,11.26666],"to":[10.00387,15.322321,12.26666],"faces":{"east":{"uv":[8.758,3.508,8.992,3.742],"tintindex":0,"rotation":0,"texture":"#2"},"south":{"uv":[6.008,0.008,7.492,0.242],"tintindex":0,"rotation":0,"texture":"#2"},"north":{"uv":[5.508,5.758,6.992,5.992],"tintindex":0,"rotation":0,"texture":"#2"},"west":{"uv":[4.008,8.758,4.242,8.992],"tintindex":0,"rotation":0,"texture":"#2"},"up":{"uv":[7.492,0.742,6.008,0.508],"tintindex":0,"rotation":0,"texture":"#2"},"down":{"uv":[7.492,1.008,6.008,1.242],"tintindex":0,"rotation":0,"texture":"#2"}},"rotation":{"origin":[4.8232,2.5638103,-1.0985403],"angle":22.5,"axis":"y"}},{"from":[11.525,5.9450703,5.03194],"to":[12.475,6.9450703,6.03194],"faces":{"east":{"uv":[1.008,8.758,1.242,8.992],"tintindex":0,"rotation":0,"texture":"#2"},"south":{"uv":[8.758,1.008,8.992,1.242],"tintindex":0,"rotation":0,"texture":"#2"},"north":{"uv":[8.758,0.508,8.992,0.742],"tintindex":0,"rotation":0,"texture":"#2"},"west":{"uv":[1.508,8.758,1.742,8.992],"tintindex":0,"rotation":0,"texture":"#2"},"up":{"uv":[8.992,1.742,8.758,1.508],"tintindex":0,"rotation":0,"texture":"#2"},"down":{"uv":[2.242,8.758,2.008,8.992],"tintindex":0,"rotation":0,"texture":"#2"}},"rotation":{"origin":[4.8232,2.5638103,-1.0985403],"angle":-22.5,"axis":"x"}},{"from":[6.0552197,10.807861,3.2417397],"to":[7.05522,14.807859,4.24174],"faces":{"east":{"uv":[5.508,7.258,5.742,8.242],"tintindex":0,"rotation":0,"texture":"#2"},"south":{"uv":[6.008,7.258,6.242,8.242],"tintindex":0,"rotation":0,"texture":"#2"},"north":{"uv":[1.008,6.758,1.242,7.742],"tintindex":0,"rotation":0,"texture":"#2"},"west":{"uv":[6.508,7.258,6.742,8.242],"tintindex":0,"rotation":0,"texture":"#2"},"up":{"uv":[8.242,7.492,8.008,7.258],"tintindex":0,"rotation":0,"texture":"#2"},"down":{"uv":[7.742,8.008,7.508,8.242],"tintindex":0,"rotation":0,"texture":"#2"}},"rotation":{"origin":[4.8232,2.5638103,-1.0985403],"angle":22.5,"axis":"z"}},{"from":[-0.13504982,9.26441,3.31674],"to":[4.86495,10.26441,4.31674],"faces":{"east":{"uv":[8.008,7.758,8.242,7.992],"tintindex":0,"rotation":0,"texture":"#2"},"south":{"uv":[4.008,7.008,5.242,7.242],"tintindex":0,"rotation":0,"texture":"#2"},"north":{"uv":[2.508,7.008,3.742,7.242],"tintindex":0,"rotation":0,"texture":"#2"},"west":{"uv":[8.258,0.008,8.492,0.242],"tintindex":0,"rotation":0,"texture":"#2"},"up":{"uv":[8.242,4.242,7.008,4.008],"tintindex":0,"rotation":0,"texture":"#2"},"down":{"uv":[8.242,4.508,7.008,4.742],"tintindex":0,"rotation":0,"texture":"#2"}},"rotation":{"origin":[4.8232,2.5638103,-1.0985403],"angle":-22.5,"axis":"z"}},{"from":[1.0,7.624201,4.26674],"to":[15.0,14.624201,12.26674],"faces":{"east":{"uv":[3.252,2.1895,3.748,2.623],"tintindex":0,"rotation":0,"texture":"#0"},"south":{"uv":[2.1895,1.1895,3.0605,1.623],"tintindex":0,"rotation":0,"texture":"#0"},"north":{"uv":[2.1895,0.6895,3.0605,1.123],"tintindex":0,"rotation":0,"texture":"#0"},"west":{"uv":[2.752,3.3145,3.248,3.748],"tintindex":0,"rotation":0,"texture":"#0"},"up":{"uv":[2.0605,0.498,1.1895,0.002],"tintindex":0,"rotation":0,"texture":"#0"},"down":{"uv":[2.0605,0.5645,1.1895,1.0605],"tintindex":0,"rotation":0,"texture":"#0"}}},{"from":[3.5,9.986681,-0.11416054],"to":[4.5,11.986681,0.88583994],"faces":{"east":{"uv":[2.242,8.008,2.008,8.492],"tintindex":0,"rotation":0,"texture":"#2"},"south":{"uv":[1.742,8.008,1.508,8.492],"tintindex":0,"rotation":0,"texture":"#2"},"north":{"uv":[7.992,5.508,7.758,5.992],"tintindex":0,"rotation":0,"texture":"#2"},"west":{"uv":[1.242,8.008,1.008,8.492],"tintindex":0,"rotation":0,"texture":"#2"},"up":{"uv":[8.508,8.492,8.742,8.258],"tintindex":0,"rotation":0,"texture":"#2"},"down":{"uv":[8.758,0.008,8.992,0.242],"tintindex":0,"rotation":0,"texture":"#2"}},"rotation":{"origin":[4.8232,2.5638103,-1.0985403],"angle":22.5,"axis":"x"}},{"from":[10.65142,6.8329906,3.31674],"to":[15.651421,7.8329906,4.31674],"faces":{"east":{"uv":[7.508,8.508,7.742,8.742],"tintindex":0,"rotation":0,"texture":"#2"},"south":{"uv":[7.258,2.008,8.492,2.242],"tintindex":0,"rotation":0,"texture":"#2"},"north":{"uv":[7.258,1.508,8.492,1.742],"tintindex":0,"rotation":0,"texture":"#2"},"west":{"uv":[8.508,7.758,8.742,7.992],"tintindex":0,"rotation":0,"texture":"#2"},"up":{"uv":[8.492,2.742,7.258,2.508],"tintindex":0,"rotation":0,"texture":"#2"},"down":{"uv":[8.492,5.008,7.258,5.242],"tintindex":0,"rotation":0,"texture":"#2"}},"rotation":{"origin":[4.8232,2.5638103,-1.0985403],"angle":22.5,"axis":"z"}},{"from":[7.5,8.878031,0.34505987],"to":[8.5,10.878031,1.3450599],"faces":{"east":{"uv":[1.008,8.008,1.242,8.492],"tintindex":0,"rotation":0,"texture":"#2"},"south":{"uv":[1.508,8.008,1.742,8.492],"tintindex":0,"rotation":0,"texture":"#2"},"north":{"uv":[7.758,5.508,7.992,5.992],"tintindex":0,"rotation":0,"texture":"#2"},"west":{"uv":[2.008,8.008,2.242,8.492],"tintindex":0,"rotation":0,"texture":"#2"},"up":{"uv":[8.742,8.492,8.508,8.258],"tintindex":0,"rotation":0,"texture":"#2"},"down":{"uv":[8.992,0.008,8.758,0.242],"tintindex":0,"rotation":0,"texture":"#2"}},"rotation":{"origin":[4.8232,2.5638103,-1.0985403],"angle":22.5,"axis":"x"}},{"from":[1.2758503,14.347322,3.2667398],"to":[2.2758503,15.347322,9.26674],"faces":{"east":{"uv":[6.258,6.258,7.742,6.492],"tintindex":0,"rotation":0,"texture":"#2"},"south":{"uv":[8.758,5.508,8.992,5.742],"tintindex":0,"rotation":0,"texture":"#2"},"north":{"uv":[8.758,5.008,8.992,5.242],"tintindex":0,"rotation":0,"texture":"#2"},"west":{"uv":[6.258,6.758,7.742,6.992],"tintindex":0,"rotation":0,"texture":"#2"},"up":{"uv":[0.242,8.242,0.008,6.758],"tintindex":0,"rotation":0,"texture":"#2"},"down":{"uv":[0.742,6.758,0.508,8.242],"tintindex":0,"rotation":0,"texture":"#2"}}},{"from":[7.0,14.347322,10.5628395],"to":[9.0,15.347322,11.5628395],"faces":{"east":{"uv":[8.758,3.008,8.992,3.242],"tintindex":0,"rotation":0,"texture":"#2"},"south":{"uv":[8.008,3.508,8.492,3.742],"tintindex":0,"rotation":0,"texture":"#2"},"north":{"uv":[8.008,3.008,8.492,3.242],"tintindex":0,"rotation":0,"texture":"#2"},"west":{"uv":[3.508,8.758,3.742,8.992],"tintindex":0,"rotation":0,"texture":"#2"},"up":{"uv":[8.492,6.492,8.008,6.258],"tintindex":0,"rotation":0,"texture":"#2"},"down":{"uv":[8.492,6.758,8.008,6.992],"tintindex":0,"rotation":0,"texture":"#2"}}},{"from":[3.525,5.9450703,5.03194],"to":[4.475,6.9450703,6.03194],"faces":{"east":{"uv":[1.742,8.758,1.508,8.992],"tintindex":0,"rotation":0,"texture":"#2"},"south":{"uv":[8.992,1.008,8.758,1.242],"tintindex":0,"rotation":0,"texture":"#2"},"north":{"uv":[8.992,0.508,8.758,0.742],"tintindex":0,"rotation":0,"texture":"#2"},"west":{"uv":[1.242,8.758,1.008,8.992],"tintindex":0,"rotation":0,"texture":"#2"},"up":{"uv":[8.758,1.742,8.992,1.508],"tintindex":0,"rotation":0,"texture":"#2"},"down":{"uv":[2.008,8.758,2.242,8.992],"tintindex":0,"rotation":0,"texture":"#2"}},"rotation":{"origin":[4.8232,2.5638103,-1.0985403],"angle":-22.5,"axis":"x"}},{"from":[11.5,9.986681,-0.11416054],"to":[12.5,11.986681,0.88583994],"faces":{"east":{"uv":[1.008,8.008,1.242,8.492],"tintindex":0,"rotation":0,"texture":"#2"},"south":{"uv":[1.508,8.008,1.742,8.492],"tintindex":0,"rotation":0,"texture":"#2"},"north":{"uv":[7.758,5.508,7.992,5.992],"tintindex":0,"rotation":0,