{"textures":{"0":"modelengine:entity/nocsy_algarokbisbis","particle":"#0"},"elements":[{"from":[3.330452,6.466667,12.249733],"to":[5.330452,7.466667,14.583067],"faces":{"east":{"uv":[3.90625,8.71875,4.125,8.8125],"tintindex":0,"rotation":0,"texture":"#0"},"south":{"uv":[6.21875,8.75,6.40625,8.84375],"tintindex":0,"rotation":0,"texture":"#0"},"north":{"uv":[8.75,6.09375,8.9375,6.1875],"tintindex":0,"rotation":0,"texture":"#0"},"west":{"uv":[4.125,8.71875,4.34375,8.8125],"tintindex":0,"rotation":0,"texture":"#0"},"up":{"uv":[7.9375,8.53125,7.75,8.3125],"tintindex":0,"rotation":0,"texture":"#0"},"down":{"uv":[2.09375,8.34375,1.90625,8.5625],"tintindex":0,"rotation":0,"texture":"#0"}},"rotation":{"origin":[2.9971185,6.966667,12.749733],"angle":45.0,"axis":"y"}},{"from":[9.747666,6.1333337,15.533333],"to":[13.414333,8.8,18.866667],"faces":{"east":{"uv":[2.03125,7.59375,2.34375,7.84375],"tintindex":0,"rotation":0,"texture":"#0"},"south":{"uv":[2.375,7.34375,2.71875,7.59375],"tintindex":0,"rotation":0,"texture":"#0"},"north":{"uv":[2.03125,7.34375,2.375,7.59375],"tintindex":0,"rotation":0,"texture":"#0"},"west":{"uv":[2.34375,7.59375,2.65625,7.84375],"tintindex":0,"rotation":0,"texture":"#0"},"up":{"uv":[4.875,7.03125,4.53125,6.71875],"tintindex":0,"rotation":0,"texture":"#0"},"down":{"uv":[5.21875,6.71875,4.875,7.03125],"tintindex":0,"rotation":0,"texture":"#0"}},"rotation":{"origin":[11.747666,7.466667,17.2],"angle":-45.0,"axis":"y"}},{"from":[5.833333,5.8,11.23362],"to":[10.166667,9.133334,14.566954],"faces":{"east":{"uv":[3.65625,7.03125,3.96875,7.34375],"tintindex":0,"rotation":0,"texture":"#0"},"south":{"uv":[6.40625,2.8125,6.8125,3.125],"tintindex":0,"rotation":0,"texture":"#0"},"north":{"uv":[1.71875,2.53125,2.125,2.84375],"tintindex":0,"rotation":0,"texture":"#0"},"west":{"uv":[4.21875,7.03125,4.53125,7.34375],"tintindex":0,"rotation":0,"texture":"#0"},"up":{"uv":[6.8125,3.4375,6.40625,3.125],"tintindex":0,"rotation":0,"texture":"#0"},"down":{"uv":[6.8125,3.4375,6.40625,3.75],"tintindex":0,"rotation":0,"texture":"#0"}}},{"from":[8.835847,7.1333337,21.187992],"to":[10.302514,7.8000007,24.187992],"faces":{"east":{"uv":[6.96875,5.84375,7.25,5.90625],"tintindex":0,"rotation":0,"texture":"#0"},"south":{"uv":[8.21875,8.375,8.34375,8.4375],"tintindex":0,"rotation":0,"texture":"#0"},"north":{"uv":[7.9375,8.3125,8.0625,8.375],"tintindex":0,"rotation":0,"texture":"#0"},"west":{"uv":[7.0625,1.53125,7.34375,1.59375],"tintindex":0,"rotation":0,"texture":"#0"},"up":{"uv":[3.0625,1.84375,2.9375,1.5625],"tintindex":0,"rotation":0,"texture":"#0"},"down":{"uv":[3.0,4.0,2.875,4.28125],"tintindex":0,"rotation":0,"texture":"#0"}},"rotation":{"origin":[10.035847,7.3000007,22.12132],"angle":-22.5,"axis":"y"}},{"from":[4.5,5.8,14.566954],"to":[11.5,9.133334,17.900288],"faces":{"east":{"uv":[4.53125,7.03125,4.84375,7.34375],"tintindex":0,"rotation":0,"texture":"#0"},"south":{"uv":[4.4375,3.21875,5.09375,3.53125],"tintindex":0,"rotation":0,"texture":"#0"},"north":{"uv":[2.28125,1.53125,2.9375,1.84375],"tintindex":0,"rotation":0,"texture":"#0"},"west":{"uv":[4.84375,7.03125,5.15625,7.34375],"tintindex":0,"rotation":0,"texture":"#0"},"up":{"uv":[5.25,1.0625,4.59375,0.75],"tintindex":0,"rotation":0,"texture":"#0"},"down":{"uv":[5.25,3.53125,4.59375,3.84375],"tintindex":0,"rotation":0,"texture":"#0"}}},{"from":[9.821229,6.466667,17.066563],"to":[12.954562,8.466667,21.066563],"faces":{"east":{"uv":[7.78125,5.28125,8.15625,5.46875],"tintindex":0,"rotation":0,"texture":"#0"},"south":{"uv":[8.0625,3.78125,8.34375,3.96875],"tintindex":0,"rotation":0,"texture":"#0"},"north":{"uv":[5.0625,2.03125,5.34375,2.21875],"tintindex":0,"rotation":0,"texture":"#0"},"west":{"uv":[7.78125,5.46875,8.15625,5.65625],"tintindex":0,"rotation":0,"texture":"#0"},"up":{"uv":[5.5,7.09375,5.21875,6.71875],"tintindex":0,"rotation":0,"texture":"#0"},"down":{"uv":[7.03125,1.59375,6.75,1.96875],"tintindex":0,"rotation":0,"texture":"#0"}},"rotation":{"origin":[12.921228,7.466667,20.033232],"angle":-22.5,"axis":"y"}},{"from":[6.6666665,5.466667,7.900286],"to":[9.333333,8.466667,11.23362],"faces":{"east":{"uv":[7.28125,0.875,7.59375,1.15625],"tintindex":0,"rotation":0,"texture":"#0"},"south":{"uv":[7.78125,4.03125,8.03125,4.3125],"tintindex":0,"rotation":0,"texture":"#0"},"north":{"uv":[5.34375,3.875,5.59375,4.15625],"tintindex":0,"rotation":0,"texture":"#0"},"west":{"uv":[7.28125,3.1875,7.59375,3.46875],"tintindex":0,"rotation":0,"texture":"#0"},"up":{"uv":[7.84375,1.75,7.59375,1.4375],"tintindex":0,"rotation":0,"texture":"#0"},"down":{"uv":[2.03125,7.59375,1.78125,7.90625],"tintindex":0,"rotation":0,"texture":"#0"}}},{"from":[5.6974864,7.1333337,21.187992],"to":[7.164153,7.8000007,24.187992],"faces":{"east":{"uv":[7.46875,4.625,7.75,4.6875],"tintindex":0,"rotation":0,"texture":"#0"},"south":{"uv":[8.78125,7.0625,8.90625,7.125],"tintindex":0,"rotation":0,"texture":"#0"},"north":{"uv":[8.75,7.21875,8.875,7.28125],"tintindex":0,"rotation":0,"texture":"#0"},"west":{"uv":[0.25,7.53125,0.53125,7.59375],"tintindex":0,"rotation":0,"texture":"#0"},"up":{"uv":[3.40625,5.3125,3.28125,5.03125],"tintindex":0,"rotation":0,"texture":"#0"},"down":{"uv":[1.9375,6.875,1.8125,7.15625],"tintindex":0,"rotation":0,"texture":"#0"}},"rotation":{"origin":[5.9641533,7.3000007,22.12132],"angle":22.5,"axis":"y"}},{"from":[8.602513,6.8,18.954655],"to":[10.735847,8.133334,22.954655],"faces":{"east":{"uv":[7.6875,8.1875,8.0625,8.3125],"tintindex":0,"rotation":0,"texture":"#0"},"south":{"uv":[8.71875,2.6875,8.90625,2.8125],"tintindex":0,"rotation":0,"texture":"#0"},"north":{"uv":[2.03125,8.71875,2.21875,8.84375],"tintindex":0,"rotation":0,"texture":"#0"},"west":{"uv":[1.90625,8.21875,2.28125,8.34375],"tintindex":0,"rotation":0,"texture":"#0"},"up":{"uv":[1.28125,8.03125,1.09375,7.65625],"tintindex":0,"rotation":0,"texture":"#0"},"down":{"uv":[6.4375,7.65625,6.25,8.03125],"tintindex":0,"rotation":0,"texture":"#0"}},"rotation":{"origin":[10.035847,7.3000007,22.12132],"angle":-45.0,"axis":"y"}},{"from":[12.669548,6.8,12.9164],"to":[13.669548,7.1333337,13.9164],"faces":{"east":{"uv":[0.1875,3.84375,0.28125,3.875],"tintindex":0,"rotation":0,"texture":"#0"},"south":{"uv":[0.28125,3.84375,0.375,3.875],"tintindex":0,"rotation":0,"texture":"#0"},"north":{"uv":[0.09375,3.84375,0.1875,3.875],"tintindex":0,"rotation":0,"texture":"#0"},"west":{"uv":[2.375,4.53125,2.46875,4.5625],"tintindex":0,"rotation":0,"texture":"#0"},"up":{"uv":[6.96875,8.09375,6.875,8.0],"tintindex":0,"rotation":0,"texture":"#0"},"down":{"uv":[5.28125,8.0625,5.1875,8.15625],"tintindex":0,"rotation":0,"texture":"#0"}},"rotation":{"origin":[13.002882,6.966667,12.749733],"angle":-45.0,"axis":"y"}},{"from":[2.330452,6.8,12.9164],"to":[3.330452,7.1333337,13.9164],"faces":{"east":{"uv":[2.46875,3.53125,2.5625,3.5625],"tintindex":0,"rotation":0,"texture":"#0"},"south":{"uv":[2.5625,3.53125,2.65625,3.5625],"tintindex":0,"rotation":0,"texture":"#0"},"north":{"uv":[0.4375,3.25,0.53125,3.28125],"tintindex":0,"rotation":0,"texture":"#0"},"west":{"uv":[0.0,3.84375,0.09375,3.875],"tintindex":0,"rotation":0,"texture":"#0"},"up":{"uv":[5.28125,7.96875,5.1875,7.875],"tintindex":0,"rotation":0,"texture":"#0"},"down":{"uv":[5.28125,7.96875,5.1875,8.0625],"tintindex":0,"rotation":0,"texture":"#0"}},"rotation":{"origin":[2.9971185,6.966667,12.749733],"angle":45.0,"axis":"y"}},{"from":[10.669548,6.466667,12.249733],"to":[12.669548,7.466667,14.583067],"faces":{"east":{"uv":[8.71875,4.65625,8.9375,4.75],"tintindex":0,"rotation":0,"texture":"#0"},"south":{"uv":[8.75,7.125,8.9375,7.21875],"tintindex":0,"rotation":0,"texture":"#0"},"north":{"uv":[8.75,6.84375,8.9375,6.9375],"tintindex":0,"rotation":0,"texture":"#0"},"west":{"uv":[5.09375,8.71875,5.3125,8.8125],"tintindex":0,"rotation":0,"texture":"#0"},"up":{"uv":[1.4375,8.59375,1.25,8.375],"tintindex":0,"rotation":0,"texture":"#0"},"down":{"uv":[2.46875,8.375,2.28125,8.59375],"tintindex":0,"rotation":0,"texture":"#0"}},