{"textures":{"0":"modelengine:entity/nocsy_algarokbisbis","particle":"#0"},"elements":[{"from":[2.1,2.6000004,-4.3999996],"to":[5.1,6.6000004,5.5999994],"faces":{"east":{"uv":[8.3125,4.8125,8.625,4.9375],"tintindex":0,"rotation":0,"texture":"#0"},"south":{"uv":[6.8125,3.625,6.90625,3.75],"tintindex":0,"rotation":0,"texture":"#0"},"north":{"uv":[6.625,5.0,6.71875,5.125],"tintindex":0,"rotation":0,"texture":"#0"},"west":{"uv":[8.375,0.84375,8.6875,0.96875],"tintindex":0,"rotation":0,"texture":"#0"},"up":{"uv":[6.625,8.59375,6.53125,8.28125],"tintindex":0,"rotation":0,"texture":"#0"},"down":{"uv":[8.21875,8.5,8.125,8.8125],"tintindex":0,"rotation":0,"texture":"#0"}},"rotation":{"origin":[5.0,4.3,2.0999994],"angle":-22.5,"axis":"y"}},{"from":[2.6999998,5.3999996,-4.200001],"to":[2.6999998,9.4,5.8],"faces":{"east":{"uv":[8.4375,3.09375,8.75,2.96875],"tintindex":0,"rotation":0,"texture":"#0"},"south":{"uv":[6.8125,3.625,6.90625,3.75],"tintindex":0,"rotation":0,"texture":"#0"},"north":{"uv":[6.625,5.0,6.71875,5.125],"tintindex":0,"rotation":0,"texture":"#0"},"west":{"uv":[8.75,3.09375,8.4375,2.96875],"tintindex":0,"rotation":0,"texture":"#0"},"up":{"uv":[6.625,8.59375,6.53125,8.28125],"tintindex":0,"rotation":0,"texture":"#0"},"down":{"uv":[8.21875,8.5,8.125,8.8125],"tintindex":0,"rotation":0,"texture":"#0"}},"rotation":{"origin":[5.0,4.3,2.0999994],"angle":-22.5,"axis":"y"}},{"from":[10.9,2.6000004,-4.3999996],"to":[13.9,6.6000004,5.5999994],"faces":{"east":{"uv":[4.625,2.21875,4.9375,2.34375],"tintindex":0,"rotation":0,"texture":"#0"},"south":{"uv":[1.9375,6.53125,2.03125,6.65625],"tintindex":0,"rotation":0,"texture":"#0"},"north":{"uv":[1.59375,6.34375,1.6875,6.46875],"tintindex":0,"rotation":0,"texture":"#0"},"west":{"uv":[7.3125,3.75,7.625,3.875],"tintindex":0,"rotation":0,"texture":"#0"},"up":{"uv":[4.15625,4.71875,4.0625,4.40625],"tintindex":0,"rotation":0,"texture":"#0"},"down":{"uv":[5.46875,5.96875,5.375,6.28125],"tintindex":0,"rotation":0,"texture":"#0"}},"rotation":{"origin":[11.0,4.3,2.0999994],"angle":22.5,"axis":"y"}},{"from":[4.1,2.7000003,-2.2999997],"to":[11.9,6.5000005,9.5],"faces":{"east":{"uv":[8.21875,4.40625,8.59375,4.53125],"tintindex":0,"rotation":0,"texture":"#0"},"south":{"uv":[8.5,7.15625,8.75,7.28125],"tintindex":0,"rotation":0,"texture":"#0"},"north":{"uv":[7.09375,8.5,7.34375,8.625],"tintindex":0,"rotation":0,"texture":"#0"},"west":{"uv":[8.21875,4.53125,8.59375,4.65625],"tintindex":0,"rotation":0,"texture":"#0"},"up":{"uv":[6.9375,7.5,6.6875,7.125],"tintindex":0,"rotation":0,"texture":"#0"},"down":{"uv":[5.75,7.15625,5.5,7.53125],"tintindex":0,"rotation":0,"texture":"#0"}}},{"from":[6.01,2.6100004,-4.3899994],"to":[9.99,6.59,-2.4099996],"faces":{"east":{"uv":[5.84375,5.09375,5.90625,5.21875],"tintindex":0,"rotation":0,"texture":"#0"},"south":{"uv":[8.75,8.59375,8.875,8.71875],"tintindex":0,"rotation":0,"texture":"#0"},"north":{"uv":[8.75,8.46875,8.875,8.59375],"tintindex":0,"rotation":0,"texture":"#0"},"west":{"uv":[6.125,1.0,6.1875,1.125],"tintindex":0,"rotation":0,"texture":"#0"},"up":{"uv":[9.03125,0.59375,8.90625,0.53125],"tintindex":0,"rotation":0,"texture":"#0"},"down":{"uv":[2.65625,8.90625,2.53125,8.96875],"tintindex":0,"rotation":0,"texture":"#0"}}},{"from":[13.3,5.3999996,-4.200001],"to":[13.3,9.4,5.8],"faces":{"east":{"uv":[8.4375,3.09375,8.75,2.96875],"tintindex":0,"rotation":0,"texture":"#0"},"south":{"uv":[6.90625,3.625,6.8125,3.75],"tintindex":0,"rotation":0,"texture":"#0"},"north":{"uv":[6.71875,5.0,6.625,5.125],"tintindex":0,"rotation":0,"texture":"#0"},"west":{"uv":[8.75,3.09375,8.4375,2.96875],"tintindex":0,"rotation":0,"texture":"#0"},"up":{"uv":[6.53125,8.59375,6.625,8.28125],"tintindex":0,"rotation":0,"texture":"#0"},"down":{"uv":[8.125,8.5,8.21875,8.8125],"tintindex":0,"rotation":0,"texture":"#0"}},"rotation":{"origin":[11.0,4.3,2.0999994],"angle":22.5,"axis":"y"}},{"from":[2.1,-1.3999996,-3.3999996],"to":[2.1,2.6000004,0.5999994],"faces":{"east":{"uv":[6.96875,8.75,7.09375,8.875],"tintindex":0,"rotation":0,"texture":"#0"},"west":{"uv":[8.75,8.34375,8.875,8.46875],"tintindex":0,"rotation":0,"texture":"#0"}},"rotation":{"origin":[5.0,4.3,3.0999994],"angle":-22.5,"axis":"y"}},{"from":[13.9,-1.3999996,-3.3999996],"to":[13.9,2.6000004,0.5999994],"faces":{"east":{"uv":[5.46875,8.75,5.59375,8.875],"tintindex":0,"rotation":0,"texture":"#0"},"west":{"uv":[6.40625,8.75,6.53125,8.875],"tintindex":0,"rotation":0,"texture":"#0"}},"rotation":{"origin":[11.0,4.3,3.0999994],"angle":22.5,"axis":"y"}}],"display":{"head":{"rotation":[0.0,0.0,0.0]},"firstperson_righthand":{"rotation":[0.0,0.0,0.0]},"thirdperson_lefthand":{"rotation":[0.0,-0.0,-0.0]},"firstperson_lefthand":{"rotation":[0.0,-0.0,-0.0]},"fixed":{"rotation":[0.0,0.0,0.0]},"ground":{"rotation":[0.0,0.0,0.0]},"thirdperson_righthand":{"rotation":[0.0,0.0,0.0]},"gui":{"rotation":[-150.0,-45.0,180.0]}}}