{"textures":{"0":"modelengine:entity/nocsy_algarokbisbis","particle":"#0"},"elements":[{"from":[-1.499999,9.5,5.6000004],"to":[3.5,13.5,9.6],"faces":{"east":{"uv":[8.6875,2.0,8.84375,2.15625],"tintindex":0,"rotation":0,"texture":"#0"},"south":{"uv":[2.40625,8.59375,2.59375,8.75],"tintindex":0,"rotation":0,"texture":"#0"},"north":{"uv":[2.21875,8.59375,2.40625,8.75],"tintindex":0,"rotation":0,"texture":"#0"},"west":{"uv":[8.6875,2.53125,8.84375,2.6875],"tintindex":0,"rotation":0,"texture":"#0"},"up":{"uv":[2.78125,8.75,2.59375,8.59375],"tintindex":0,"rotation":0,"texture":"#0"},"down":{"uv":[2.96875,8.59375,2.78125,8.75],"tintindex":0,"rotation":0,"texture":"#0"}},"rotation":{"origin":[0.50000095,11.0,7.6000004],"angle":-22.5,"axis":"z"}},{"from":[-3.6802964,11.909988,6.0000005],"to":[-0.4802965,14.109991,9.200001],"faces":{"east":{"uv":[8.75,4.21875,8.90625,4.34375],"tintindex":0,"rotation":0,"texture":"#0"},"south":{"uv":[4.34375,8.75,4.5,8.875],"tintindex":0,"rotation":0,"texture":"#0"},"north":{"uv":[8.75,4.09375,8.90625,4.21875],"tintindex":0,"rotation":0,"texture":"#0"},"west":{"uv":[8.75,4.34375,8.90625,4.46875],"tintindex":0,"rotation":0,"texture":"#0"},"up":{"uv":[8.84375,4.09375,8.6875,3.9375],"tintindex":0,"rotation":0,"texture":"#0"},"down":{"uv":[8.84375,4.90625,8.6875,5.0625],"tintindex":0,"rotation":0,"texture":"#0"}},"rotation":{"origin":[-2.0802965,12.609989,7.6000004],"angle":-45.0,"axis":"z"}},{"from":[6.0,8.0,5.1000004],"to":[12.0,14.0,10.1],"faces":{"east":{"uv":[4.34375,8.5625,4.5,8.75],"tintindex":0,"rotation":0,"texture":"#0"},"south":{"uv":[8.21875,8.4375,8.40625,8.625],"tintindex":0,"rotation":0,"texture":"#0"},"north":{"uv":[8.4375,6.28125,8.625,6.46875],"tintindex":0,"rotation":0,"texture":"#0"},"west":{"uv":[4.5,8.5625,4.65625,8.75],"tintindex":0,"rotation":0,"texture":"#0"},"up":{"uv":[4.84375,8.71875,4.65625,8.5625],"tintindex":0,"rotation":0,"texture":"#0"},"down":{"uv":[5.28125,8.5625,5.09375,8.71875],"tintindex":0,"rotation":0,"texture":"#0"}}},{"from":[2.3,8.3,5.4000006],"to":[6.7,13.7,9.8],"faces":{"east":{"uv":[8.5625,7.90625,8.71875,8.09375],"tintindex":0,"rotation":0,"texture":"#0"},"south":{"uv":[1.1875,8.59375,1.34375,8.78125],"tintindex":0,"rotation":0,"texture":"#0"},"north":{"uv":[5.75,8.5625,5.90625,8.75],"tintindex":0,"rotation":0,"texture":"#0"},"west":{"uv":[1.625,8.59375,1.78125,8.78125],"tintindex":0,"rotation":0,"texture":"#0"},"up":{"uv":[8.84375,0.25,8.6875,0.09375],"tintindex":0,"rotation":0,"texture":"#0"},"down":{"uv":[8.84375,0.8125,8.6875,0.96875],"tintindex":0,"rotation":0,"texture":"#0"}}}],"display":{"head":{"rotation":[0.0,0.0,0.0]},"firstperson_righthand":{"rotation":[0.0,0.0,0.0]},"thirdperson_lefthand":{"rotation":[0.0,-0.0,-0.0]},"firstperson_lefthand":{"rotation":[0.0,-0.0,-0.0]},"fixed":{"rotation":[0.0,0.0,0.0]},"ground":{"rotation":[0.0,0.0,0.0]},"thirdperson_righthand":{"rotation":[0.0,0.0,0.0]},"gui":{"rotation":[-150.0,-45.0,180.0]}}}