{"textures":{"0":"modelengine:entity/nocsy_algarokbisbis","particle":"#0"},"elements":[{"from":[9.98,5.0300016,5.5800004],"to":[14.819999,10.97,10.42],"faces":{"east":{"uv":[0.28125,8.40625,0.4375,8.625],"tintindex":0,"rotation":0,"texture":"#0"},"south":{"uv":[5.59375,8.40625,5.75,8.625],"tintindex":0,"rotation":0,"texture":"#0"},"north":{"uv":[1.3125,7.375,1.46875,7.59375],"tintindex":0,"rotation":0,"texture":"#0"},"west":{"uv":[8.46875,3.375,8.625,3.59375],"tintindex":0,"rotation":0,"texture":"#0"},"up":{"uv":[7.5625,8.78125,7.40625,8.625],"tintindex":0,"rotation":0,"texture":"#0"},"down":{"uv":[8.375,8.625,8.21875,8.78125],"tintindex":0,"rotation":0,"texture":"#0"}}},{"from":[14.049999,4.700001,5.2500005],"to":[20.65,11.299999,10.75],"faces":{"east":{"uv":[6.96875,8.28125,7.15625,8.5],"tintindex":0,"rotation":0,"texture":"#0"},"south":{"uv":[5.78125,8.15625,6.0,8.375],"tintindex":0,"rotation":0,"texture":"#0"},"north":{"uv":[5.1875,8.15625,5.40625,8.375],"tintindex":0,"rotation":0,"texture":"#0"},"west":{"uv":[7.15625,8.28125,7.34375,8.5],"tintindex":0,"rotation":0,"texture":"#0"},"up":{"uv":[7.5625,8.46875,7.34375,8.28125],"tintindex":0,"rotation":0,"texture":"#0"},"down":{"uv":[8.53125,0.0,8.3125,0.1875],"tintindex":0,"rotation":0,"texture":"#0"}}},{"from":[3.4016728,9.00099,6.2400007],"to":[6.9216723,11.420992,9.76],"faces":{"east":{"uv":[8.71875,6.4375,8.875,6.5625],"tintindex":0,"rotation":0,"texture":"#0"},"south":{"uv":[8.71875,7.28125,8.875,7.40625],"tintindex":0,"rotation":0,"texture":"#0"},"north":{"uv":[6.0625,8.71875,6.21875,8.84375],"tintindex":0,"rotation":0,"texture":"#0"},"west":{"uv":[7.71875,8.71875,7.875,8.84375],"tintindex":0,"rotation":0,"texture":"#0"},"up":{"uv":[7.25,8.78125,7.09375,8.625],"tintindex":0,"rotation":0,"texture":"#0"},"down":{"uv":[7.40625,8.625,7.25,8.78125],"tintindex":0,"rotation":0,"texture":"#0"}},"rotation":{"origin":[5.1616726,9.770988,8.0],"angle":-45.0,"axis":"z"}},{"from":[5.799999,6.3500004,5.7999997],"to":[11.299999,10.75,10.200001],"faces":{"east":{"uv":[8.375,8.625,8.53125,8.78125],"tintindex":0,"rotation":0,"texture":"#0"},"south":{"uv":[8.46875,4.9375,8.6875,5.09375],"tintindex":0,"rotation":0,"texture":"#0"},"north":{"uv":[4.875,8.46875,5.09375,8.625],"tintindex":0,"rotation":0,"texture":"#0"},"west":{"uv":[0.34375,8.65625,0.5,8.8125],"tintindex":0,"rotation":0,"texture":"#0"},"up":{"uv":[8.6875,5.4375,8.46875,5.28125],"tintindex":0,"rotation":0,"texture":"#0"},"down":{"uv":[8.6875,5.4375,8.46875,5.59375],"tintindex":0,"rotation":0,"texture":"#0"}},"rotation":{"origin":[8.0,8.0,8.0],"angle":-22.5,"axis":"z"}}],"display":{"head":{"rotation":[0.0,0.0,0.0]},"firstperson_righthand":{"rotation":[0.0,0.0,0.0]},"thirdperson_lefthand":{"rotation":[0.0,-0.0,-0.0]},"firstperson_lefthand":{"rotation":[0.0,-0.0,-0.0]},"fixed":{"rotation":[0.0,0.0,0.0]},"ground":{"rotation":[0.0,0.0,0.0]},"thirdperson_righthand":{"rotation":[0.0,0.0,0.0]},"gui":{"rotation":[-150.0,-45.0,180.0]}}}