{"textures":{"0":"modelengine:entity/nocsy_algarokbisbis","particle":"#0"},"elements":[{"from":[4.35,-3.25,3.0],"to":[8.85,3.75,9.0],"faces":{"east":{"uv":[4.125,5.5,3.75,5.9375],"tintindex":0,"rotation":0,"texture":"#0"},"south":{"uv":[0.28125,6.4375,0.0,6.875],"tintindex":0,"rotation":0,"texture":"#0"},"north":{"uv":[1.03125,6.375,0.75,6.8125],"tintindex":0,"rotation":0,"texture":"#0"},"west":{"uv":[3.09375,5.5,2.71875,5.9375],"tintindex":0,"rotation":0,"texture":"#0"},"up":{"uv":[6.78125,2.34375,7.0625,1.96875],"tintindex":0,"rotation":0,"texture":"#0"},"down":{"uv":[6.78125,2.34375,7.0625,2.71875],"tintindex":0,"rotation":0,"texture":"#0"}},"rotation":{"origin":[6.6000004,-0.5,6.5],"angle":22.5,"axis":"x"}},{"from":[3.85,2.25,3.5],"to":[9.35,8.75,12.5],"faces":{"east":{"uv":[4.71875,3.9375,4.15625,4.34375],"tintindex":0,"rotation":0,"texture":"#0"},"south":{"uv":[6.625,4.8125,6.28125,5.21875],"tintindex":0,"rotation":0,"texture":"#0"},"north":{"uv":[6.5625,0.0,6.21875,0.40625],"tintindex":0,"rotation":0,"texture":"#0"},"west":{"uv":[1.125,4.15625,0.5625,4.5625],"tintindex":0,"rotation":0,"texture":"#0"},"up":{"uv":[1.125,5.28125,1.46875,4.71875],"tintindex":0,"rotation":0,"texture":"#0"},"down":{"uv":[4.6875,4.71875,5.03125,5.28125],"tintindex":0,"rotation":0,"texture":"#0"}}},{"from":[5.1,8.256371,13.950305],"to":[9.1,10.006371,14.600305],"faces":{"east":{"uv":[8.75,6.03125,8.625,6.25],"tintindex":0,"rotation":0,"texture":"#0"},"south":{"uv":[8.03125,1.1875,7.6875,1.40625],"tintindex":0,"rotation":0,"texture":"#0"},"north":{"uv":[8.03125,0.96875,7.6875,1.1875],"tintindex":0,"rotation":0,"texture":"#0"},"west":{"uv":[8.75,5.8125,8.625,6.03125],"tintindex":0,"rotation":0,"texture":"#0"},"up":{"uv":[8.28125,5.84375,8.625,5.71875],"tintindex":0,"rotation":0,"texture":"#0"},"down":{"uv":[8.28125,5.84375,8.625,5.96875],"tintindex":0,"rotation":0,"texture":"#0"}},"rotation":{"origin":[7.1000004,9.131371,14.275305],"angle":-45.0,"axis":"x"}},{"from":[4.805,0.31522608,4.215892],"to":[8.295,4.8052254,8.705893],"faces":{"east":{"uv":[7.6875,1.875,7.40625,2.15625],"tintindex":0,"rotation":0,"texture":"#0"},"south":{"uv":[1.90625,5.5,1.6875,5.78125],"tintindex":0,"rotation":0,"texture":"#0"},"north":{"uv":[4.8125,1.0625,4.59375,1.34375],"tintindex":0,"rotation":0,"texture":"#0"},"west":{"uv":[7.6875,1.15625,7.40625,1.4375],"tintindex":0,"rotation":0,"texture":"#0"},"up":{"uv":[5.90625,8.15625,6.125,7.875],"tintindex":0,"rotation":0,"texture":"#0"},"down":{"uv":[7.875,7.0,8.09375,7.28125],"tintindex":0,"rotation":0,"texture":"#0"}},"rotation":{"origin":[6.55,-0.18977356,7.710892],"angle":45.0,"axis":"x"}},{"from":[4.8500004,-5.25,4.5],"to":[8.35,-3.25,9.0],"faces":{"east":{"uv":[8.71875,4.65625,8.4375,4.78125],"tintindex":0,"rotation":0,"texture":"#0"},"south":{"uv":[8.84375,6.25,8.625,6.375],"tintindex":0,"rotation":0,"texture":"#0"},"north":{"uv":[8.84375,4.78125,8.625,4.90625],"tintindex":0,"rotation":0,"texture":"#0"},"west":{"uv":[8.71875,0.6875,8.4375,0.8125],"tintindex":0,"rotation":0,"texture":"#0"},"up":{"uv":[7.90625,0.84375,8.125,0.5625],"tintindex":0,"rotation":0,"texture":"#0"},"down":{"uv":[1.6875,7.90625,1.90625,8.1875],"tintindex":0,"rotation":0,"texture":"#0"}},"rotation":{"origin":[6.6000004,-0.5,6.5],"angle":22.5,"axis":"x"}},{"from":[4.2999997,5.807228,4.1316614],"to":[9.8,11.057228,11.781662],"faces":{"east":{"uv":[6.15625,0.375,5.6875,0.71875],"tintindex":0,"rotation":0,"texture":"#0"},"south":{"uv":[3.1875,6.59375,2.84375,6.9375],"tintindex":0,"rotation":0,"texture":"#0"},"north":{"uv":[6.90625,0.0,6.5625,0.34375],"tintindex":0,"rotation":0,"texture":"#0"},"west":{"uv":[4.96875,5.65625,4.5,6.0],"tintindex":0,"rotation":0,"texture":"#0"},"up":{"uv":[5.71875,3.53125,6.0625,3.0625],"tintindex":0,"rotation":0,"texture":"#0"},"down":{"uv":[3.09375,5.71875,3.4375,6.1875],"tintindex":0,"rotation":0,"texture":"#0"}},"rotation":{"origin":[7.05,8.432228,7.9566617],"angle":-22.5,"axis":"x"}},{"from":[4.75,6.85,13.099999],"to":[9.450001,9.299999,14.45],"faces":{"east":{"uv":[8.75,5.59375,8.625,5.8125],"tintindex":0,"rotation":0,"texture":"#0"},"south":{"uv":[6.25,7.65625,5.90625,7.875],"tintindex":0,"rotation":0,"texture":"#0"},"north":{"uv":[5.28125,7.65625,4.9375,7.875],"tintindex":0,"rotation":0,"texture":"#0"},"west":{"uv":[5.71875,8.625,5.59375,8.84375],"tintindex":0,"rotation":0,"texture":"#0"},"up":{"uv":[5.40625,8.40625,5.75,8.28125],"tintindex":0,"rotation":0,"texture":"#0"},"down":{"uv":[8.28125,5.59375,8.625,5.71875],"tintindex":0,"rotation":0,"texture":"#0"}},"rotation":{"origin":[6.6000004,8.0,13.25],"angle":-45.0,"axis":"x"}},{"from":[5.6000004,8.752535,14.828953],"to":[5.6000004,12.002535,17.978954],"faces":{"east":{"uv":[2.46875,8.375,2.65625,8.59375],"tintindex":0,"rotation":0,"texture":"#0"},"west":{"uv":[2.65625,8.375,2.46875,8.59375],"tintindex":0,"rotation":0,"texture":"#0"}},"rotation":{"origin":[5.6000004,9.427535,15.716454],"angle":-45.0,"axis":"x"}},{"from":[4.35,6.75,11.7],"to":[9.85,10.0,13.849999],"faces":{"east":{"uv":[5.09375,8.625,4.96875,8.84375],"tintindex":0,"rotation":0,"texture":"#0"},"south":{"uv":[1.09375,7.65625,0.75,7.875],"tintindex":0,"rotation":0,"texture":"#0"},"north":{"uv":[8.0,0.21875,7.65625,0.4375],"tintindex":0,"rotation":0,"texture":"#0"},"west":{"uv":[4.96875,8.625,4.84375,8.84375],"tintindex":0,"rotation":0,"texture":"#0"},"up":{"uv":[3.09375,8.40625,3.4375,8.28125],"tintindex":0,"rotation":0,"texture":"#0"},"down":{"uv":[3.4375,8.28125,3.78125,8.40625],"tintindex":0,"rotation":0,"texture":"#0"}},"rotation":{"origin":[6.6000004,8.0,13.25],"angle":-22.5,"axis":"x"}}],"display":{"head":{"rotation":[0.0,0.0,0.0]},"firstperson_righthand":{"rotation":[0.0,0.0,0.0]},"thirdperson_lefthand":{"rotation":[0.0,-0.0,-0.0]},"firstperson_lefthand":{"rotation":[0.0,-0.0,-0.0]},"fixed":{"rotation":[0.0,0.0,0.0]},"ground":{"rotation":[0.0,0.0,0.0]},"thirdperson_righthand":{"rotation":[0.0,0.0,0.0]},"gui":{"rotation":[-150.0,-45.0,180.0]}}}