{"textures":{"0":"modelengine:entity/nocsy_algarokbisbis","particle":"#0"},"elements":[{"from":[3.4999995,6.7236714,-1.5837265],"to":[4.6999993,9.123672,0.016271204],"faces":{"east":{"uv":[9.03125,4.1875,8.96875,4.28125],"tintindex":0,"rotation":0,"texture":"#0"},"south":{"uv":[9.03125,4.09375,8.96875,4.1875],"tintindex":0,"rotation":0,"texture":"#0"},"north":{"uv":[9.03125,3.90625,8.96875,4.0],"tintindex":0,"rotation":0,"texture":"#0"},"west":{"uv":[9.03125,4.0,8.96875,4.09375],"tintindex":0,"rotation":0,"texture":"#0"},"up":{"uv":[9.0,3.15625,9.0625,3.09375],"tintindex":0,"rotation":0,"texture":"#0"},"down":{"uv":[9.0,3.15625,9.0625,3.21875],"tintindex":0,"rotation":0,"texture":"#0"}},"rotation":{"origin":[4.0999994,8.423672,-1.6837273],"angle":-22.5,"axis":"x"}},{"from":[8.954545,6.4236717,1.2113533],"to":[10.954545,10.423672,3.2113533],"faces":{"east":{"uv":[7.28125,8.90625,7.21875,9.03125],"tintindex":0,"rotation":0,"texture":"#0"},"south":{"uv":[7.21875,8.90625,7.15625,9.03125],"tintindex":0,"rotation":0,"texture":"#0"},"north":{"uv":[8.96875,6.9375,8.90625,7.0625],"tintindex":0,"rotation":0,"texture":"#0"},"west":{"uv":[7.15625,8.90625,7.09375,9.03125],"tintindex":0,"rotation":0,"texture":"#0"},"up":{"uv":[9.0,3.03125,9.0625,2.96875],"tintindex":0,"rotation":0,"texture":"#0"},"down":{"uv":[9.0,3.03125,9.0625,3.09375],"tintindex":0,"rotation":0,"texture":"#0"}}},{"from":[6.399999,7.2,-2.7999978],"to":[7.1999993,8.7,2.2649765E-6],"faces":{"east":{"uv":[8.96875,8.0625,8.84375,8.15625],"tintindex":0,"rotation":0,"texture":"#0"},"south":{"uv":[9.03125,5.375,8.96875,5.46875],"tintindex":0,"rotation":0,"texture":"#0"},"north":{"uv":[9.03125,5.28125,8.96875,5.375],"tintindex":0,"rotation":0,"texture":"#0"},"west":{"uv":[8.96875,7.96875,8.84375,8.0625],"tintindex":0,"rotation":0,"texture":"#0"},"up":{"uv":[8.90625,7.65625,8.96875,7.53125],"tintindex":0,"rotation":0,"texture":"#0"},"down":{"uv":[7.84375,8.90625,7.90625,9.03125],"tintindex":0,"rotation":0,"texture":"#0"}},"rotation":{"origin":[6.799999,8.0,-1.3999977],"angle":-45.0,"axis":"x"}},{"from":[9.5,7.2,-2.7999978],"to":[10.299999,8.7,2.2649765E-6],"faces":{"east":{"uv":[9.0,2.90625,8.875,3.0],"tintindex":0,"rotation":0,"texture":"#0"},"south":{"uv":[9.03125,7.40625,8.96875,7.5],"tintindex":0,"rotation":0,"texture":"#0"},"north":{"uv":[7.03125,8.96875,6.96875,9.0625],"tintindex":0,"rotation":0,"texture":"#0"},"west":{"uv":[9.0,1.34375,8.875,1.4375],"tintindex":0,"rotation":0,"texture":"#0"},"up":{"uv":[8.03125,9.03125,8.09375,8.90625],"tintindex":0,"rotation":0,"texture":"#0"},"down":{"uv":[0.0,8.9375,0.0625,9.0625],"tintindex":0,"rotation":0,"texture":"#0"}},"rotation":{"origin":[9.9,8.0,-1.3999977],"angle":-45.0,"axis":"x"}},{"from":[3.1999993,6.623671,-0.58372724],"to":[4.9999995,9.823671,1.2162727],"faces":{"east":{"uv":[4.46875,8.96875,4.40625,9.0625],"tintindex":0,"rotation":0,"texture":"#0"},"south":{"uv":[9.03125,4.375,8.96875,4.46875],"tintindex":0,"rotation":0,"texture":"#0"},"north":{"uv":[9.03125,4.28125,8.96875,4.375],"tintindex":0,"rotation":0,"texture":"#0"},"west":{"uv":[4.40625,8.96875,4.34375,9.0625],"tintindex":0,"rotation":0,"texture":"#0"},"up":{"uv":[9.0,3.28125,9.0625,3.21875],"tintindex":0,"rotation":0,"texture":"#0"},"down":{"uv":[9.0,4.46875,9.0625,4.53125],"tintindex":0,"rotation":0,"texture":"#0"}}},{"from":[5.8545446,6.4236717,1.2113533],"to":[7.8545446,10.423672,3.2113533],"faces":{"east":{"uv":[6.90625,8.90625,6.84375,9.03125],"tintindex":0,"rotation":0,"texture":"#0"},"south":{"uv":[6.84375,8.90625,6.78125,9.03125],"tintindex":0,"rotation":0,"texture":"#0"},"north":{"uv":[6.71875,8.90625,6.65625,9.03125],"tintindex":0,"rotation":0,"texture":"#0"},"west":{"uv":[6.78125,8.90625,6.71875,9.03125],"tintindex":0,"rotation":0,"texture":"#0"},"up":{"uv":[2.4375,9.0625,2.5,9.0],"tintindex":0,"rotation":0,"texture":"#0"},"down":{"uv":[9.0,2.90625,9.0625,2.96875],"tintindex":0,"rotation":0,"texture":"#0"}}},{"from":[9.0,6.623671,-0.58372724],"to":[10.799999,9.823671,1.2162727],"faces":{"east":{"uv":[6.46875,8.96875,6.40625,9.0625],"tintindex":0,"rotation":0,"texture":"#0"},"south":{"uv":[9.03125,6.34375,8.96875,6.4375],"tintindex":0,"rotation":0,"texture":"#0"},"north":{"uv":[9.03125,6.25,8.96875,6.34375],"tintindex":0,"rotation":0,"texture":"#0"},"west":{"uv":[6.40625,8.96875,6.34375,9.0625],"tintindex":0,"rotation":0,"texture":"#0"},"up":{"uv":[9.0,5.59375,9.0625,5.53125],"tintindex":0,"rotation":0,"texture":"#0"},"down":{"uv":[9.0,5.59375,9.0625,5.65625],"tintindex":0,"rotation":0,"texture":"#0"}}},{"from":[9.699999,7.6,-3.6999984],"to":[10.1,8.400001,-1.4999985],"faces":{"east":{"uv":[9.0,3.09375,8.875,3.1875],"tintindex":0,"rotation":0,"texture":"#0"},"south":{"uv":[9.03125,7.875,8.96875,7.96875],"tintindex":0,"rotation":0,"texture":"#0"},"north":{"uv":[9.03125,7.5,8.96875,7.59375],"tintindex":0,"rotation":0,"texture":"#0"},"west":{"uv":[9.0,3.0,8.875,3.09375],"tintindex":0,"rotation":0,"texture":"#0"},"up":{"uv":[0.0625,9.0625,0.125,8.9375],"tintindex":0,"rotation":0,"texture":"#0"},"down":{"uv":[0.875,8.9375,0.9375,9.0625],"tintindex":0,"rotation":0,"texture":"#0"}},"rotation":{"origin":[9.9,8.0,-1.3999977],"angle":-45.0,"axis":"x"}},{"from":[6.1999993,6.7236714,-1.5837265],"to":[7.399999,9.123672,0.016271204],"faces":{"east":{"uv":[9.03125,5.1875,8.96875,5.28125],"tintindex":0,"rotation":0,"texture":"#0"},"south":{"uv":[9.03125,5.09375,8.96875,5.1875],"tintindex":0,"rotation":0,"texture":"#0"},"north":{"uv":[9.03125,4.90625,8.96875,5.0],"tintindex":0,"rotation":0,"texture":"#0"},"west":{"uv":[9.03125,5.0,8.96875,5.09375],"tintindex":0,"rotation":0,"texture":"#0"},"up":{"uv":[9.0,4.71875,9.0625,4.65625],"tintindex":0,"rotation":0,"texture":"#0"},"down":{"uv":[9.0,5.46875,9.0625,5.53125],"tintindex":0,"rotation":0,"texture":"#0"}},"rotation":{"origin":[6.799999,8.423672,-1.6837273],"angle":-22.5,"axis":"x"}},{"from":[3.6999993,7.2,-2.7999978],"to":[4.4999995,8.7,2.2649765E-6],"faces":{"east":{"uv":[8.96875,7.875,8.84375,7.96875],"tintindex":0,"rotation":0,"texture":"#0"},"south":{"uv":[9.03125,3.8125,8.96875,3.90625],"tintindex":0,"rotation":0,"texture":"#0"},"north":{"uv":[9.03125,3.71875,8.96875,3.8125],"tintindex":0,"rotation":0,"texture":"#0"},"west":{"uv":[7.84375,8.84375,7.71875,8.9375],"tintindex":0,"rotation":0,"texture":"#0"},"up":{"uv":[7.40625,9.03125,7.46875,8.90625],"tintindex":0,"rotation":0,"texture":"#0"},"down":{"uv":[8.90625,7.40625,8.96875,7.53125],"tintindex":0,"rotation":0,"texture":"#0"}},"rotation":{"origin":[4.0999994,8.0,-1.3999977],"angle":-45.0,"axis":"x"}},{"from":[2.8545446,6.4236717,3.2113533],"to":[11.854546,11.423672,12.211357],"faces":{"east":{"uv":[8.53125,2.6875,8.25,2.84375],"tintindex":0,"rotation":0,"texture":"#0"},"south":{"uv":[8.34375,8.21875,8.0625,8.375],"tintindex":0,"rotation":0,"texture":"#0"},"north":{"uv":[2.5625,8.21875,2.28125,8.375],"tintindex":0,"rotation":0,"texture":"#0"},"west":{"uv":[4.875,8.21875,4.59375,8.375],"tintindex":0,"rotation":0,"texture":"#0"},"up":{"uv":[3.3125,7.71875,3.59375,7.4375],"tintindex":0,"rotation":0,"texture":"#0"},"down":{"uv":[7.46875,4.34375,7.75,4.625],"tintindex":0,"rotation":0,"texture":"#0"}}},{"from":[3.1545448,6.4236717,1.2113533],"to":[5.154545,10.423672,3.2113533],"faces":{"east":{"uv":[6.65625,8.90625,6.59375,9.03125],"tintindex":0,"rotation":0,"texture":"#0"},"south":{"uv":[6.59375,8.90625,6.53125,9.03125],"tintindex":0,"rotation":0,"texture":"#0"},"north":{"uv":[5.15625,8.90625,5.09375,9.03125],"tintindex":0,"rotation":0,"texture":"#0"},"west":{"uv":[5.21875,8.90625,5.15625,9.03125],"tintindex":0,"rotation":0,"texture":"#0"},"up":{"uv":[2.3125,9.0625,2.375,9.0],"tintindex":0,"rotation":0,"texture":"#0"},"down":{"uv":[2.375,9.0,2.4375,9.0625],"tintindex":0,"rotation":0,"texture":"#0"}}},{"from":[3.9,7.6,-3.6999984],"to":[4.2999997,8.400001,-1.4999985],"faces":{"east":{"uv":[7.71875,8.84375,7.59375,8.9375],"tintindex":0,"rotation":0,"texture":"#0"},