{"textures":{"0":"modelengine:entity/nocsy_algarokbisbis","particle":"#0"},"elements":[{"from":[8.44528,12.568769,-7.6292686],"to":[11.66608,15.78957,-4.9452686],"faces":{"east":{"uv":[0.78125,8.90625,0.875,9.0],"tintindex":0,"rotation":0,"texture":"#0"},"south":{"uv":[8.90625,1.0625,9.0,1.15625],"tintindex":0,"rotation":0,"texture":"#0"},"north":{"uv":[0.6875,8.90625,0.78125,9.0],"tintindex":0,"rotation":0,"texture":"#0"},"west":{"uv":[1.15625,8.90625,1.25,9.0],"tintindex":0,"rotation":0,"texture":"#0"},"up":{"uv":[9.0,1.25,8.90625,1.15625],"tintindex":0,"rotation":0,"texture":"#0"},"down":{"uv":[1.34375,8.90625,1.25,9.0],"tintindex":0,"rotation":0,"texture":"#0"}}},{"from":[4.2192793,12.673969,-7.3608685],"to":[6.9032803,14.821169,-5.213669],"faces":{"east":{"uv":[1.90625,8.90625,2.0,9.0],"tintindex":0,"rotation":0,"texture":"#0"},"south":{"uv":[2.03125,8.84375,2.15625,8.9375],"tintindex":0,"rotation":0,"texture":"#0"},"north":{"uv":[8.84375,1.96875,8.96875,2.0625],"tintindex":0,"rotation":0,"texture":"#0"},"west":{"uv":[2.15625,8.90625,2.25,9.0],"tintindex":0,"rotation":0,"texture":"#0"},"up":{"uv":[8.96875,2.15625,8.84375,2.0625],"tintindex":0,"rotation":0,"texture":"#0"},"down":{"uv":[8.96875,2.34375,8.84375,2.4375],"tintindex":0,"rotation":0,"texture":"#0"}},"rotation":{"origin":[5.49288,14.179169,-6.2872677],"angle":22.5,"axis":"z"}},{"from":[3.0489995,13.386384,-3.4756844],"to":[5.733,16.680386,-0.99168473],"faces":{"east":{"uv":[4.625,7.6875,4.71875,7.8125],"tintindex":0,"rotation":0,"texture":"#0"},"south":{"uv":[1.6875,7.75,1.78125,7.875],"tintindex":0,"rotation":0,"texture":"#0"},"north":{"uv":[1.6875,7.625,1.78125,7.75],"tintindex":0,"rotation":0,"texture":"#0"},"west":{"uv":[1.0,7.875,1.09375,8.0],"tintindex":0,"rotation":0,"texture":"#0"},"up":{"uv":[9.0,0.53125,8.90625,0.4375],"tintindex":0,"rotation":0,"texture":"#0"},"down":{"uv":[0.59375,8.90625,0.5,9.0],"tintindex":0,"rotation":0,"texture":"#0"}}},{"from":[3.0488963,12.667652,-7.146148],"to":[4.7666564,13.848612,-5.428389],"faces":{"east":{"uv":[8.84375,2.8125,8.96875,2.90625],"tintindex":0,"rotation":0,"texture":"#0"},"south":{"uv":[3.09375,8.84375,3.21875,8.9375],"tintindex":0,"rotation":0,"texture":"#0"},"north":{"uv":[8.84375,2.53125,8.96875,2.625],"tintindex":0,"rotation":0,"texture":"#0"},"west":{"uv":[3.21875,8.84375,3.34375,8.9375],"tintindex":0,"rotation":0,"texture":"#0"},"up":{"uv":[8.90625,7.53125,8.78125,7.40625],"tintindex":0,"rotation":0,"texture":"#0"},"down":{"uv":[8.90625,7.53125,8.78125,7.65625],"tintindex":0,"rotation":0,"texture":"#0"}}},{"from":[5.3059998,13.203384,-3.6586838],"to":[8.966001,16.863384,-1.0086842],"faces":{"east":{"uv":[7.59375,1.75,7.6875,1.875],"tintindex":0,"rotation":0,"texture":"#0"},"south":{"uv":[7.09375,8.78125,7.21875,8.90625],"tintindex":0,"rotation":0,"texture":"#0"},"north":{"uv":[8.78125,6.9375,8.90625,7.0625],"tintindex":0,"rotation":0,"texture":"#0"},"west":{"uv":[2.96875,7.59375,3.0625,7.71875],"tintindex":0,"rotation":0,"texture":"#0"},"up":{"uv":[8.125,8.90625,8.0,8.8125],"tintindex":0,"rotation":0,"texture":"#0"},"down":{"uv":[0.125,8.84375,0.0,8.9375],"tintindex":0,"rotation":0,"texture":"#0"}}},{"from":[6.4591208,12.72981,-7.4682283],"to":[8.82104,15.62853,-5.106309],"faces":{"east":{"uv":[1.4375,8.90625,1.53125,9.0],"tintindex":0,"rotation":0,"texture":"#0"},"south":{"uv":[1.53125,8.90625,1.625,9.0],"tintindex":0,"rotation":0,"texture":"#0"},"north":{"uv":[1.34375,8.90625,1.4375,9.0],"tintindex":0,"rotation":0,"texture":"#0"},"west":{"uv":[1.625,8.90625,1.71875,9.0],"tintindex":0,"rotation":0,"texture":"#0"},"up":{"uv":[1.8125,9.0,1.71875,8.90625],"tintindex":0,"rotation":0,"texture":"#0"},"down":{"uv":[1.90625,8.90625,1.8125,9.0],"tintindex":0,"rotation":0,"texture":"#0"}}},{"from":[0.73099995,14.118385,-3.3536835],"to":[3.781001,16.558384,-1.1136837],"faces":{"east":{"uv":[0.59375,8.90625,0.6875,9.0],"tintindex":0,"rotation":0,"texture":"#0"},"south":{"uv":[8.84375,0.09375,8.96875,0.1875],"tintindex":0,"rotation":0,"texture":"#0"},"north":{"uv":[8.84375,0.0,8.96875,0.09375],"tintindex":0,"rotation":0,"texture":"#0"},"west":{"uv":[8.90625,0.65625,9.0,0.75],"tintindex":0,"rotation":0,"texture":"#0"},"up":{"uv":[8.96875,0.28125,8.84375,0.1875],"tintindex":0,"rotation":0,"texture":"#0"},"down":{"uv":[8.96875,0.78125,8.84375,0.875],"tintindex":0,"rotation":0,"texture":"#0"}},"rotation":{"origin":[1.9509993,15.033384,-2.1336842],"angle":-22.5,"axis":"z"}},{"from":[-0.59898055,15.588478,-3.1096835],"to":[1.3530184,16.93048,-1.1576847],"faces":{"east":{"uv":[0.90625,8.84375,1.03125,8.9375],"tintindex":0,"rotation":0,"texture":"#0"},"south":{"uv":[1.03125,8.84375,1.15625,8.9375],"tintindex":0,"rotation":0,"texture":"#0"},"north":{"uv":[8.84375,0.875,8.96875,0.96875],"tintindex":0,"rotation":0,"texture":"#0"},"west":{"uv":[8.84375,1.5625,8.96875,1.65625],"tintindex":0,"rotation":0,"texture":"#0"},"up":{"uv":[7.34375,8.90625,7.21875,8.78125],"tintindex":0,"rotation":0,"texture":"#0"},"down":{"uv":[7.46875,8.78125,7.34375,8.90625],"tintindex":0,"rotation":0,"texture":"#0"}},"rotation":{"origin":[0.37701893,16.015478,-2.1336842],"angle":-45.0,"axis":"z"}}],"display":{"head":{"rotation":[0.0,0.0,0.0]},"firstperson_righthand":{"rotation":[0.0,0.0,0.0]},"thirdperson_lefthand":{"rotation":[0.0,-0.0,-0.0]},"firstperson_lefthand":{"rotation":[0.0,-0.0,-0.0]},"fixed":{"rotation":[0.0,0.0,0.0]},"ground":{"rotation":[0.0,0.0,0.0]},"thirdperson_righthand":{"rotation":[0.0,0.0,0.0]},"gui":{"rotation":[-150.0,-45.0,180.0]}}}