{"textures":{"0":"modelengine:entity/nocsy_algarokbisbis","particle":"#0"},"elements":[{"from":[7.1999993,3.6137886,-2.4],"to":[8.4,6.0137887,-0.80000055],"faces":{"east":{"uv":[5.65625,8.9375,5.59375,9.03125],"tintindex":0,"rotation":0,"texture":"#0"},"south":{"uv":[9.0,5.5,8.9375,5.59375],"tintindex":0,"rotation":0,"texture":"#0"},"north":{"uv":[5.40625,8.9375,5.34375,9.03125],"tintindex":0,"rotation":0,"texture":"#0"},"west":{"uv":[5.46875,8.9375,5.40625,9.03125],"tintindex":0,"rotation":0,"texture":"#0"},"up":{"uv":[8.96875,7.65625,9.03125,7.59375],"tintindex":0,"rotation":0,"texture":"#0"},"down":{"uv":[1.1875,9.0,1.25,9.0625],"tintindex":0,"rotation":0,"texture":"#0"}},"rotation":{"origin":[7.799999,5.3137884,-2.5],"angle":-22.5,"axis":"x"}},{"from":[11.0,4.090117,-3.6162705],"to":[11.799999,5.5901175,-0.8162705],"faces":{"east":{"uv":[8.96875,5.03125,8.84375,5.125],"tintindex":0,"rotation":0,"texture":"#0"},"south":{"uv":[6.15625,8.9375,6.09375,9.03125],"tintindex":0,"rotation":0,"texture":"#0"},"north":{"uv":[9.0,6.0625,8.9375,6.15625],"tintindex":0,"rotation":0,"texture":"#0"},"west":{"uv":[8.96875,4.9375,8.84375,5.03125],"tintindex":0,"rotation":0,"texture":"#0"},"up":{"uv":[1.625,8.59375,1.6875,8.46875],"tintindex":0,"rotation":0,"texture":"#0"},"down":{"uv":[8.53125,4.15625,8.59375,4.28125],"tintindex":0,"rotation":0,"texture":"#0"}},"rotation":{"origin":[11.4,4.890117,-2.2162704],"angle":-45.0,"axis":"x"}},{"from":[6.899999,3.5137887,-1.4],"to":[8.699999,6.7137885,0.4],"faces":{"east":{"uv":[5.34375,8.9375,5.28125,9.03125],"tintindex":0,"rotation":0,"texture":"#0"},"south":{"uv":[9.0,2.25,8.9375,2.34375],"tintindex":0,"rotation":0,"texture":"#0"},"north":{"uv":[6.96875,8.78125,6.90625,8.875],"tintindex":0,"rotation":0,"texture":"#0"},"west":{"uv":[9.0,1.25,8.9375,1.34375],"tintindex":0,"rotation":0,"texture":"#0"},"up":{"uv":[8.6875,8.84375,8.75,8.78125],"tintindex":0,"rotation":0,"texture":"#0"},"down":{"uv":[2.15625,8.84375,2.21875,8.90625],"tintindex":0,"rotation":0,"texture":"#0"}}},{"from":[10.5,3.5137887,-1.4],"to":[12.299999,6.7137885,0.4],"faces":{"east":{"uv":[9.0,5.875,8.9375,5.96875],"tintindex":0,"rotation":0,"texture":"#0"},"south":{"uv":[5.90625,8.9375,5.84375,9.03125],"tintindex":0,"rotation":0,"texture":"#0"},"north":{"uv":[5.84375,8.9375,5.78125,9.03125],"tintindex":0,"rotation":0,"texture":"#0"},"west":{"uv":[9.0,5.78125,8.9375,5.875],"tintindex":0,"rotation":0,"texture":"#0"},"up":{"uv":[9.0,1.28125,9.0625,1.21875],"tintindex":0,"rotation":0,"texture":"#0"},"down":{"uv":[1.25,9.0,1.3125,9.0625],"tintindex":0,"rotation":0,"texture":"#0"}}},{"from":[2.8000002,3.313789,2.3999996],"to":[12.799999,8.313789,12.4],"faces":{"east":{"uv":[8.4375,4.65625,8.125,4.8125],"tintindex":0,"rotation":0,"texture":"#0"},"south":{"uv":[8.4375,2.375,8.125,2.53125],"tintindex":0,"rotation":0,"texture":"#0"},"north":{"uv":[0.9375,8.125,0.625,8.28125],"tintindex":0,"rotation":0,"texture":"#0"},"west":{"uv":[8.4375,0.6875,8.125,0.84375],"tintindex":0,"rotation":0,"texture":"#0"},"up":{"uv":[6.90625,6.71875,7.21875,6.40625],"tintindex":0,"rotation":0,"texture":"#0"},"down":{"uv":[6.96875,0.9375,7.28125,1.25],"tintindex":0,"rotation":0,"texture":"#0"}}},{"from":[10.4,3.313789,0.39999962],"to":[12.4,7.313789,2.3999996],"faces":{"east":{"uv":[2.90625,8.90625,2.84375,9.03125],"tintindex":0,"rotation":0,"texture":"#0"},"south":{"uv":[2.84375,8.90625,2.78125,9.03125],"tintindex":0,"rotation":0,"texture":"#0"},"north":{"uv":[8.96875,2.6875,8.90625,2.8125],"tintindex":0,"rotation":0,"texture":"#0"},"west":{"uv":[2.78125,8.90625,2.71875,9.03125],"tintindex":0,"rotation":0,"texture":"#0"},"up":{"uv":[9.0,1.46875,9.0625,1.40625],"tintindex":0,"rotation":0,"texture":"#0"},"down":{"uv":[1.4375,9.0,1.5,9.0625],"tintindex":0,"rotation":0,"texture":"#0"}}},{"from":[3.1999993,3.5137887,-1.4],"to":[4.9999995,6.7137885,0.4],"faces":{"east":{"uv":[6.1875,1.125,6.125,1.21875],"tintindex":0,"rotation":0,"texture":"#0"},"south":{"uv":[1.125,6.125,1.0625,6.21875],"tintindex":0,"rotation":0,"texture":"#0"},"north":{"uv":[3.75,5.84375,3.6875,5.9375],"tintindex":0,"rotation":0,"texture":"#0"},"west":{"uv":[6.0625,2.96875,6.0,3.0625],"tintindex":0,"rotation":0,"texture":"#0"},"up":{"uv":[8.6875,4.15625,8.75,4.09375],"tintindex":0,"rotation":0,"texture":"#0"},"down":{"uv":[8.6875,5.53125,8.75,5.59375],"tintindex":0,"rotation":0,"texture":"#0"}}},{"from":[3.6999993,4.090117,-3.6162705],"to":[4.4999995,5.5901175,-0.8162705],"faces":{"east":{"uv":[8.96875,3.90625,8.84375,4.0],"tintindex":0,"rotation":0,"texture":"#0"},"south":{"uv":[7.25,7.8125,7.1875,7.90625],"tintindex":0,"rotation":0,"texture":"#0"},"north":{"uv":[3.875,7.6875,3.8125,7.78125],"tintindex":0,"rotation":0,"texture":"#0"},"west":{"uv":[3.46875,8.84375,3.34375,8.9375],"tintindex":0,"rotation":0,"texture":"#0"},"up":{"uv":[2.78125,6.9375,2.84375,6.8125],"tintindex":0,"rotation":0,"texture":"#0"},"down":{"uv":[3.65625,6.84375,3.71875,6.96875],"tintindex":0,"rotation":0,"texture":"#0"}},"rotation":{"origin":[4.0999994,4.890117,-2.2162704],"angle":-45.0,"axis":"x"}},{"from":[10.799999,3.6137886,-2.4],"to":[12.0,6.0137887,-0.80000055],"faces":{"east":{"uv":[6.09375,8.9375,6.03125,9.03125],"tintindex":0,"rotation":0,"texture":"#0"},"south":{"uv":[9.0,5.96875,8.9375,6.0625],"tintindex":0,"rotation":0,"texture":"#0"},"north":{"uv":[5.96875,8.9375,5.90625,9.03125],"tintindex":0,"rotation":0,"texture":"#0"},"west":{"uv":[6.03125,8.9375,5.96875,9.03125],"tintindex":0,"rotation":0,"texture":"#0"},"up":{"uv":[9.0,1.34375,9.0625,1.28125],"tintindex":0,"rotation":0,"texture":"#0"},"down":{"uv":[1.3125,9.0,1.375,9.0625],"tintindex":0,"rotation":0,"texture":"#0"}},"rotation":{"origin":[11.4,5.3137884,-2.5],"angle":-22.5,"axis":"x"}},{"from":[3.4999995,3.6137886,-2.4],"to":[4.6999993,6.0137887,-0.80000055],"faces":{"east":{"uv":[5.96875,7.5625,5.90625,7.65625],"tintindex":0,"rotation":0,"texture":"#0"},"south":{"uv":[3.375,7.34375,3.3125,7.4375],"tintindex":0,"rotation":0,"texture":"#0"},"north":{"uv":[0.34375,6.5625,0.28125,6.65625],"tintindex":0,"rotation":0,"texture":"#0"},"west":{"uv":[7.34375,2.625,7.28125,2.71875],"tintindex":0,"rotation":0,"texture":"#0"},"up":{"uv":[8.6875,8.40625,8.75,8.34375],"tintindex":0,"rotation":0,"texture":"#0"},"down":{"uv":[8.71875,7.40625,8.78125,7.46875],"tintindex":0,"rotation":0,"texture":"#0"}},"rotation":{"origin":[4.0999994,5.3137884,-2.5],"angle":-22.5,"axis":"x"}},{"from":[7.6,4.4901175,-4.516271],"to":[7.9999995,5.2901173,-2.3162704],"faces":{"east":{"uv":[5.0,8.84375,4.875,8.9375],"tintindex":0,"rotation":0,"texture":"#0"},"south":{"uv":[5.78125,8.9375,5.71875,9.03125],"tintindex":0,"rotation":0,"texture":"#0"},"north":{"uv":[9.0,5.6875,8.9375,5.78125],"tintindex":0,"rotation":0,"texture":"#0"},"west":{"uv":[8.96875,4.84375,8.84375,4.9375],"tintindex":0,"rotation":0,"texture":"#0"},"up":{"uv":[2.59375,8.1875,2.65625,8.0625],"tintindex":0,"rotation":0,"texture":"#0"},"down":{"uv":[5.40625,8.15625,5.46875,8.28125],"tintindex":0,"rotation":0,"texture":"#0"}},"rotation":{"origin":[7.799999,4.890117,-2.2162704],"angle":-45.0,"axis":"x"}},{"from":[3.0999994,3.313789,0.39999962],"to":[5.0999994,7.313789,2.3999996],"faces":{"east":{"uv":[2.84375,6.6875,2.78125,6.8125],"tintindex":0,"rotation":0,"texture":"#0"},"south":{"uv":[6.1875,6.625,6.125,6.75],"tintindex":0,"rotation":0,"texture":"#0"},"north":{"uv":[0.34375,6.4375,0.28125,6.5625],"tintindex":0,"rotation":0,"texture":"#0"},"west":{"uv":[6.1875,6.5,6.125,6.625],"tintindex":0,"rotation":0,"texture":"#0"},"up":{"uv":[4.09375,7.84375,4.15625,7.78125],"tintindex":0,"rotation":0,"texture":"#0"},"down":{"uv":[0.96875,8.65625,1.03125,8.71875],"tintindex":0,"rotation":0,"texture":"#0"}}},{"from":[3.8999991,4.4901175,-4.516271],"to":[4.2999997,5.2901173,-2.3162704],"faces":{"east":{"uv":[4.75,8.84375,4.625,8.9375],"tintindex":0,"rotation":0,"texture":"#0"},"south":{"uv":[8.71875,1.125,8.65625,1.21875],"tintindex":0,"rotation":0,"texture":"#0"},