{"textures":{"0":"modelengine:entity/nocsy_algarokbisbis","particle":"#0"},"elements":[{"from":[3.5,-0.099998474,6.200859],"to":[12.5,7.9000015,16.20086],"faces":{"east":{"uv":[0.25,7.59375,0.5625,7.84375],"tintindex":0,"rotation":0,"texture":"#0"},"south":{"uv":[6.6875,7.75,6.96875,8.0],"tintindex":0,"rotation":0,"texture":"#0"},"north":{"uv":[4.0625,2.34375,4.34375,2.59375],"tintindex":0,"rotation":0,"texture":"#0"},"west":{"uv":[7.59375,0.71875,7.90625,0.96875],"tintindex":0,"rotation":0,"texture":"#0"},"up":{"uv":[7.46875,4.65625,7.1875,4.34375],"tintindex":0,"rotation":0,"texture":"#0"},"down":{"uv":[7.5,6.40625,7.21875,6.71875],"tintindex":0,"rotation":0,"texture":"#0"}}},{"from":[7.0,1.9000015,6.200859],"to":[9.0,9.900002,14.200859],"faces":{"east":{"uv":[0.75,7.875,1.0,8.125],"tintindex":0,"rotation":0,"texture":"#0"},"south":{"uv":[4.34375,2.71875,4.40625,2.96875],"tintindex":0,"rotation":0,"texture":"#0"},"north":{"uv":[3.96875,2.96875,4.03125,3.21875],"tintindex":0,"rotation":0,"texture":"#0"},"west":{"uv":[4.9375,7.875,5.1875,8.125],"tintindex":0,"rotation":0,"texture":"#0"},"up":{"uv":[5.90625,5.09375,5.84375,4.84375],"tintindex":0,"rotation":0,"texture":"#0"},"down":{"uv":[1.125,5.875,1.0625,6.125],"tintindex":0,"rotation":0,"texture":"#0"}}},{"from":[3.51,1.2100008,3.3108652],"to":[12.49,9.190001,7.290865],"faces":{"east":{"uv":[6.0,2.71875,6.0625,2.96875],"tintindex":0,"rotation":0,"texture":"#0"},"south":{"uv":[3.8125,7.78125,4.09375,8.03125],"tintindex":0,"rotation":0,"texture":"#0"},"north":{"uv":[7.78125,3.78125,8.0625,4.03125],"tintindex":0,"rotation":0,"texture":"#0"},"west":{"uv":[2.84375,6.34375,2.90625,6.59375],"tintindex":0,"rotation":0,"texture":"#0"},"up":{"uv":[6.46875,1.71875,6.1875,1.65625],"tintindex":0,"rotation":0,"texture":"#0"},"down":{"uv":[6.9375,0.9375,6.65625,1.0],"tintindex":0,"rotation":0,"texture":"#0"}},"rotation":{"origin":[8.0,3.9000015,4.200859],"angle":22.5,"axis":"x"}},{"from":[4.5,0.6000023,15.500862],"to":[11.5,7.6000023,25.500862],"faces":{"east":{"uv":[2.03125,7.84375,2.34375,8.0625],"tintindex":0,"rotation":0,"texture":"#0"},"south":{"uv":[1.6875,8.1875,1.90625,8.40625],"tintindex":0,"rotation":0,"texture":"#0"},"north":{"uv":[0.21875,8.1875,0.4375,8.40625],"tintindex":0,"rotation":0,"texture":"#0"},"west":{"uv":[2.34375,7.84375,2.65625,8.0625],"tintindex":0,"rotation":0,"texture":"#0"},"up":{"uv":[6.65625,8.125,6.4375,7.8125],"tintindex":0,"rotation":0,"texture":"#0"},"down":{"uv":[7.1875,7.8125,6.96875,8.125],"tintindex":0,"rotation":0,"texture":"#0"}}}],"display":{"head":{"rotation":[0.0,0.0,0.0]},"firstperson_righthand":{"rotation":[0.0,0.0,0.0]},"thirdperson_lefthand":{"rotation":[0.0,-0.0,-0.0]},"firstperson_lefthand":{"rotation":[0.0,-0.0,-0.0]},"fixed":{"rotation":[0.0,0.0,0.0]},"ground":{"rotation":[0.0,0.0,0.0]},"thirdperson_righthand":{"rotation":[0.0,0.0,0.0]},"gui":{"rotation":[-150.0,-45.0,180.0]}}}