{"textures":{"0":"modelengine:entity/nocsy_algarokbisbis","particle":"#0"},"elements":[{"from":[7.25,5.3220005,12.692001],"to":[8.75,9.8220005,20.192001],"faces":{"east":{"uv":[3.28125,6.34375,3.75,6.625],"tintindex":0,"rotation":0,"texture":"#0"},"south":{"uv":[4.71875,6.4375,4.8125,6.71875],"tintindex":0,"rotation":0,"texture":"#0"},"north":{"uv":[5.25,3.5625,5.34375,3.84375],"tintindex":0,"rotation":0,"texture":"#0"},"west":{"uv":[3.75,6.34375,4.21875,6.625],"tintindex":0,"rotation":0,"texture":"#0"},"up":{"uv":[2.46875,4.53125,2.375,4.0625],"tintindex":0,"rotation":0,"texture":"#0"},"down":{"uv":[0.53125,8.1875,0.4375,8.65625],"tintindex":0,"rotation":0,"texture":"#0"}}},{"from":[8.084,4.8500004,16.720001],"to":[12.484,7.050001,21.119999],"faces":{"east":{"uv":[8.375,7.78125,8.65625,7.90625],"tintindex":0,"rotation":0,"texture":"#0"},"south":{"uv":[7.9375,8.375,8.21875,8.5],"tintindex":0,"rotation":0,"texture":"#0"},"north":{"uv":[8.375,7.65625,8.65625,7.78125],"tintindex":0,"rotation":0,"texture":"#0"},"west":{"uv":[0.0,8.40625,0.28125,8.53125],"tintindex":0,"rotation":0,"texture":"#0"},"up":{"uv":[5.0,7.625,4.71875,7.34375],"tintindex":0,"rotation":0,"texture":"#0"},"down":{"uv":[1.03125,7.375,0.75,7.65625],"tintindex":0,"rotation":0,"texture":"#0"}},"rotation":{"origin":[12.044001,5.950001,19.8],"angle":-22.5,"axis":"y"}},{"from":[5.2804,4.414401,16.2844],"to":[7.9116,7.4856005,21.115602],"faces":{"east":{"uv":[8.0,0.1875,8.3125,0.375],"tintindex":0,"rotation":0,"texture":"#0"},"south":{"uv":[5.3125,8.53125,5.46875,8.71875],"tintindex":0,"rotation":0,"texture":"#0"},"north":{"uv":[8.53125,5.09375,8.6875,5.28125],"tintindex":0,"rotation":0,"texture":"#0"},"west":{"uv":[0.3125,8.0,0.625,8.1875],"tintindex":0,"rotation":0,"texture":"#0"},"up":{"uv":[5.25,3.5,5.09375,3.1875],"tintindex":0,"rotation":0,"texture":"#0"},"down":{"uv":[4.96875,6.0,4.8125,6.3125],"tintindex":0,"rotation":0,"texture":"#0"}},"rotation":{"origin":[3.9559999,5.950001,19.8],"angle":22.5,"axis":"y"}},{"from":[3.5159998,4.8500004,16.720001],"to":[7.916,7.050001,21.119999],"faces":{"east":{"uv":[3.375,8.40625,3.65625,8.53125],"tintindex":0,"rotation":0,"texture":"#0"},"south":{"uv":[5.3125,8.40625,5.59375,8.53125],"tintindex":0,"rotation":0,"texture":"#0"},"north":{"uv":[3.09375,8.40625,3.375,8.53125],"tintindex":0,"rotation":0,"texture":"#0"},"west":{"uv":[0.53125,8.4375,0.8125,8.5625],"tintindex":0,"rotation":0,"texture":"#0"},"up":{"uv":[1.3125,7.65625,1.03125,7.375],"tintindex":0,"rotation":0,"texture":"#0"},"down":{"uv":[5.28125,7.375,5.0,7.65625],"tintindex":0,"rotation":0,"texture":"#0"}},"rotation":{"origin":[3.9559999,5.950001,19.8],"angle":22.5,"axis":"y"}},{"from":[5.25,3.3220005,7.6919994],"to":[10.75,8.8220005,12.692001],"faces":{"east":{"uv":[2.46875,6.6875,2.78125,7.03125],"tintindex":0,"rotation":0,"texture":"#0"},"south":{"uv":[6.53125,5.96875,6.875,6.3125],"tintindex":0,"rotation":0,"texture":"#0"},"north":{"uv":[1.59375,6.53125,1.9375,6.875],"tintindex":0,"rotation":0,"texture":"#0"},"west":{"uv":[4.21875,6.6875,4.53125,7.03125],"tintindex":0,"rotation":0,"texture":"#0"},"up":{"uv":[7.03125,0.65625,6.6875,0.34375],"tintindex":0,"rotation":0,"texture":"#0"},"down":{"uv":[7.0625,1.28125,6.71875,1.59375],"tintindex":0,"rotation":0,"texture":"#0"}}},{"from":[7.005,4.8270006,7.6969995],"to":[8.995,10.317,13.687001],"faces":{"east":{"uv":[6.40625,2.125,6.78125,2.46875],"tintindex":0,"rotation":0,"texture":"#0"},"south":{"uv":[6.625,8.25,6.75,8.59375],"tintindex":0,"rotation":0,"texture":"#0"},"north":{"uv":[2.96875,8.25,3.09375,8.59375],"tintindex":0,"rotation":0,"texture":"#0"},"west":{"uv":[6.40625,2.46875,6.78125,2.8125],"tintindex":0,"rotation":0,"texture":"#0"},"up":{"uv":[1.0,3.65625,0.875,3.28125],"tintindex":0,"rotation":0,"texture":"#0"},"down":{"uv":[6.125,8.15625,6.0,8.53125],"tintindex":0,"rotation":0,"texture":"#0"}}},{"from":[1.6201968,5.290001,19.337269],"to":[4.2601967,6.6100006,22.41727],"faces":{"east":{"uv":[8.75,5.90625,8.9375,6.0],"tintindex":0,"rotation":0,"texture":"#0"},"south":{"uv":[8.21875,8.78125,8.375,8.875],"tintindex":0,"rotation":0,"texture":"#0"},"north":{"uv":[8.78125,2.25,8.9375,2.34375],"tintindex":0,"rotation":0,"texture":"#0"},"west":{"uv":[8.75,6.0,8.9375,6.09375],"tintindex":0,"rotation":0,"texture":"#0"},"up":{"uv":[3.5625,8.71875,3.40625,8.53125],"tintindex":0,"rotation":0,"texture":"#0"},"down":{"uv":[8.6875,3.96875,8.53125,4.15625],"tintindex":0,"rotation":0,"texture":"#0"}},"rotation":{"origin":[1.1801968,5.950001,19.997269],"angle":45.0,"axis":"y"}},{"from":[8.25,9.422001,7.6919994],"to":[11.25,10.422001,13.192001],"faces":{"east":{"uv":[6.09375,4.46875,6.4375,4.53125],"tintindex":0,"rotation":0,"texture":"#0"},"south":{"uv":[8.75,3.65625,8.9375,3.71875],"tintindex":0,"rotation":0,"texture":"#0"},"north":{"uv":[8.75,1.5,8.9375,1.5625],"tintindex":0,"rotation":0,"texture":"#0"},"west":{"uv":[8.625,3.71875,8.96875,3.78125],"tintindex":0,"rotation":0,"texture":"#0"},"up":{"uv":[1.71875,3.53125,1.53125,3.1875],"tintindex":0,"rotation":0,"texture":"#0"},"down":{"uv":[6.0625,3.53125,5.875,3.875],"tintindex":0,"rotation":0,"texture":"#0"}},"rotation":{"origin":[8.0,9.0720005,10.192001],"angle":-22.5,"axis":"z"}},{"from":[4.75,9.422001,7.6919994],"to":[7.75,10.422001,13.192001],"faces":{"east":{"uv":[8.625,6.375,8.96875,6.4375],"tintindex":0,"rotation":0,"texture":"#0"},"south":{"uv":[8.75,6.1875,8.9375,6.25],"tintindex":0,"rotation":0,"texture":"#0"},"north":{"uv":[8.75,4.46875,8.9375,4.53125],"tintindex":0,"rotation":0,"texture":"#0"},"west":{"uv":[8.65625,7.8125,9.0,7.875],"tintindex":0,"rotation":0,"texture":"#0"},"up":{"uv":[2.84375,8.1875,2.65625,7.84375],"tintindex":0,"rotation":0,"texture":"#0"},"down":{"uv":[8.03125,3.4375,7.84375,3.78125],"tintindex":0,"rotation":0,"texture":"#0"}},"rotation":{"origin":[8.0,9.0720005,10.192001],"angle":22.5,"axis":"z"}},{"from":[5.25,3.8220005,12.692001],"to":[10.75,8.3220005,19.192001],"faces":{"east":{"uv":[5.34375,2.40625,5.75,2.6875],"tintindex":0,"rotation":0,"texture":"#0"},"south":{"uv":[7.0625,1.90625,7.40625,2.1875],"tintindex":0,"rotation":0,"texture":"#0"},"north":{"uv":[7.0625,1.25,7.40625,1.53125],"tintindex":0,"rotation":0,"texture":"#0"},"west":{"uv":[6.65625,0.65625,7.0625,0.9375],"tintindex":0,"rotation":0,"texture":"#0"},"up":{"uv":[3.28125,6.59375,2.9375,6.1875],"tintindex":0,"rotation":0,"texture":"#0"},"down":{"uv":[6.53125,6.0625,6.1875,6.46875],"tintindex":0,"rotation":0,"texture":"#0"}}},{"from":[8.0,8.022001,12.692001],"to":[11.0,9.522001,19.192001],"faces":{"east":{"uv":[8.21875,0.46875,8.625,0.5625],"tintindex":0,"rotation":0,"texture":"#0"},"south":{"uv":[8.75,5.53125,8.9375,5.625],"tintindex":0,"rotation":0,"texture":"#0"},"north":{"uv":[7.40625,1.4375,7.59375,1.53125],"tintindex":0,"rotation":0,"texture":"#0"},"west":{"uv":[8.21875,3.28125,8.625,3.375],"tintindex":0,"rotation":0,"texture":"#0"},"up":{"uv":[7.78125,5.6875,7.59375,5.28125],"tintindex":0,"rotation":0,"texture":"#0"},"down":{"uv":[7.78125,5.6875,7.59375,6.09375],"tintindex":0,"rotation":0,"texture":"#0"}},"rotation":{"origin":[8.0,8.5720005,15.942001],"angle":-22.5,"axis":"z"}},{"from":[5.0,8.022001,12.692001],"to":[8.0,9.522001,19.192001],"faces":{"east":{"uv":[8.375,7.46875,8.78125,7.5625],"tintindex":0,"rotation":0,"texture":"#0"},"south":{"uv":[5.71875,8.75,5.90625,8.84375],"tintindex":0,"rotation":0,"texture":"#0"},"north":{"uv":[8.75,5.625,8.9375,5.71875],"tintindex":0,"rotation":0,"texture":"#0"},"west":{"uv":[8.375,7.5625,8.78125,7.65625],"tintindex":0,"rotation":0,"texture":"#0"},"up":{"uv":[1.5,8.03125,1.3125,7.625],"tintindex":0,"rotation":0,"texture":"#0"},"down":{"uv":[1.6875,7.625,1.5,8.03125],"tintindex":0,"rotation":0,"texture":"#0"}},"rotation":{"origin":[8.0,8.5720005,15.942001],"angle":22.5,"axis":"z"}},{"from":[8.0884,4.414401,16.2844],"to":[10.7196,7.4856005,21.115602],"faces":{"east":{"uv":[0.0,8.0,0.3125,8.1875],"tintindex":0,"rotation":0,"texture":"#0"},