{"textures":{"0":"modelengine:entity/nocsy_algarokbisbis","particle":"#0"},"elements":[{"from":[6.6499996,2.25,3.5],"to":[12.15,8.75,12.5],"faces":{"east":{"uv":[0.5625,4.15625,1.125,4.5625],"tintindex":0,"rotation":0,"texture":"#0"},"south":{"uv":[6.28125,4.8125,6.625,5.21875],"tintindex":0,"rotation":0,"texture":"#0"},"north":{"uv":[6.21875,0.0,6.5625,0.40625],"tintindex":0,"rotation":0,"texture":"#0"},"west":{"uv":[4.15625,3.9375,4.71875,4.34375],"tintindex":0,"rotation":0,"texture":"#0"},"up":{"uv":[1.46875,5.28125,1.125,4.71875],"tintindex":0,"rotation":0,"texture":"#0"},"down":{"uv":[5.03125,4.71875,4.6875,5.28125],"tintindex":0,"rotation":0,"texture":"#0"}}},{"from":[6.2,5.807228,4.1316614],"to":[11.700001,11.057228,11.781662],"faces":{"east":{"uv":[4.5,5.65625,4.96875,6.0],"tintindex":0,"rotation":0,"texture":"#0"},"south":{"uv":[2.84375,6.59375,3.1875,6.9375],"tintindex":0,"rotation":0,"texture":"#0"},"north":{"uv":[6.5625,0.0,6.90625,0.34375],"tintindex":0,"rotation":0,"texture":"#0"},"west":{"uv":[5.6875,0.375,6.15625,0.71875],"tintindex":0,"rotation":0,"texture":"#0"},"up":{"uv":[6.0625,3.53125,5.71875,3.0625],"tintindex":0,"rotation":0,"texture":"#0"},"down":{"uv":[3.4375,5.71875,3.09375,6.1875],"tintindex":0,"rotation":0,"texture":"#0"}},"rotation":{"origin":[8.95,8.432228,7.9566617],"angle":-22.5,"axis":"x"}},{"from":[7.1499996,-3.25,3.0],"to":[11.65,3.75,9.0],"faces":{"east":{"uv":[2.71875,5.5,3.09375,5.9375],"tintindex":0,"rotation":0,"texture":"#0"},"south":{"uv":[0.0,6.4375,0.28125,6.875],"tintindex":0,"rotation":0,"texture":"#0"},"north":{"uv":[0.75,6.375,1.03125,6.8125],"tintindex":0,"rotation":0,"texture":"#0"},"west":{"uv":[3.75,5.5,4.125,5.9375],"tintindex":0,"rotation":0,"texture":"#0"},"up":{"uv":[7.0625,2.34375,6.78125,1.96875],"tintindex":0,"rotation":0,"texture":"#0"},"down":{"uv":[7.0625,2.34375,6.78125,2.71875],"tintindex":0,"rotation":0,"texture":"#0"}},"rotation":{"origin":[9.4,-0.5,6.5],"angle":22.5,"axis":"x"}},{"from":[6.1499996,6.75,11.7],"to":[11.65,10.0,13.849999],"faces":{"east":{"uv":[4.84375,8.625,4.96875,8.84375],"tintindex":0,"rotation":0,"texture":"#0"},"south":{"uv":[0.75,7.65625,1.09375,7.875],"tintindex":0,"rotation":0,"texture":"#0"},"north":{"uv":[7.65625,0.21875,8.0,0.4375],"tintindex":0,"rotation":0,"texture":"#0"},"west":{"uv":[4.96875,8.625,5.09375,8.84375],"tintindex":0,"rotation":0,"texture":"#0"},"up":{"uv":[3.4375,8.40625,3.09375,8.28125],"tintindex":0,"rotation":0,"texture":"#0"},"down":{"uv":[3.78125,8.28125,3.4375,8.40625],"tintindex":0,"rotation":0,"texture":"#0"}},"rotation":{"origin":[9.4,8.0,13.25],"angle":-22.5,"axis":"x"}},{"from":[6.8999996,8.256371,13.950305],"to":[10.9,10.006371,14.600305],"faces":{"east":{"uv":[8.625,5.8125,8.75,6.03125],"tintindex":0,"rotation":0,"texture":"#0"},"south":{"uv":[7.6875,1.1875,8.03125,1.40625],"tintindex":0,"rotation":0,"texture":"#0"},"north":{"uv":[7.6875,0.96875,8.03125,1.1875],"tintindex":0,"rotation":0,"texture":"#0"},"west":{"uv":[8.625,6.03125,8.75,6.25],"tintindex":0,"rotation":0,"texture":"#0"},"up":{"uv":[8.625,5.84375,8.28125,5.71875],"tintindex":0,"rotation":0,"texture":"#0"},"down":{"uv":[8.625,5.84375,8.28125,5.96875],"tintindex":0,"rotation":0,"texture":"#0"}},"rotation":{"origin":[8.9,9.131371,14.275305],"angle":-45.0,"axis":"x"}},{"from":[7.6499996,-5.25,4.5],"to":[11.15,-3.25,9.0],"faces":{"east":{"uv":[8.4375,0.6875,8.71875,0.8125],"tintindex":0,"rotation":0,"texture":"#0"},"south":{"uv":[8.625,6.25,8.84375,6.375],"tintindex":0,"rotation":0,"texture":"#0"},"north":{"uv":[8.625,4.78125,8.84375,4.90625],"tintindex":0,"rotation":0,"texture":"#0"},"west":{"uv":[8.4375,4.65625,8.71875,4.78125],"tintindex":0,"rotation":0,"texture":"#0"},"up":{"uv":[8.125,0.84375,7.90625,0.5625],"tintindex":0,"rotation":0,"texture":"#0"},"down":{"uv":[1.90625,7.90625,1.6875,8.1875],"tintindex":0,"rotation":0,"texture":"#0"}},"rotation":{"origin":[9.4,-0.5,6.5],"angle":22.5,"axis":"x"}},{"from":[6.55,6.85,13.099999],"to":[11.25,9.299999,14.45],"faces":{"east":{"uv":[5.59375,8.625,5.71875,8.84375],"tintindex":0,"rotation":0,"texture":"#0"},"south":{"uv":[5.90625,7.65625,6.25,7.875],"tintindex":0,"rotation":0,"texture":"#0"},"north":{"uv":[4.9375,7.65625,5.28125,7.875],"tintindex":0,"rotation":0,"texture":"#0"},"west":{"uv":[8.625,5.59375,8.75,5.8125],"tintindex":0,"rotation":0,"texture":"#0"},"up":{"uv":[5.75,8.40625,5.40625,8.28125],"tintindex":0,"rotation":0,"texture":"#0"},"down":{"uv":[8.625,5.59375,8.28125,5.71875],"tintindex":0,"rotation":0,"texture":"#0"}},"rotation":{"origin":[9.4,8.0,13.25],"angle":-45.0,"axis":"x"}},{"from":[10.4,8.752535,14.828953],"to":[10.4,12.002535,17.978954],"faces":{"east":{"uv":[2.46875,8.375,2.65625,8.59375],"tintindex":0,"rotation":0,"texture":"#0"},"west":{"uv":[2.65625,8.375,2.46875,8.59375],"tintindex":0,"rotation":0,"texture":"#0"}},"rotation":{"origin":[10.4,9.427535,15.716454],"angle":-45.0,"axis":"x"}}],"display":{"head":{"rotation":[0.0,0.0,0.0]},"firstperson_righthand":{"rotation":[0.0,0.0,0.0]},"thirdperson_lefthand":{"rotation":[0.0,-0.0,-0.0]},"firstperson_lefthand":{"rotation":[0.0,-0.0,-0.0]},"fixed":{"rotation":[0.0,0.0,0.0]},"ground":{"rotation":[0.0,0.0,0.0]},"thirdperson_righthand":{"rotation":[0.0,0.0,0.0]},"gui":{"rotation":[-150.0,-45.0,180.0]}}}