{"textures":{"0":"modelengine:entity/nocsy_algarokbisbis","particle":"#0"},"elements":[{"from":[8.0,3.9901175,-3.71627],"to":[8.400001,4.7901173,-1.51627],"faces":{"east":{"uv":[8.84375,4.84375,8.96875,4.9375],"tintindex":0,"rotation":0,"texture":"#0"},"south":{"uv":[5.71875,8.9375,5.78125,9.03125],"tintindex":0,"rotation":0,"texture":"#0"},"north":{"uv":[8.9375,5.6875,9.0,5.78125],"tintindex":0,"rotation":0,"texture":"#0"},"west":{"uv":[4.875,8.84375,5.0,8.9375],"tintindex":0,"rotation":0,"texture":"#0"},"up":{"uv":[2.65625,8.1875,2.59375,8.0625],"tintindex":0,"rotation":0,"texture":"#0"},"down":{"uv":[5.46875,8.15625,5.40625,8.28125],"tintindex":0,"rotation":0,"texture":"#0"}},"rotation":{"origin":[8.200001,4.390117,-1.4162703],"angle":-45.0,"axis":"x"}},{"from":[11.500001,3.590117,-2.8162704],"to":[12.3,5.0901175,-0.01627028],"faces":{"east":{"uv":[3.34375,8.84375,3.46875,8.9375],"tintindex":0,"rotation":0,"texture":"#0"},"south":{"uv":[7.1875,7.8125,7.25,7.90625],"tintindex":0,"rotation":0,"texture":"#0"},"north":{"uv":[3.8125,7.6875,3.875,7.78125],"tintindex":0,"rotation":0,"texture":"#0"},"west":{"uv":[8.84375,3.90625,8.96875,4.0],"tintindex":0,"rotation":0,"texture":"#0"},"up":{"uv":[2.84375,6.9375,2.78125,6.8125],"tintindex":0,"rotation":0,"texture":"#0"},"down":{"uv":[3.71875,6.84375,3.65625,6.96875],"tintindex":0,"rotation":0,"texture":"#0"}},"rotation":{"origin":[11.900001,4.390117,-1.4162703],"angle":-45.0,"axis":"x"}},{"from":[3.7000003,3.0137887,-0.5999998],"to":[5.5000005,6.2137885,1.2000002],"faces":{"east":{"uv":[8.9375,5.78125,9.0,5.875],"tintindex":0,"rotation":0,"texture":"#0"},"south":{"uv":[5.84375,8.9375,5.90625,9.03125],"tintindex":0,"rotation":0,"texture":"#0"},"north":{"uv":[5.78125,8.9375,5.84375,9.03125],"tintindex":0,"rotation":0,"texture":"#0"},"west":{"uv":[8.9375,5.875,9.0,5.96875],"tintindex":0,"rotation":0,"texture":"#0"},"up":{"uv":[9.0625,1.28125,9.0,1.21875],"tintindex":0,"rotation":0,"texture":"#0"},"down":{"uv":[1.3125,9.0,1.25,9.0625],"tintindex":0,"rotation":0,"texture":"#0"}}},{"from":[4.2000003,3.590117,-2.8162704],"to":[5.0000005,5.0901175,-0.01627028],"faces":{"east":{"uv":[8.84375,4.9375,8.96875,5.03125],"tintindex":0,"rotation":0,"texture":"#0"},"south":{"uv":[6.09375,8.9375,6.15625,9.03125],"tintindex":0,"rotation":0,"texture":"#0"},"north":{"uv":[8.9375,6.0625,9.0,6.15625],"tintindex":0,"rotation":0,"texture":"#0"},"west":{"uv":[8.84375,5.03125,8.96875,5.125],"tintindex":0,"rotation":0,"texture":"#0"},"up":{"uv":[1.6875,8.59375,1.625,8.46875],"tintindex":0,"rotation":0,"texture":"#0"},"down":{"uv":[8.59375,4.15625,8.53125,4.28125],"tintindex":0,"rotation":0,"texture":"#0"}},"rotation":{"origin":[4.6000004,4.390117,-1.4162703],"angle":-45.0,"axis":"x"}},{"from":[3.6000004,2.813789,1.1999998],"to":[5.6000004,6.813789,3.1999998],"faces":{"east":{"uv":[2.71875,8.90625,2.78125,9.03125],"tintindex":0,"rotation":0,"texture":"#0"},"south":{"uv":[2.78125,8.90625,2.84375,9.03125],"tintindex":0,"rotation":0,"texture":"#0"},"north":{"uv":[8.90625,2.6875,8.96875,2.8125],"tintindex":0,"rotation":0,"texture":"#0"},"west":{"uv":[2.84375,8.90625,2.90625,9.03125],"tintindex":0,"rotation":0,"texture":"#0"},"up":{"uv":[9.0625,1.46875,9.0,1.40625],"tintindex":0,"rotation":0,"texture":"#0"},"down":{"uv":[1.5,9.0,1.4375,9.0625],"tintindex":0,"rotation":0,"texture":"#0"}}},{"from":[7.200001,2.813789,1.1999998],"to":[9.200001,6.813789,3.1999998],"faces":{"east":{"uv":[6.46875,8.875,6.53125,9.0],"tintindex":0,"rotation":0,"texture":"#0"},"south":{"uv":[7.03125,8.875,7.09375,9.0],"tintindex":0,"rotation":0,"texture":"#0"},"north":{"uv":[8.0625,8.65625,8.125,8.78125],"tintindex":0,"rotation":0,"texture":"#0"},"west":{"uv":[2.65625,8.90625,2.71875,9.03125],"tintindex":0,"rotation":0,"texture":"#0"},"up":{"uv":[9.0625,1.40625,9.0,1.34375],"tintindex":0,"rotation":0,"texture":"#0"},"down":{"uv":[1.4375,9.0,1.375,9.0625],"tintindex":0,"rotation":0,"texture":"#0"}}},{"from":[7.8000007,3.590117,-2.8162704],"to":[8.6,5.0901175,-0.01627028],"faces":{"east":{"uv":[4.75,8.84375,4.875,8.9375],"tintindex":0,"rotation":0,"texture":"#0"},"south":{"uv":[5.65625,8.9375,5.71875,9.03125],"tintindex":0,"rotation":0,"texture":"#0"},"north":{"uv":[8.9375,5.59375,9.0,5.6875],"tintindex":0,"rotation":0,"texture":"#0"},"west":{"uv":[8.84375,4.75,8.96875,4.84375],"tintindex":0,"rotation":0,"texture":"#0"},"up":{"uv":[4.71875,7.9375,4.65625,7.8125],"tintindex":0,"rotation":0,"texture":"#0"},"down":{"uv":[4.9375,7.96875,4.875,8.09375],"tintindex":0,"rotation":0,"texture":"#0"}},"rotation":{"origin":[8.200001,4.390117,-1.4162703],"angle":-45.0,"axis":"x"}},{"from":[7.3000007,3.0137887,-0.5999998],"to":[9.1,6.2137885,1.2000002],"faces":{"east":{"uv":[8.9375,1.25,9.0,1.34375],"tintindex":0,"rotation":0,"texture":"#0"},"south":{"uv":[8.9375,2.25,9.0,2.34375],"tintindex":0,"rotation":0,"texture":"#0"},"north":{"uv":[6.90625,8.78125,6.96875,8.875],"tintindex":0,"rotation":0,"texture":"#0"},"west":{"uv":[5.28125,8.9375,5.34375,9.03125],"tintindex":0,"rotation":0,"texture":"#0"},"up":{"uv":[8.75,8.84375,8.6875,8.78125],"tintindex":0,"rotation":0,"texture":"#0"},"down":{"uv":[2.21875,8.84375,2.15625,8.90625],"tintindex":0,"rotation":0,"texture":"#0"}}},{"from":[4.0000005,3.1137886,-1.6],"to":[5.2000003,5.5137887,8.940697E-8],"faces":{"east":{"uv":[5.96875,8.9375,6.03125,9.03125],"tintindex":0,"rotation":0,"texture":"#0"},"south":{"uv":[8.9375,5.96875,9.0,6.0625],"tintindex":0,"rotation":0,"texture":"#0"},"north":{"uv":[5.90625,8.9375,5.96875,9.03125],"tintindex":0,"rotation":0,"texture":"#0"},"west":{"uv":[6.03125,8.9375,6.09375,9.03125],"tintindex":0,"rotation":0,"texture":"#0"},"up":{"uv":[9.0625,1.34375,9.0,1.28125],"tintindex":0,"rotation":0,"texture":"#0"},"down":{"uv":[1.375,9.0,1.3125,9.0625],"tintindex":0,"rotation":0,"texture":"#0"}},"rotation":{"origin":[4.6000004,4.8137884,-1.6999998],"angle":-22.5,"axis":"x"}},{"from":[11.7,3.9901175,-3.71627],"to":[12.100001,4.7901173,-1.51627],"faces":{"east":{"uv":[8.84375,4.0,8.96875,4.09375],"tintindex":0,"rotation":0,"texture":"#0"},"south":{"uv":[8.65625,1.125,8.71875,1.21875],"tintindex":0,"rotation":0,"texture":"#0"},"north":{"uv":[1.1875,8.5,1.25,8.59375],"tintindex":0,"rotation":0,"texture":"#0"},"west":{"uv":[4.625,8.84375,4.75,8.9375],"tintindex":0,"rotation":0,"texture":"#0"},"up":{"uv":[0.28125,7.0,0.21875,6.875],"tintindex":0,"rotation":0,"texture":"#0"},"down":{"uv":[4.21875,7.5,4.15625,7.625],"tintindex":0,"rotation":0,"texture":"#0"}},"rotation":{"origin":[11.900001,4.390117,-1.4162703],"angle":-45.0,"axis":"x"}},{"from":[7.600001,3.1137886,-1.6],"to":[8.800001,5.5137887,8.940697E-8],"faces":{"east":{"uv":[5.40625,8.9375,5.46875,9.03125],"tintindex":0,"rotation":0,"texture":"#0"},"south":{"uv":[8.9375,5.5,9.0,5.59375],"tintindex":0,"rotation":0,"texture":"#0"},"north":{"uv":[5.34375,8.9375,5.40625,9.03125],"tintindex":0,"rotation":0,"texture":"#0"},"west":{"uv":[5.59375,8.9375,5.65625,9.03125],"tintindex":0,"rotation":0,"texture":"#0"},"up":{"uv":[9.03125,7.65625,8.96875,7.59375],"tintindex":0,"rotation":0,"texture":"#0"},"down":{"uv":[1.25,9.0,1.1875,9.0625],"tintindex":0,"rotation":0,"texture":"#0"}},"rotation":{"origin":[8.200001,4.8137884,-1.6999998],"angle":-22.5,"axis":"x"}},{"from":[3.2000003,2.813789,3.1999998],"to":[13.2,7.813789,13.200001],"faces":{"east":{"uv":[8.125,0.6875,8.4375,0.84375],"tintindex":0,"rotation":0,"texture":"#0"},"south":{"uv":[8.125,2.375,8.4375,2.53125],"tintindex":0,"rotation":0,"texture":"#0"},"north":{"uv":[0.625,8.125,0.9375,8.28125],"tintindex":0,"rotation":0,"texture":"#0"},"west":{"uv":[8.125,4.65625,8.4375,4.8125],"tintindex":0,"rotation":0,"texture":"#0"},"up":{"uv":[7.21875,6.71875,6.90625,6.40625],"tintindex":0,"rotation":0,"texture":"#0"},"down":{"uv":[7.28125,0.9375,6.96875,1.25],"tintindex":0,"rotation":0,"texture":"#0"}}},{"from":[11.000001,3.0137887,-0.5999998],"to":[12.8,6.2137885,1.2000002],"faces":{"east":{"uv":[6.0,2.96875,6.0625,3.0625],