{"textures":{"0":"modelengine:entity/nocsy_algarokbisbis","particle":"#0"},"elements":[{"from":[9.078327,9.00099,6.2400007],"to":[12.598328,11.420992,9.76],"faces":{"east":{"uv":[4.65625,8.71875,4.8125,8.84375],"tintindex":0,"rotation":0,"texture":"#0"},"south":{"uv":[5.3125,8.71875,5.46875,8.84375],"tintindex":0,"rotation":0,"texture":"#0"},"north":{"uv":[3.03125,6.9375,3.1875,7.0625],"tintindex":0,"rotation":0,"texture":"#0"},"west":{"uv":[5.90625,8.71875,6.0625,8.84375],"tintindex":0,"rotation":0,"texture":"#0"},"up":{"uv":[2.34375,5.9375,2.1875,5.78125],"tintindex":0,"rotation":0,"texture":"#0"},"down":{"uv":[3.4375,6.1875,3.28125,6.34375],"tintindex":0,"rotation":0,"texture":"#0"}},"rotation":{"origin":[10.838327,9.770988,8.0],"angle":45.0,"axis":"z"}},{"from":[4.700001,6.3500004,5.7999997],"to":[10.200001,10.75,10.200001],"faces":{"east":{"uv":[6.6875,8.625,6.84375,8.78125],"tintindex":0,"rotation":0,"texture":"#0"},"south":{"uv":[5.28125,7.375,5.5,7.53125],"tintindex":0,"rotation":0,"texture":"#0"},"north":{"uv":[7.375,0.71875,7.59375,0.875],"tintindex":0,"rotation":0,"texture":"#0"},"west":{"uv":[8.625,6.96875,8.78125,7.125],"tintindex":0,"rotation":0,"texture":"#0"},"up":{"uv":[8.6875,2.25,8.46875,2.09375],"tintindex":0,"rotation":0,"texture":"#0"},"down":{"uv":[8.6875,2.53125,8.46875,2.6875],"tintindex":0,"rotation":0,"texture":"#0"}},"rotation":{"origin":[8.0,8.0,8.0],"angle":22.5,"axis":"z"}},{"from":[-4.6499996,4.700001,5.2500005],"to":[1.9500008,11.299999,10.75],"faces":{"east":{"uv":[3.09375,5.5,3.28125,5.71875],"tintindex":0,"rotation":0,"texture":"#0"},"south":{"uv":[1.25,8.15625,1.46875,8.375],"tintindex":0,"rotation":0,"texture":"#0"},"north":{"uv":[4.03125,1.34375,4.25,1.5625],"tintindex":0,"rotation":0,"texture":"#0"},"west":{"uv":[0.84375,6.8125,1.03125,7.03125],"tintindex":0,"rotation":0,"texture":"#0"},"up":{"uv":[6.96875,8.46875,6.75,8.28125],"tintindex":0,"rotation":0,"texture":"#0"},"down":{"uv":[8.5,6.8125,8.28125,7.0],"tintindex":0,"rotation":0,"texture":"#0"}}},{"from":[1.180001,5.0300016,5.5800004],"to":[6.0200005,10.97,10.42],"faces":{"east":{"uv":[1.3125,5.28125,1.46875,5.5],"tintindex":0,"rotation":0,"texture":"#0"},"south":{"uv":[2.9375,5.9375,3.09375,6.15625],"tintindex":0,"rotation":0,"texture":"#0"},"north":{"uv":[4.53125,5.03125,4.6875,5.25],"tintindex":0,"rotation":0,"texture":"#0"},"west":{"uv":[2.03125,6.09375,2.1875,6.3125],"tintindex":0,"rotation":0,"texture":"#0"},"up":{"uv":[5.84375,6.5,5.6875,6.34375],"tintindex":0,"rotation":0,"texture":"#0"},"down":{"uv":[3.25,8.03125,3.09375,8.1875],"tintindex":0,"rotation":0,"texture":"#0"}}}],"display":{"head":{"rotation":[0.0,0.0,0.0]},"firstperson_righthand":{"rotation":[0.0,0.0,0.0]},"thirdperson_lefthand":{"rotation":[0.0,-0.0,-0.0]},"firstperson_lefthand":{"rotation":[0.0,-0.0,-0.0]},"fixed":{"rotation":[0.0,0.0,0.0]},"ground":{"rotation":[0.0,0.0,0.0]},"thirdperson_righthand":{"rotation":[0.0,0.0,0.0]},"gui":{"rotation":[-150.0,-45.0,180.0]}}}