{"textures":{"0":"modelengine:entity/nocsy_algarokbisbis","particle":"#0"},"elements":[{"from":[7.17896,12.72981,-7.4682283],"to":[9.540879,15.62853,-5.106309],"faces":{"east":{"uv":[8.875,8.625,8.96875,8.71875],"tintindex":0,"rotation":0,"texture":"#0"},"south":{"uv":[8.875,8.71875,8.96875,8.8125],"tintindex":0,"rotation":0,"texture":"#0"},"north":{"uv":[8.5625,8.875,8.65625,8.96875],"tintindex":0,"rotation":0,"texture":"#0"},"west":{"uv":[0.125,8.90625,0.21875,9.0],"tintindex":0,"rotation":0,"texture":"#0"},"up":{"uv":[0.3125,9.0,0.21875,8.90625],"tintindex":0,"rotation":0,"texture":"#0"},"down":{"uv":[0.40625,8.90625,0.3125,9.0],"tintindex":0,"rotation":0,"texture":"#0"}}},{"from":[10.267,13.386384,-3.4756844],"to":[12.951,16.680386,-0.99168473],"faces":{"east":{"uv":[7.1875,5.40625,7.28125,5.53125],"tintindex":0,"rotation":0,"texture":"#0"},"south":{"uv":[3.875,7.34375,3.96875,7.46875],"tintindex":0,"rotation":0,"texture":"#0"},"north":{"uv":[7.1875,5.28125,7.28125,5.40625],"tintindex":0,"rotation":0,"texture":"#0"},"west":{"uv":[7.59375,0.96875,7.6875,1.09375],"tintindex":0,"rotation":0,"texture":"#0"},"up":{"uv":[1.875,8.6875,1.78125,8.59375],"tintindex":0,"rotation":0,"texture":"#0"},"down":{"uv":[3.65625,8.625,3.5625,8.71875],"tintindex":0,"rotation":0,"texture":"#0"}}},{"from":[9.09672,12.673969,-7.3608685],"to":[11.780721,14.821169,-5.213669],"faces":{"east":{"uv":[8.90625,0.34375,9.0,0.4375],"tintindex":0,"rotation":0,"texture":"#0"},"south":{"uv":[4.09375,8.8125,4.21875,8.90625],"tintindex":0,"rotation":0,"texture":"#0"},"north":{"uv":[3.96875,8.8125,4.09375,8.90625],"tintindex":0,"rotation":0,"texture":"#0"},"west":{"uv":[0.40625,8.90625,0.5,9.0],"tintindex":0,"rotation":0,"texture":"#0"},"up":{"uv":[4.34375,8.90625,4.21875,8.8125],"tintindex":0,"rotation":0,"texture":"#0"},"down":{"uv":[8.9375,4.53125,8.8125,4.625],"tintindex":0,"rotation":0,"texture":"#0"}},"rotation":{"origin":[10.50712,14.179169,-6.2872677],"angle":-22.5,"axis":"z"}},{"from":[14.646981,15.588478,-3.1096835],"to":[16.598982,16.93048,-1.1576847],"faces":{"east":{"uv":[3.59375,8.8125,3.71875,8.90625],"tintindex":0,"rotation":0,"texture":"#0"},"south":{"uv":[3.71875,8.8125,3.84375,8.90625],"tintindex":0,"rotation":0,"texture":"#0"},"north":{"uv":[3.46875,8.8125,3.59375,8.90625],"tintindex":0,"rotation":0,"texture":"#0"},"west":{"uv":[3.84375,8.8125,3.96875,8.90625],"tintindex":0,"rotation":0,"texture":"#0"},"up":{"uv":[1.75,8.90625,1.625,8.78125],"tintindex":0,"rotation":0,"texture":"#0"},"down":{"uv":[6.65625,8.78125,6.53125,8.90625],"tintindex":0,"rotation":0,"texture":"#0"}},"rotation":{"origin":[15.622981,16.015478,-2.1336842],"angle":45.0,"axis":"z"}},{"from":[12.218999,14.118385,-3.3536835],"to":[15.269,16.558384,-1.1136837],"faces":{"east":{"uv":[1.53125,8.8125,1.625,8.90625],"tintindex":0,"rotation":0,"texture":"#0"},"south":{"uv":[8.8125,1.78125,8.9375,1.875],"tintindex":0,"rotation":0,"texture":"#0"},"north":{"uv":[8.8125,1.6875,8.9375,1.78125],"tintindex":0,"rotation":0,"texture":"#0"},"west":{"uv":[5.0,8.84375,5.09375,8.9375],"tintindex":0,"rotation":0,"texture":"#0"},"up":{"uv":[8.9375,1.96875,8.8125,1.875],"tintindex":0,"rotation":0,"texture":"#0"},"down":{"uv":[3.09375,8.8125,2.96875,8.90625],"tintindex":0,"rotation":0,"texture":"#0"}},"rotation":{"origin":[14.049001,15.033384,-2.1336842],"angle":22.5,"axis":"z"}},{"from":[4.3339195,12.568769,-7.6292686],"to":[7.55472,15.78957,-4.9452686],"faces":{"east":{"uv":[8.875,8.34375,8.96875,8.4375],"tintindex":0,"rotation":0,"texture":"#0"},"south":{"uv":[8.375,8.875,8.46875,8.96875],"tintindex":0,"rotation":0,"texture":"#0"},"north":{"uv":[8.875,8.25,8.96875,8.34375],"tintindex":0,"rotation":0,"texture":"#0"},"west":{"uv":[8.875,8.4375,8.96875,8.53125],"tintindex":0,"rotation":0,"texture":"#0"},"up":{"uv":[8.5625,8.96875,8.46875,8.875],"tintindex":0,"rotation":0,"texture":"#0"},"down":{"uv":[8.96875,8.53125,8.875,8.625],"tintindex":0,"rotation":0,"texture":"#0"}}},{"from":[7.0339994,13.203384,-3.6586838],"to":[10.694,16.863384,-1.0086842],"faces":{"east":{"uv":[6.9375,7.125,7.03125,7.25],"tintindex":0,"rotation":0,"texture":"#0"},"south":{"uv":[1.15625,8.78125,1.28125,8.90625],"tintindex":0,"rotation":0,"texture":"#0"},"north":{"uv":[0.625,8.78125,0.75,8.90625],"tintindex":0,"rotation":0,"texture":"#0"},"west":{"uv":[0.75,7.1875,0.84375,7.3125],"tintindex":0,"rotation":0,"texture":"#0"},"up":{"uv":[1.40625,8.90625,1.28125,8.8125],"tintindex":0,"rotation":0,"texture":"#0"},"down":{"uv":[1.53125,8.8125,1.40625,8.90625],"tintindex":0,"rotation":0,"texture":"#0"}}},{"from":[11.233343,12.667652,-7.146148],"to":[12.951104,13.848612,-5.428389],"faces":{"east":{"uv":[8.8125,6.71875,8.9375,6.8125],"tintindex":0,"rotation":0,"texture":"#0"},"south":{"uv":[8.8125,7.65625,8.9375,7.75],"tintindex":0,"rotation":0,"texture":"#0"},"north":{"uv":[5.09375,8.8125,5.21875,8.90625],"tintindex":0,"rotation":0,"texture":"#0"},"west":{"uv":[7.875,8.8125,8.0,8.90625],"tintindex":0,"rotation":0,"texture":"#0"},"up":{"uv":[6.78125,8.90625,6.65625,8.78125],"tintindex":0,"rotation":0,"texture":"#0"},"down":{"uv":[6.90625,8.78125,6.78125,8.90625],"tintindex":0,"rotation":0,"texture":"#0"}}}],"display":{"head":{"rotation":[0.0,0.0,0.0]},"firstperson_righthand":{"rotation":[0.0,0.0,0.0]},"thirdperson_lefthand":{"rotation":[0.0,-0.0,-0.0]},"firstperson_lefthand":{"rotation":[0.0,-0.0,-0.0]},"fixed":{"rotation":[0.0,0.0,0.0]},"ground":{"rotation":[0.0,0.0,0.0]},"thirdperson_righthand":{"rotation":[0.0,0.0,0.0]},"gui":{"rotation":[-150.0,-45.0,180.0]}}}