{"textures":{"0":"modelengine:entity/nocsy_algarokbisbis","particle":"#0"},"elements":[{"from":[7.3000007,3.0236716,-1.6837295],"to":[9.1,6.2236714,0.116270445],"faces":{"east":{"uv":[4.53125,8.96875,4.59375,9.0625],"tintindex":0,"rotation":0,"texture":"#0"},"south":{"uv":[8.96875,4.71875,9.03125,4.8125],"tintindex":0,"rotation":0,"texture":"#0"},"north":{"uv":[4.46875,8.96875,4.53125,9.0625],"tintindex":0,"rotation":0,"texture":"#0"},"west":{"uv":[8.96875,4.8125,9.03125,4.90625],"tintindex":0,"rotation":0,"texture":"#0"},"up":{"uv":[9.0625,4.59375,9.0,4.53125],"tintindex":0,"rotation":0,"texture":"#0"},"down":{"uv":[9.0625,4.59375,9.0,4.65625],"tintindex":0,"rotation":0,"texture":"#0"}}},{"from":[4.5000005,3.1236715,-2.6837287],"to":[5.7000003,5.5236716,-1.083731],"faces":{"east":{"uv":[8.96875,6.625,9.03125,6.71875],"tintindex":0,"rotation":0,"texture":"#0"},"south":{"uv":[6.90625,8.96875,6.96875,9.0625],"tintindex":0,"rotation":0,"texture":"#0"},"north":{"uv":[8.96875,6.53125,9.03125,6.625],"tintindex":0,"rotation":0,"texture":"#0"},"west":{"uv":[8.96875,6.90625,9.03125,7.0],"tintindex":0,"rotation":0,"texture":"#0"},"up":{"uv":[9.0625,5.71875,9.0,5.65625],"tintindex":0,"rotation":0,"texture":"#0"},"down":{"uv":[9.0625,5.71875,9.0,5.78125],"tintindex":0,"rotation":0,"texture":"#0"}},"rotation":{"origin":[5.1000004,4.8236713,-2.7837296],"angle":-22.5,"axis":"x"}},{"from":[9.845455,2.8236718,0.11135101],"to":[11.845455,6.823672,2.111351],"faces":{"east":{"uv":[5.15625,8.90625,5.21875,9.03125],"tintindex":0,"rotation":0,"texture":"#0"},"south":{"uv":[6.53125,8.90625,6.59375,9.03125],"tintindex":0,"rotation":0,"texture":"#0"},"north":{"uv":[5.09375,8.90625,5.15625,9.03125],"tintindex":0,"rotation":0,"texture":"#0"},"west":{"uv":[6.59375,8.90625,6.65625,9.03125],"tintindex":0,"rotation":0,"texture":"#0"},"up":{"uv":[2.375,9.0625,2.3125,9.0],"tintindex":0,"rotation":0,"texture":"#0"},"down":{"uv":[2.4375,9.0,2.375,9.0625],"tintindex":0,"rotation":0,"texture":"#0"}}},{"from":[7.1454554,2.8236718,0.11135101],"to":[9.145455,6.823672,2.111351],"faces":{"east":{"uv":[6.71875,8.90625,6.78125,9.03125],"tintindex":0,"rotation":0,"texture":"#0"},"south":{"uv":[6.78125,8.90625,6.84375,9.03125],"tintindex":0,"rotation":0,"texture":"#0"},"north":{"uv":[6.65625,8.90625,6.71875,9.03125],"tintindex":0,"rotation":0,"texture":"#0"},"west":{"uv":[6.84375,8.90625,6.90625,9.03125],"tintindex":0,"rotation":0,"texture":"#0"},"up":{"uv":[2.5,9.0625,2.4375,9.0],"tintindex":0,"rotation":0,"texture":"#0"},"down":{"uv":[9.0625,2.90625,9.0,2.96875],"tintindex":0,"rotation":0,"texture":"#0"}}},{"from":[4.9000006,4.0000005,-4.8000007],"to":[5.3000007,4.8,-2.6000009],"faces":{"east":{"uv":[8.875,3.0,9.0,3.09375],"tintindex":0,"rotation":0,"texture":"#0"},"south":{"uv":[8.96875,7.875,9.03125,7.96875],"tintindex":0,"rotation":0,"texture":"#0"},"north":{"uv":[8.96875,7.5,9.03125,7.59375],"tintindex":0,"rotation":0,"texture":"#0"},"west":{"uv":[8.875,3.09375,9.0,3.1875],"tintindex":0,"rotation":0,"texture":"#0"},"up":{"uv":[0.125,9.0625,0.0625,8.9375],"tintindex":0,"rotation":0,"texture":"#0"},"down":{"uv":[0.9375,8.9375,0.875,9.0625],"tintindex":0,"rotation":0,"texture":"#0"}},"rotation":{"origin":[5.1000004,4.4,-2.5],"angle":-45.0,"axis":"x"}},{"from":[10.7,4.0000005,-4.8000007],"to":[11.1,4.8,-2.6000009],"faces":{"east":{"uv":[7.46875,8.84375,7.59375,8.9375],"tintindex":0,"rotation":0,"texture":"#0"},"south":{"uv":[8.96875,3.5625,9.03125,3.65625],"tintindex":0,"rotation":0,"texture":"#0"},"north":{"uv":[8.96875,3.46875,9.03125,3.5625],"tintindex":0,"rotation":0,"texture":"#0"},"west":{"uv":[7.59375,8.84375,7.71875,8.9375],"tintindex":0,"rotation":0,"texture":"#0"},"up":{"uv":[7.34375,9.03125,7.28125,8.90625],"tintindex":0,"rotation":0,"texture":"#0"},"down":{"uv":[7.40625,8.90625,7.34375,9.03125],"tintindex":0,"rotation":0,"texture":"#0"}},"rotation":{"origin":[10.900001,4.4,-2.5],"angle":-45.0,"axis":"x"}},{"from":[10.500001,3.6,-3.9],"to":[11.3,5.1000004,-1.1],"faces":{"east":{"uv":[7.71875,8.84375,7.84375,8.9375],"tintindex":0,"rotation":0,"texture":"#0"},"south":{"uv":[8.96875,3.8125,9.03125,3.90625],"tintindex":0,"rotation":0,"texture":"#0"},"north":{"uv":[8.96875,3.71875,9.03125,3.8125],"tintindex":0,"rotation":0,"texture":"#0"},"west":{"uv":[8.84375,7.875,8.96875,7.96875],"tintindex":0,"rotation":0,"texture":"#0"},"up":{"uv":[7.46875,9.03125,7.40625,8.90625],"tintindex":0,"rotation":0,"texture":"#0"},"down":{"uv":[8.96875,7.40625,8.90625,7.53125],"tintindex":0,"rotation":0,"texture":"#0"}},"rotation":{"origin":[10.900001,4.4,-2.5],"angle":-45.0,"axis":"x"}},{"from":[7.8000007,3.6,-3.9],"to":[8.6,5.1000004,-1.1],"faces":{"east":{"uv":[8.84375,7.96875,8.96875,8.0625],"tintindex":0,"rotation":0,"texture":"#0"},"south":{"uv":[8.96875,5.375,9.03125,5.46875],"tintindex":0,"rotation":0,"texture":"#0"},"north":{"uv":[8.96875,5.28125,9.03125,5.375],"tintindex":0,"rotation":0,"texture":"#0"},"west":{"uv":[8.84375,8.0625,8.96875,8.15625],"tintindex":0,"rotation":0,"texture":"#0"},"up":{"uv":[8.96875,7.65625,8.90625,7.53125],"tintindex":0,"rotation":0,"texture":"#0"},"down":{"uv":[7.90625,8.90625,7.84375,9.03125],"tintindex":0,"rotation":0,"texture":"#0"}},"rotation":{"origin":[8.200001,4.4,-2.5],"angle":-45.0,"axis":"x"}},{"from":[4.7000003,3.6,-3.9],"to":[5.5000005,5.1000004,-1.1],"faces":{"east":{"uv":[8.875,1.34375,9.0,1.4375],"tintindex":0,"rotation":0,"texture":"#0"},"south":{"uv":[8.96875,7.40625,9.03125,7.5],"tintindex":0,"rotation":0,"texture":"#0"},"north":{"uv":[6.96875,8.96875,7.03125,9.0625],"tintindex":0,"rotation":0,"texture":"#0"},"west":{"uv":[8.875,2.90625,9.0,3.0],"tintindex":0,"rotation":0,"texture":"#0"},"up":{"uv":[8.09375,9.03125,8.03125,8.90625],"tintindex":0,"rotation":0,"texture":"#0"},"down":{"uv":[0.0625,8.9375,0.0,9.0625],"tintindex":0,"rotation":0,"texture":"#0"}},"rotation":{"origin":[5.1000004,4.4,-2.5],"angle":-45.0,"axis":"x"}},{"from":[4.045455,2.8236718,0.11135101],"to":[6.045455,6.823672,2.111351],"faces":{"east":{"uv":[7.09375,8.90625,7.15625,9.03125],"tintindex":0,"rotation":0,"texture":"#0"},"south":{"uv":[7.15625,8.90625,7.21875,9.03125],"tintindex":0,"rotation":0,"texture":"#0"},"north":{"uv":[8.90625,6.9375,8.96875,7.0625],"tintindex":0,"rotation":0,"texture":"#0"},"west":{"uv":[7.21875,8.90625,7.28125,9.03125],"tintindex":0,"rotation":0,"texture":"#0"},"up":{"uv":[9.0625,3.03125,9.0,2.96875],"tintindex":0,"rotation":0,"texture":"#0"},"down":{"uv":[9.0625,3.03125,9.0,3.09375],"tintindex":0,"rotation":0,"texture":"#0"}}},{"from":[10.000001,3.0236716,-1.6837295],"to":[11.8,6.2236714,0.116270445],"faces":{"east":{"uv":[4.34375,8.96875,4.40625,9.0625],"tintindex":0,"rotation":0,"texture":"#0"},"south":{"uv":[8.96875,4.375,9.03125,4.46875],"tintindex":0,"rotation":0,"texture":"#0"},"north":{"uv":[8.96875,4.28125,9.03125,4.375],"tintindex":0,"rotation":0,"texture":"#0"},"west":{"uv":[4.40625,8.96875,4.46875,9.0625],"tintindex":0,"rotation":0,"texture":"#0"},"up":{"uv":[9.0625,3.28125,9.0,3.21875],"tintindex":0,"rotation":0,"texture":"#0"},"down":{"uv":[9.0625,4.46875,9.0,4.53125],"tintindex":0,"rotation":0,"texture":"#0"}}},{"from":[8.0,4.0000005,-4.8000007],"to":[8.400001,4.8,-2.6000009],"faces":{"east":{"uv":[8.6875,8.84375,8.8125,8.9375],"tintindex":0,"rotation":0,"texture":"#0"},"south":{"uv":[5.53125,8.96875,5.59375,9.0625],"tintindex":0,"rotation":0,"texture":"#0"},"north":{"uv":[5.46875,8.96875,5.53125,9.0625],"tintindex":0,"rotation":0,"texture":"#0"},"west":{"uv":[8.8125,8.84375,8.9375,8.9375],"tintindex":0,"rotation":0,"texture":"#0"},"up":{"uv":[7.96875,9.03125,7.90625,8.90625],"tintindex":0,"rotation":0,"texture":"#0"},"down":{"uv":[8.03125,8.90625,7.96875,9.03125],"tintindex":0,"rotation":0,"texture":"#0"}},"rotation":{"origin":[8.200001,4.4,-2.5],"angle":-45.0,"axis":"x"}},{"from":[3.145455,2.8236718,2.111351],"to":[12.145455,7.823672,11.111355],"faces":{"east":{"uv":[4.59375,8.21875,4.875,8.375],"tintindex":0,"rotation":0,