{"textures":{"0":"modelengine:entity/nocsy_algarokbisbis","particle":"#0"},"elements":[{"from":[4.0,8.0,5.1000004],"to":[10.0,14.0,10.1],"faces":{"east":{"uv":[5.96875,8.53125,6.125,8.71875],"tintindex":0,"rotation":0,"texture":"#0"},"south":{"uv":[8.4375,2.34375,8.625,2.53125],"tintindex":0,"rotation":0,"texture":"#0"},"north":{"uv":[1.6875,8.40625,1.875,8.59375],"tintindex":0,"rotation":0,"texture":"#0"},"west":{"uv":[6.125,8.53125,6.28125,8.71875],"tintindex":0,"rotation":0,"texture":"#0"},"up":{"uv":[8.71875,2.84375,8.53125,2.6875],"tintindex":0,"rotation":0,"texture":"#0"},"down":{"uv":[7.75,8.53125,7.5625,8.6875],"tintindex":0,"rotation":0,"texture":"#0"}}},{"from":[16.480297,11.909988,6.0000005],"to":[19.680296,14.109991,9.200001],"faces":{"east":{"uv":[8.75,3.40625,8.90625,3.53125],"tintindex":0,"rotation":0,"texture":"#0"},"south":{"uv":[8.75,3.53125,8.90625,3.65625],"tintindex":0,"rotation":0,"texture":"#0"},"north":{"uv":[8.75,3.28125,8.90625,3.40625],"tintindex":0,"rotation":0,"texture":"#0"},"west":{"uv":[8.75,3.78125,8.90625,3.90625],"tintindex":0,"rotation":0,"texture":"#0"},"up":{"uv":[8.0625,8.8125,7.90625,8.65625],"tintindex":0,"rotation":0,"texture":"#0"},"down":{"uv":[0.15625,8.6875,0.0,8.84375],"tintindex":0,"rotation":0,"texture":"#0"}},"rotation":{"origin":[18.080296,12.609989,7.6000004],"angle":45.0,"axis":"z"}},{"from":[9.3,8.3,5.4000006],"to":[13.7,13.7,9.8],"faces":{"east":{"uv":[8.53125,8.21875,8.6875,8.40625],"tintindex":0,"rotation":0,"texture":"#0"},"south":{"uv":[0.53125,8.5625,0.6875,8.75],"tintindex":0,"rotation":0,"texture":"#0"},"north":{"uv":[7.75,8.53125,7.90625,8.71875],"tintindex":0,"rotation":0,"texture":"#0"},"west":{"uv":[1.875,8.5625,2.03125,8.75],"tintindex":0,"rotation":0,"texture":"#0"},"up":{"uv":[1.5,8.8125,1.34375,8.65625],"tintindex":0,"rotation":0,"texture":"#0"},"down":{"uv":[8.8125,1.6875,8.65625,1.84375],"tintindex":0,"rotation":0,"texture":"#0"}}},{"from":[12.5,9.5,5.6000004],"to":[17.5,13.5,9.6],"faces":{"east":{"uv":[8.65625,1.84375,8.8125,2.0],"tintindex":0,"rotation":0,"texture":"#0"},"south":{"uv":[8.5625,3.78125,8.75,3.9375],"tintindex":0,"rotation":0,"texture":"#0"},"north":{"uv":[2.03125,8.5625,2.21875,8.71875],"tintindex":0,"rotation":0,"texture":"#0"},"west":{"uv":[8.65625,7.65625,8.8125,7.8125],"tintindex":0,"rotation":0,"texture":"#0"},"up":{"uv":[4.15625,8.71875,3.96875,8.5625],"tintindex":0,"rotation":0,"texture":"#0"},"down":{"uv":[4.34375,8.5625,4.15625,8.71875],"tintindex":0,"rotation":0,"texture":"#0"}},"rotation":{"origin":[15.499999,11.0,7.6000004],"angle":22.5,"axis":"z"}}],"display":{"head":{"rotation":[0.0,0.0,0.0]},"firstperson_righthand":{"rotation":[0.0,0.0,0.0]},"thirdperson_lefthand":{"rotation":[0.0,-0.0,-0.0]},"firstperson_lefthand":{"rotation":[0.0,-0.0,-0.0]},"fixed":{"rotation":[0.0,0.0,0.0]},"ground":{"rotation":[0.0,0.0,0.0]},"thirdperson_righthand":{"rotation":[0.0,0.0,0.0]},"gui":{"rotation":[-150.0,-45.0,180.0]}}}