{"textures":{"0":"modelengine:entity/nocsy_algarokbisbis","particle":"#0"},"elements":[{"from":[-1.3233852,5.5802746,10.843475],"to":[5.1815743,8.832756,17.348434],"faces":{"east":{"uv":[8.71875,1.25,8.9375,1.34375],"tintindex":0,"rotation":0,"texture":"#0"},"south":{"uv":[3.46875,8.71875,3.6875,8.8125],"tintindex":0,"rotation":0,"texture":"#0"},"north":{"uv":[8.6875,2.15625,8.90625,2.25],"tintindex":0,"rotation":0,"texture":"#0"},"west":{"uv":[3.6875,8.71875,3.90625,8.8125],"tintindex":0,"rotation":0,"texture":"#0"},"up":{"uv":[8.375,7.90625,8.15625,7.6875],"tintindex":0,"rotation":0,"texture":"#0"},"down":{"uv":[0.21875,8.1875,0.0,8.40625],"tintindex":0,"rotation":0,"texture":"#0"}},"rotation":{"origin":[-0.6728897,7.2065163,15.39695],"angle":22.5,"axis":"y"}},{"from":[4.01,1.01,10.01],"to":[9.99,13.99,18.99],"faces":{"east":{"uv":[3.71875,6.625,4.0,7.03125],"tintindex":0,"rotation":0,"texture":"#0"},"south":{"uv":[0.5625,7.59375,0.75,8.0],"tintindex":0,"rotation":0,"texture":"#0"},"north":{"uv":[7.25,7.5,7.4375,7.90625],"tintindex":0,"rotation":0,"texture":"#0"},"west":{"uv":[0.28125,6.65625,0.5625,7.0625],"tintindex":0,"rotation":0,"texture":"#0"},"up":{"uv":[4.09375,8.3125,3.90625,8.03125],"tintindex":0,"rotation":0,"texture":"#0"},"down":{"uv":[6.3125,8.03125,6.125,8.3125],"tintindex":0,"rotation":0,"texture":"#0"}}},{"from":[-4.1261415,6.23077,14.712849],"to":[-0.22316551,8.182259,19.26632],"faces":{"east":{"uv":[8.125,6.625,8.28125,6.6875],"tintindex":0,"rotation":0,"texture":"#0"},"south":{"uv":[8.15625,5.59375,8.28125,5.65625],"tintindex":0,"rotation":0,"texture":"#0"},"north":{"uv":[7.90625,3.375,8.03125,3.4375],"tintindex":0,"rotation":0,"texture":"#0"},"west":{"uv":[8.78125,0.59375,8.9375,0.65625],"tintindex":0,"rotation":0,"texture":"#0"},"up":{"uv":[8.84375,8.03125,8.71875,7.875],"tintindex":0,"rotation":0,"texture":"#0"},"down":{"uv":[8.84375,8.03125,8.71875,8.1875],"tintindex":0,"rotation":0,"texture":"#0"}},"rotation":{"origin":[-4.776637,7.2065163,15.688591],"angle":45.0,"axis":"y"}},{"from":[-6.077629,6.8812675,16.01384],"to":[-4.1261415,7.531765,17.965328],"faces":{"east":{"uv":[5.0,2.6875,5.0625,2.71875],"tintindex":0,"rotation":0,"texture":"#0"},"south":{"uv":[5.0,3.1875,5.0625,3.21875],"tintindex":0,"rotation":0,"texture":"#0"},"north":{"uv":[4.9375,3.1875,5.0,3.21875],"tintindex":0,"rotation":0,"texture":"#0"},"west":{"uv":[5.0625,2.6875,5.125,2.71875],"tintindex":0,"rotation":0,"texture":"#0"},"up":{"uv":[5.21875,7.09375,5.15625,7.03125],"tintindex":0,"rotation":0,"texture":"#0"},"down":{"uv":[4.21875,7.625,4.15625,7.6875],"tintindex":0,"rotation":0,"texture":"#0"}},"rotation":{"origin":[-4.776637,7.2065163,15.688591],"angle":45.0,"axis":"y"}},{"from":[9.4,12.799999,6.299999],"to":[16.4,14.799999,19.3],"faces":{"east":{"uv":[6.15625,0.65625,6.5625,0.71875],"tintindex":0,"rotation":0,"texture":"#0"},"south":{"uv":[8.03125,1.34375,8.25,1.40625],"tintindex":0,"rotation":0,"texture":"#0"},"north":{"uv":[8.0,0.375,8.21875,0.4375],"tintindex":0,"rotation":0,"texture":"#0"},"west":{"uv":[7.6875,2.375,8.09375,2.4375],"tintindex":0,"rotation":0,"texture":"#0"},"up":{"uv":[5.96875,7.5625,5.75,7.15625],"tintindex":0,"rotation":0,"texture":"#0"},"down":{"uv":[0.75,7.1875,0.53125,7.59375],"tintindex":0,"rotation":0,"texture":"#0"}},"rotation":{"origin":[7.0,13.0,13.0],"angle":-22.5,"axis":"z"}},{"from":[2.0,0.22597504,1.8858185],"to":[12.0,11.225975,9.8858185],"faces":{"east":{"uv":[6.1875,7.3125,6.4375,7.65625],"tintindex":0,"rotation":0,"texture":"#0"},"south":{"uv":[2.15625,6.6875,2.46875,7.03125],"tintindex":0,"rotation":0,"texture":"#0"},"north":{"uv":[6.65625,5.5625,6.96875,5.90625],"tintindex":0,"rotation":0,"texture":"#0"},"west":{"uv":[7.34375,1.53125,7.59375,1.875],"tintindex":0,"rotation":0,"texture":"#0"},"up":{"uv":[4.0625,5.03125,3.75,4.78125],"tintindex":0,"rotation":0,"texture":"#0"},"down":{"uv":[7.0,7.5,6.6875,7.75],"tintindex":0,"rotation":0,"texture":"#0"}}},{"from":[1.5,-1.0,7.0],"to":[12.5,12.0,19.0],"faces":{"east":{"uv":[3.6875,5.9375,4.0625,6.34375],"tintindex":0,"rotation":0,"texture":"#0"},"south":{"uv":[6.1875,1.0,6.53125,1.40625],"tintindex":0,"rotation":0,"texture":"#0"},"north":{"uv":[6.125,1.71875,6.46875,2.125],"tintindex":0,"rotation":0,"texture":"#0"},"west":{"uv":[5.9375,5.25,6.3125,5.65625],"tintindex":0,"rotation":0,"texture":"#0"},"up":{"uv":[5.15625,6.71875,4.8125,6.34375],"tintindex":0,"rotation":0,"texture":"#0"},"down":{"uv":[5.5,6.34375,5.15625,6.71875],"tintindex":0,"rotation":0,"texture":"#0"}}},{"from":[1.2851036,4.936285,10.199484],"to":[5.1750693,9.4767475,17.341932],"faces":{"east":{"uv":[7.34375,8.46875,7.5625,8.625],"tintindex":0,"rotation":0,"texture":"#0"},"south":{"uv":[1.5,8.65625,1.625,8.8125],"tintindex":0,"rotation":0,"texture":"#0"},"north":{"uv":[6.84375,8.625,6.96875,8.78125],"tintindex":0,"rotation":0,"texture":"#0"},"west":{"uv":[0.8125,8.5,1.03125,8.65625],"tintindex":0,"rotation":0,"texture":"#0"},"up":{"uv":[8.75,3.5,8.625,3.28125],"tintindex":0,"rotation":0,"texture":"#0"},"down":{"uv":[8.75,3.5,8.625,3.71875],"tintindex":0,"rotation":0,"texture":"#0"}},"rotation":{"origin":[-0.6728897,7.2065163,15.39695],"angle":22.5,"axis":"y"}},{"from":[-2.3999996,12.799999,6.299999],"to":[4.6,14.799999,19.3],"faces":{"east":{"uv":[8.53125,0.28125,8.9375,0.34375],"tintindex":0,"rotation":0,"texture":"#0"},"south":{"uv":[8.28125,2.96875,8.5,3.03125],"tintindex":0,"rotation":0,"texture":"#0"},"north":{"uv":[8.15625,6.25,8.375,6.3125],"tintindex":0,"rotation":0,"texture":"#0"},"west":{"uv":[8.625,2.46875,9.03125,2.53125],"tintindex":0,"rotation":0,"texture":"#0"},"up":{"uv":[2.03125,7.59375,1.8125,7.1875],"tintindex":0,"rotation":0,"texture":"#0"},"down":{"uv":[6.1875,7.25,5.96875,7.65625],"tintindex":0,"rotation":0,"texture":"#0"}},"rotation":{"origin":[7.0,13.0,13.0],"angle":22.5,"axis":"z"}},{"from":[18.12614,6.8812675,16.01384],"to":[20.07763,7.531765,17.965328],"faces":{"east":{"uv":[0.375,3.84375,0.4375,3.875],"tintindex":0,"rotation":0,"texture":"#0"},"south":{"uv":[4.875,3.1875,4.9375,3.21875],"tintindex":0,"rotation":0,"texture":"#0"},"north":{"uv":[2.96875,0.53125,3.03125,0.5625],"tintindex":0,"rotation":0,"texture":"#0"},"west":{"uv":[4.9375,2.6875,5.0,2.71875],"tintindex":0,"rotation":0,"texture":"#0"},"up":{"uv":[3.71875,7.03125,3.65625,6.96875],"tintindex":0,"rotation":0,"texture":"#0"},"down":{"uv":[0.28125,7.0,0.21875,7.0625],"tintindex":0,"rotation":0,"texture":"#0"}},"rotation":{"origin":[18.776638,7.2065163,15.688591],"angle":-45.0,"axis":"y"}},{"from":[8.824931,4.936285,10.199484],"to":[12.714896,9.4767475,17.341932],"faces":{"east":{"uv":[6.3125,8.46875,6.53125,8.625],"tintindex":0,"rotation":0,"texture":"#0"},"south":{"uv":[1.90625,7.90625,2.03125,8.0625],"tintindex":0,"rotation":0,"texture":"#0"},"north":{"uv":[6.125,7.875,6.25,8.03125],"tintindex":0,"rotation":0,"texture":"#0"},"west":{"uv":[6.75,8.46875,6.96875,8.625],"tintindex":0,"rotation":0,"texture":"#0"},"up":{"uv":[3.09375,8.8125,2.96875,8.59375],"tintindex":0,"rotation":0,"texture":"#0"},"down":{"uv":[8.75,1.34375,8.625,1.5625],"tintindex":0,"rotation":0,"texture":"#0"}},"rotation":{"origin":[14.67289,7.2065163,15.39695],"angle":-22.5,"axis":"y"}},{"from":[14.2231655,6.23077,14.712849],"to":[18.12614,8.182259,19.26632],"faces":{"east":{"uv":[7.78125,6.03125,7.9375,6.09375],"tintindex":0,"rotation":0,"texture":"#0"},"south":{"uv":[6.5625,0.34375,6.6875,0.40625],"tintindex":0,"rotation":0,"texture":"#0"},"north":{"uv":[4.03125,3.9375,4.15625,4.0],"tintindex":0,"rotation":0,"texture":"#0"},"west":{"uv":[7.625,7.84375,7.78125,7.90625],"tintindex":0,"rotation":0,"texture":"#0"},"up":{"uv":[2.15625,7.34375,2.03125,7.1875],"tintindex":0,"rotation":0,"texture":"#0"},"down":{"uv":[0.5625,7.84375,0.4375,8.0],"tintindex":0,"rotation":0,"texture":"#0"}},"rotation":{"origin":[18.776638,7.2065163,15.688591],"angle":-45.0,"axis":"y"}},{"from":[8.818426,5.5802746,10.843475],"to":[15.323385,8.832756,17.348434],