{"textures":{"0":"modelengine:entity/twisted_branch","particle":"#0"},"elements":[{"from":[1.655622,4.350786,5.691251],"to":[4.014342,13.085826,7.777811],"faces":{"east":{"uv":[1.0,2.375,1.375,4.125],"tintindex":0,"rotation":0,"texture":"#0"},"south":{"uv":[1.0,2.375,1.375,4.125],"tintindex":0,"rotation":0,"texture":"#0"},"north":{"uv":[1.0,2.375,1.375,4.125],"tintindex":0,"rotation":0,"texture":"#0"},"west":{"uv":[1.0,2.375,1.375,4.125],"tintindex":0,"rotation":0,"texture":"#0"},"up":{"uv":[1.0,2.375,1.364,2.697],"tintindex":0,"rotation":0,"texture":"#0"},"down":{"uv":[1.0,2.375,1.364,2.697],"tintindex":0,"rotation":0,"texture":"#0"}},"rotation":{"origin":[2.834982,7.253826,6.7345314],"angle":45.0,"axis":"x"}},{"from":[9.561222,14.064306,5.6199713],"to":[11.919942,16.150866,14.355011],"faces":{"east":{"uv":[1.0,2.375,1.322,3.723],"tintindex":0,"rotation":90,"texture":"#0"},"south":{"uv":[1.0,2.375,1.364,2.697],"tintindex":0,"rotation":0,"texture":"#0"},"north":{"uv":[1.0,2.375,1.364,2.697],"tintindex":0,"rotation":0,"texture":"#0"},"west":{"uv":[1.0,2.375,1.375,4.125],"tintindex":0,"rotation":0,"texture":"#0"},"up":{"uv":[1.0,2.375,1.375,4.125],"tintindex":0,"rotation":0,"texture":"#0"},"down":{"uv":[1.0,2.375,1.375,4.125],"tintindex":0,"rotation":0,"texture":"#0"}},"rotation":{"origin":[10.7405815,15.107586,8.523011],"angle":45.0,"axis":"x"}},{"from":[6.023142,15.185346,8.237891],"to":[8.109701,25.631105,10.596611],"faces":{"east":{"uv":[1.0,2.375,1.375,4.125],"tintindex":0,"rotation":0,"texture":"#0"},"south":{"uv":[1.0,2.375,1.375,4.125],"tintindex":0,"rotation":0,"texture":"#0"},"north":{"uv":[1.0,2.375,1.375,4.125],"tintindex":0,"rotation":0,"texture":"#0"},"west":{"uv":[1.0,2.375,1.375,4.125],"tintindex":0,"rotation":0,"texture":"#0"},"up":{"uv":[1.0,2.375,1.322,2.739],"tintindex":0,"rotation":0,"texture":"#0"},"down":{"uv":[1.0,2.375,1.322,2.739],"tintindex":0,"rotation":0,"texture":"#0"}},"rotation":{"origin":[7.0664215,18.088387,9.417252],"angle":-45.0,"axis":"z"}},{"from":[1.1177816,0.3331852,3.5658112],"to":[9.852821,2.4197464,5.924531],"faces":{"east":{"uv":[1.0,2.375,1.322,2.739],"tintindex":0,"rotation":90,"texture":"#0"},"south":{"uv":[1.0,2.375,1.322,3.723],"tintindex":0,"rotation":90,"texture":"#0"},"north":{"uv":[1.0,2.375,1.322,3.723],"tintindex":0,"rotation":90,"texture":"#0"},"west":{"uv":[1.0,2.375,1.322,2.739],"tintindex":0,"rotation":90,"texture":"#0"},"up":{"uv":[1.0,2.375,1.322,3.723],"tintindex":0,"rotation":90,"texture":"#0"},"down":{"uv":[1.0,2.375,1.322,3.723],"tintindex":0,"rotation":90,"texture":"#0"}},"rotation":{"origin":[6.949782,1.3764668,4.7451715],"angle":-45.0,"axis":"z"}},{"from":[7.7533016,15.988866,8.373971],"to":[10.112021,27.549187,10.460531],"faces":{"east":{"uv":[1.0,2.375,1.375,4.125],"tintindex":0,"rotation":0,"texture":"#0"},"south":{"uv":[1.0,2.375,1.375,4.125],"tintindex":0,"rotation":0,"texture":"#0"},"north":{"uv":[1.0,2.375,1.375,4.125],"tintindex":0,"rotation":0,"texture":"#0"},"west":{"uv":[1.0,2.375,1.375,4.125],"tintindex":0,"rotation":0,"texture":"#0"},"up":{"uv":[1.0,2.375,1.364,2.697],"tintindex":0,"rotation":0,"texture":"#0"},"down":{"uv":[1.0,2.375,1.364,2.697],"tintindex":0,"rotation":0,"texture":"#0"}},"rotation":{"origin":[8.932662,18.891907,9.417252],"angle":-45.0,"axis":"x"}},{"from":[6.1462617,13.260786,3.3714113],"to":[14.881302,15.347346,5.730131],"faces":{"east":{"uv":[1.0,2.375,1.364,2.697],"tintindex":0,"rotation":0,"texture":"#0"},"south":{"uv":[1.0,2.375,1.322,3.723],"tintindex":0,"rotation":90,"texture":"#0"},"north":{"uv":[1.0,2.375,1.322,3.723],"tintindex":0,"rotation":90,"texture":"#0"},"west":{"uv":[1.0,2.375,1.364,2.697],"tintindex":0,"rotation":0,"texture":"#0"},"up":{"uv":[1.0,2.375,1.322,3.723],"tintindex":0,"rotation":90,"texture":"#0"},"down":{"uv":[1.0,2.375,1.322,3.723],"tintindex":0,"rotation":90,"texture":"#0"}},"rotation":{"origin":[9.049301,14.304066,4.5507708],"angle":-45.0,"axis":"z"}},{"from":[6.5156217,-9.166494,8.237891],"to":[8.602182,0.7155056,10.596611],"faces":{"east":{"uv":[1.0,2.375,1.375,4.125],"tintindex":0,"rotation":0,"texture":"#0"},"south":{"uv":[1.0,2.375,1.375,4.125],"tintindex":0,"rotation":0,"texture":"#0"},"north":{"uv":[1.0,2.375,1.375,4.125],"tintindex":0,"rotation":0,"texture":"#0"},"west":{"uv":[1.0,2.375,1.375,4.125],"tintindex":0,"rotation":0,"texture":"#0"},"up":{"uv":[1.0,2.375,1.375,4.125],"tintindex":0,"rotation":0,"texture":"#0"},"down":{"uv":[1.0,2.375,1.322,2.739],"tintindex":0,"rotation":0,"texture":"#0"}},"rotation":{"origin":[7.558902,-5.116493,9.417252],"angle":-45.0,"axis":"z"}},{"from":[8.705862,3.547266,2.140211],"to":[10.792421,12.282306,4.498931],"faces":{"east":{"uv":[1.0,2.375,1.375,4.125],"tintindex":0,"rotation":0,"texture":"#0"},"south":{"uv":[1.0,2.375,1.375,4.125],"tintindex":0,"rotation":0,"texture":"#0"},"north":{"uv":[1.0,2.375,1.375,4.125],"tintindex":0,"rotation":0,"texture":"#0"},"west":{"uv":[1.0,2.375,1.375,4.125],"tintindex":0,"rotation":0,"texture":"#0"},"up":{"uv":[1.0,2.375,1.322,2.739],"tintindex":0,"rotation":0,"texture":"#0"},"down":{"uv":[1.0,2.375,1.322,2.739],"tintindex":0,"rotation":0,"texture":"#0"}},"rotation":{"origin":[9.749142,6.450306,3.3195715],"angle":45.0,"axis":"z"}},{"from":[10.559142,-0.470335,1.6023712],"to":[12.917862,1.6162262,10.337411],"faces":{"east":{"uv":[1.0,2.375,1.322,3.723],"tintindex":0,"rotation":90,"texture":"#0"},"south":{"uv":[1.0,2.375,1.364,2.697],"tintindex":0,"rotation":0,"texture":"#0"},"north":{"uv":[1.0,2.375,1.375,4.125],"tintindex":0,"rotation":0,"texture":"#0"},"west":{"uv":[1.0,2.375,1.322,3.723],"tintindex":0,"rotation":90,"texture":"#0"},"up":{"uv":[1.0,2.375,1.375,4.125],"tintindex":0,"rotation":0,"texture":"#0"},"down":{"uv":[1.0,2.375,1.375,4.125],"tintindex":0,"rotation":0,"texture":"#0"}},"rotation":{"origin":[11.738502,0.57294655,7.434371],"angle":45.0,"axis":"x"}},{"from":[5.887062,15.185346,5.3154116],"to":[8.245782,29.713505,7.401971],"faces":{"east":{"uv":[1.0,2.375,1.375,4.125],"tintindex":0,"rotation":0,"texture":"#0"},"south":{"uv":[1.0,2.375,1.375,4.125],"tintindex":0,"rotation":0,"texture":"#0"},"north":{"uv":[1.0,2.375,1.375,4.125],"tintindex":0,"rotation":0,"texture":"#0"},"west":{"uv":[1.0,2.375,1.375,4.125],"tintindex":0,"rotation":0,"texture":"#0"},"up":{"uv":[1.0,2.375,1.364,2.697],"tintindex":0,"rotation":0,"texture":"#0"},"down":{"uv":[1.0,2.375,1.364,2.697],"tintindex":0,"rotation":0,"texture":"#0"}},"rotation":{"origin":[7.0664215,18.088387,6.358691],"angle":45.0,"axis":"x"}},{"from":[7.889382,15.988866,5.360771],"to":[9.975942,27.212227,7.719491],"faces":{"east":{"uv":[1.0,2.375,1.375,4.125],"tintindex":0,"rotation":0,"texture":"#0"},"south":{"uv":[1.0,2.375,1.375,4.125],"tintindex":0,"rotation":0,"texture":"#0"},"north":{"uv":[1.0,2.375,1.375,4.125],"tintindex":0,"rotation":0,"texture":"#0"},"west":{"uv":[1.0,2.375,1.375,4.125],"tintindex":0,"rotation":0,"texture":"#0"},"up":{"uv":[1.0,2.375,1.322,2.739],"tintindex":0,"rotation":0,"texture":"#0"},"down":{"uv":[1.0,2.375,1.322,2.739],"tintindex":0,"rotation":0,"texture":"#0"}},"rotation":{"origin":[8.932662,18.891907,6.5401316],"angle":45.0,"axis":"z"}},{"from":[3.0812216,0.3331852,5.6199713],"to":[5.439942,2.4197464,14.355011],"faces":{"east":{"uv":[1.0,2.375,1.322,3.723],"tintindex":0,"rotation":90,"texture":"#0"},"south":{"uv":[1.0,2.375,1.322,2.739],"tintindex":0,"rotation":90,"texture":"#0"},"north":{"uv":[1.0,2.375,1.322,2.739],"tintindex":0,"rotation":90,"texture":"#0"},"west":{"uv":[1.0,2.375,1.322,3.723],"tintindex":0,"rotation":90,"texture":"#0"},"up":{"uv":[1.0,2.375,1.375,4.125],"tintindex":0,"rotation":0,"texture":"#0"},"down":{"uv":[1.0,2.375,1.375,4.125],"tintindex":0,"rotation":0,"texture":"#0"}},"rotation":{"origin":[4.260582,1.3764668,8.523011],"angle":-45.0,"axis":"x"}},{"from":[7.7533016,-9.166494,7.8814907],"to":[10.112021,1.5190258,9.968051],"faces":{"east":{"uv":[1.0,2.375,1.375,4.125],"tintindex":0,"rotation":0,"texture":"#0"},