{"textures":{"0":"modelengine:entity/ent_king","particle":"#0"},"elements":[{"from":[2.70368,10.045967,1.8720293],"to":[4.04768,12.733967,3.2160282],"faces":{"east":{"uv":[2.0,2.5,2.0625,2.625],"tintindex":0,"rotation":0,"texture":"#0"},"south":{"uv":[2.0,2.5,2.0625,2.625],"tintindex":0,"rotation":0,"texture":"#0"},"north":{"uv":[2.0,2.5,2.0625,2.625],"tintindex":0,"rotation":0,"texture":"#0"},"west":{"uv":[2.0,2.5,2.0625,2.625],"tintindex":0,"rotation":0,"texture":"#0"},"up":{"uv":[2.0,2.5,2.0625,2.5625],"tintindex":0,"rotation":0,"texture":"#0"},"down":{"uv":[2.0,2.5,2.0625,2.5625],"tintindex":0,"rotation":0,"texture":"#0"}},"rotation":{"origin":[7.98008,1.175148,11.17644],"angle":-22.5,"axis":"x"}},{"from":[5.39168,10.045967,1.8720293],"to":[6.73568,11.389965,3.2160282],"faces":{"east":{"uv":[2.0,2.5,2.0625,2.5625],"tintindex":0,"rotation":0,"texture":"#0"},"south":{"uv":[2.0,2.5,2.0625,2.5625],"tintindex":0,"rotation":0,"texture":"#0"},"north":{"uv":[2.0,2.5,2.0625,2.5625],"tintindex":0,"rotation":0,"texture":"#0"},"west":{"uv":[2.0,2.5,2.0625,2.5625],"tintindex":0,"rotation":0,"texture":"#0"},"up":{"uv":[2.0,2.5,2.0625,2.5625],"tintindex":0,"rotation":0,"texture":"#0"},"down":{"uv":[2.0,2.5,2.0625,2.5625],"tintindex":0,"rotation":0,"texture":"#0"}},"rotation":{"origin":[7.98008,1.175148,11.17644],"angle":-22.5,"axis":"x"}},{"from":[2.70368,3.325966,1.8720293],"to":[13.45568,10.045967,11.280028],"faces":{"east":{"uv":[2.0,2.5,2.4375,2.8125],"tintindex":0,"rotation":0,"texture":"#0"},"south":{"uv":[2.0,2.5,2.5,2.8125],"tintindex":0,"rotation":0,"texture":"#0"},"north":{"uv":[2.0,2.5,2.5,2.8125],"tintindex":0,"rotation":0,"texture":"#0"},"west":{"uv":[2.0,2.5,2.4375,2.8125],"tintindex":0,"rotation":0,"texture":"#0"},"up":{"uv":[2.0,2.5,2.5,2.9375],"tintindex":0,"rotation":0,"texture":"#0"},"down":{"uv":[2.0,2.5,2.5,2.9375],"tintindex":0,"rotation":0,"texture":"#0"}},"rotation":{"origin":[7.98008,1.175148,11.17644],"angle":-22.5,"axis":"x"}},{"from":[11.912479,10.045967,1.8720293],"to":[13.25648,12.733967,3.2160282],"faces":{"east":{"uv":[2.0625,2.5,2.0,2.625],"tintindex":0,"rotation":0,"texture":"#0"},"south":{"uv":[2.0625,2.5,2.0,2.625],"tintindex":0,"rotation":0,"texture":"#0"},"north":{"uv":[2.0625,2.5,2.0,2.625],"tintindex":0,"rotation":0,"texture":"#0"},"west":{"uv":[2.0625,2.5,2.0,2.625],"tintindex":0,"rotation":0,"texture":"#0"},"up":{"uv":[2.0625,2.5,2.0,2.5625],"tintindex":0,"rotation":0,"texture":"#0"},"down":{"uv":[2.0625,2.5,2.0,2.5625],"tintindex":0,"rotation":0,"texture":"#0"}},"rotation":{"origin":[7.98008,1.175148,11.17644],"angle":-22.5,"axis":"x"}},{"from":[9.22448,10.045967,1.8720293],"to":[10.56848,11.389965,3.2160282],"faces":{"east":{"uv":[2.0625,2.5,2.0,2.5625],"tintindex":0,"rotation":0,"texture":"#0"},"south":{"uv":[2.0625,2.5,2.0,2.5625],"tintindex":0,"rotation":0,"texture":"#0"},"north":{"uv":[2.0625,2.5,2.0,2.5625],"tintindex":0,"rotation":0,"texture":"#0"},"west":{"uv":[2.0625,2.5,2.0,2.5625],"tintindex":0,"rotation":0,"texture":"#0"},"up":{"uv":[2.0625,2.5,2.0,2.5625],"tintindex":0,"rotation":0,"texture":"#0"},"down":{"uv":[2.0625,2.5,2.0,2.5625],"tintindex":0,"rotation":0,"texture":"#0"}},"rotation":{"origin":[7.98008,1.175148,11.17644],"angle":-22.5,"axis":"x"}}],"display":{"head":{"rotation":[0.0,0.0,0.0]},"firstperson_righthand":{"rotation":[0.0,0.0,0.0]},"thirdperson_lefthand":{"rotation":[0.0,-0.0,-0.0]},"firstperson_lefthand":{"rotation":[0.0,-0.0,-0.0]},"fixed":{"rotation":[0.0,0.0,0.0]},"ground":{"rotation":[0.0,0.0,0.0]},"thirdperson_righthand":{"rotation":[0.0,0.0,0.0]},"gui":{"rotation":[-150.0,-45.0,180.0]}}}