{"textures":{"0":"modelengine:entity/ent_king","particle":"#0"},"elements":[{"from":[6.323552,4.9631047,4.929294],"to":[9.683552,9.667105,5.601294],"faces":{"east":{"uv":[0.4375,3.875,0.0,3.8125],"tintindex":0,"rotation":90,"texture":"#0"},"south":{"uv":[0.4375,4.125,0.0,3.8125],"tintindex":0,"rotation":90,"texture":"#0"},"north":{"uv":[8.34375,6.46875,8.65625,6.03125],"tintindex":0,"rotation":0,"texture":"#0"},"west":{"uv":[0.4375,3.875,0.0,3.8125],"tintindex":0,"rotation":90,"texture":"#0"},"up":{"uv":[0.0625,4.125,0.0,3.8125],"tintindex":0,"rotation":90,"texture":"#0"},"down":{"uv":[0.0625,4.125,0.0,3.8125],"tintindex":0,"rotation":90,"texture":"#0"}}},{"from":[5.651552,1.6031051,5.601294],"to":[10.355553,8.323105,10.305294],"faces":{"east":{"uv":[4.5625,1.0,3.9375,0.5625],"tintindex":0,"rotation":90,"texture":"#0"},"south":{"uv":[4.5625,0.96875,3.9375,0.53125],"tintindex":0,"rotation":90,"texture":"#0"},"north":{"uv":[4.5625,1.0,3.9375,0.5625],"tintindex":0,"rotation":90,"texture":"#0"},"west":{"uv":[4.5625,1.0,3.9375,0.5625],"tintindex":0,"rotation":90,"texture":"#0"},"up":{"uv":[4.375,1.0,3.9375,0.5625],"tintindex":0,"rotation":90,"texture":"#0"},"down":{"uv":[4.375,1.0,3.9375,0.5625],"tintindex":0,"rotation":90,"texture":"#0"}}},{"from":[8.6773405,5.6351047,5.7935987],"to":[10.021341,8.995105,6.4655986],"faces":{"east":{"uv":[0.3125,3.875,0.0,3.8125],"tintindex":0,"rotation":90,"texture":"#0"},"south":{"uv":[0.3125,3.9375,0.0,3.8125],"tintindex":0,"rotation":90,"texture":"#0"},"north":{"uv":[0.3125,3.9375,0.0,3.8125],"tintindex":0,"rotation":90,"texture":"#0"},"west":{"uv":[0.3125,3.875,0.0,3.8125],"tintindex":0,"rotation":90,"texture":"#0"},"up":{"uv":[0.0625,3.9375,0.0,3.8125],"tintindex":0,"rotation":90,"texture":"#0"},"down":{"uv":[0.0625,3.9375,0.0,3.8125],"tintindex":0,"rotation":90,"texture":"#0"}},"rotation":{"origin":[11.313752,24.079247,7.846071],"angle":-22.5,"axis":"y"}},{"from":[5.685152,3.480483,-4.625325],"to":[10.305152,6.168483,-1.2653246],"faces":{"east":{"uv":[4.1875,0.875,3.9375,0.5625],"tintindex":0,"rotation":90,"texture":"#0"},"south":{"uv":[4.1875,0.9609375,3.9375,0.53125],"tintindex":0,"rotation":90,"texture":"#0"},"north":{"uv":[4.1875,0.9921875,3.9375,0.5625],"tintindex":0,"rotation":90,"texture":"#0"},"west":{"uv":[4.1875,0.875,3.9375,0.5625],"tintindex":0,"rotation":90,"texture":"#0"},"up":{"uv":[4.25,0.9921875,3.9375,0.5625],"tintindex":0,"rotation":90,"texture":"#0"},"down":{"uv":[4.25,0.9921875,3.9375,0.5625],"tintindex":0,"rotation":90,"texture":"#0"}},"rotation":{"origin":[11.313752,24.079247,7.846071],"angle":-22.5,"axis":"x"}},{"from":[6.482182,5.6351047,3.244514],"to":[7.826182,8.995105,3.916514],"faces":{"east":{"uv":[0.3125,3.875,0.0,3.8125],"tintindex":0,"rotation":90,"texture":"#0"},"south":{"uv":[0.3125,3.9375,0.0,3.8125],"tintindex":0,"rotation":90,"texture":"#0"},"north":{"uv":[0.3125,3.9375,0.0,3.8125],"tintindex":0,"rotation":90,"texture":"#0"},"west":{"uv":[0.3125,3.875,0.0,3.8125],"tintindex":0,"rotation":90,"texture":"#0"},"up":{"uv":[0.0625,3.9375,0.0,3.8125],"tintindex":0,"rotation":90,"texture":"#0"},"down":{"uv":[0.0625,3.9375,0.0,3.8125],"tintindex":0,"rotation":90,"texture":"#0"}},"rotation":{"origin":[11.313752,24.079247,7.846071],"angle":22.5,"axis":"y"}},{"from":[5.668352,0.25910473,4.257294],"to":[10.338753,1.6031051,10.305294],"faces":{"east":{"uv":[4.0625,1.125,3.9375,0.5625],"tintindex":0,"rotation":90,"texture":"#0"},"south":{"uv":[4.0625,0.965625,3.9375,0.53125],"tintindex":0,"rotation":90,"texture":"#0"},"north":{"uv":[4.0625,0.996875,3.9375,0.5625],"tintindex":0,"rotation":90,"texture":"#0"},"west":{"uv":[4.0625,1.125,3.9375,0.5625],"tintindex":0,"rotation":90,"texture":"#0"},"up":{"uv":[4.5,0.996875,3.9375,0.5625],"tintindex":0,"rotation":90,"texture":"#0"},"down":{"uv":[4.5,0.996875,3.9375,0.5625],"tintindex":0,"rotation":90,"texture":"#0"}}}],"display":{"head":{"rotation":[0.0,0.0,0.0]},"firstperson_righthand":{"rotation":[0.0,0.0,0.0]},"thirdperson_lefthand":{"rotation":[0.0,-0.0,-0.0]},"firstperson_lefthand":{"rotation":[0.0,-0.0,-0.0]},"fixed":{"rotation":[0.0,0.0,0.0]},"ground":{"rotation":[0.0,0.0,0.0]},"thirdperson_righthand":{"rotation":[0.0,0.0,0.0]},"gui":{"rotation":[-150.0,-45.0,180.0]}}}