{"textures":{"0":"modelengine:entity/ent_king","particle":"#0"},"elements":[{"from":[7.983471,7.119171,10.688],"to":[13.35947,9.807175,13.375999],"faces":{"east":{"uv":[3.9375,0.6875,4.0625,0.5625],"tintindex":0,"rotation":0,"texture":"#0"},"south":{"uv":[3.9375,0.6875,4.1875,0.5625],"tintindex":0,"rotation":0,"texture":"#0"},"north":{"uv":[3.9375,0.6875,4.1875,0.5625],"tintindex":0,"rotation":0,"texture":"#0"},"west":{"uv":[3.9375,0.6875,4.0625,0.5625],"tintindex":0,"rotation":0,"texture":"#0"},"up":{"uv":[3.9375,0.6875,4.1875,0.5625],"tintindex":0,"rotation":0,"texture":"#0"},"down":{"uv":[3.9375,0.6875,4.1875,0.5625],"tintindex":0,"rotation":0,"texture":"#0"}}},{"from":[7.983471,7.119171,6.656],"to":[13.35947,9.807175,9.344],"faces":{"east":{"uv":[3.9375,0.6875,4.0625,0.5625],"tintindex":0,"rotation":0,"texture":"#0"},"south":{"uv":[3.9375,0.6875,4.1875,0.5625],"tintindex":0,"rotation":0,"texture":"#0"},"north":{"uv":[3.9375,0.6875,4.1875,0.5625],"tintindex":0,"rotation":0,"texture":"#0"},"west":{"uv":[3.9375,0.6875,4.0625,0.5625],"tintindex":0,"rotation":0,"texture":"#0"},"up":{"uv":[3.9375,0.6875,4.1875,0.5625],"tintindex":0,"rotation":0,"texture":"#0"},"down":{"uv":[3.9375,0.6875,4.1875,0.5625],"tintindex":0,"rotation":0,"texture":"#0"}}},{"from":[7.983471,7.119171,2.624],"to":[13.35947,9.807175,5.3120003],"faces":{"east":{"uv":[3.9375,0.6875,4.0625,0.5625],"tintindex":0,"rotation":0,"texture":"#0"},"south":{"uv":[3.9375,0.6875,4.1875,0.5625],"tintindex":0,"rotation":0,"texture":"#0"},"north":{"uv":[3.9375,0.6875,4.1875,0.5625],"tintindex":0,"rotation":0,"texture":"#0"},"west":{"uv":[3.9375,0.6875,4.0625,0.5625],"tintindex":0,"rotation":0,"texture":"#0"},"up":{"uv":[3.9375,0.6875,4.1875,0.5625],"tintindex":0,"rotation":0,"texture":"#0"},"down":{"uv":[3.9375,0.6875,4.1875,0.5625],"tintindex":0,"rotation":0,"texture":"#0"}}}],"display":{"head":{"rotation":[0.0,0.0,0.0]},"firstperson_righthand":{"rotation":[0.0,0.0,0.0]},"thirdperson_lefthand":{"rotation":[0.0,-0.0,-0.0]},"firstperson_lefthand":{"rotation":[0.0,-0.0,-0.0]},"fixed":{"rotation":[0.0,0.0,0.0]},"ground":{"rotation":[0.0,0.0,0.0]},"thirdperson_righthand":{"rotation":[0.0,0.0,0.0]},"gui":{"rotation":[-150.0,-45.0,180.0]}}}