{"textures":{"0":"modelengine:entity/ent_king","particle":"#0"},"elements":[{"from":[5.6612477,0.25910473,4.257294],"to":[10.331648,1.6031051,10.305294],"faces":{"east":{"uv":[4.0625,0.5625,3.9375,1.125],"tintindex":0,"rotation":90,"texture":"#0"},"south":{"uv":[4.0625,0.53125,3.9375,0.965625],"tintindex":0,"rotation":90,"texture":"#0"},"north":{"uv":[4.0625,0.5625,3.9375,0.996875],"tintindex":0,"rotation":90,"texture":"#0"},"west":{"uv":[4.0625,0.5625,3.9375,1.125],"tintindex":0,"rotation":90,"texture":"#0"},"up":{"uv":[4.5,0.5625,3.9375,0.996875],"tintindex":0,"rotation":90,"texture":"#0"},"down":{"uv":[4.5,0.5625,3.9375,0.996875],"tintindex":0,"rotation":90,"texture":"#0"}}},{"from":[5.644448,1.6031051,5.601294],"to":[10.348448,8.323105,10.305294],"faces":{"east":{"uv":[4.5625,0.5625,3.9375,1.0],"tintindex":0,"rotation":90,"texture":"#0"},"south":{"uv":[4.5625,0.53125,3.9375,0.96875],"tintindex":0,"rotation":90,"texture":"#0"},"north":{"uv":[4.5625,0.5625,3.9375,1.0],"tintindex":0,"rotation":90,"texture":"#0"},"west":{"uv":[4.5625,0.5625,3.9375,1.0],"tintindex":0,"rotation":90,"texture":"#0"},"up":{"uv":[4.375,0.5625,3.9375,1.0],"tintindex":0,"rotation":90,"texture":"#0"},"down":{"uv":[4.375,0.5625,3.9375,1.0],"tintindex":0,"rotation":90,"texture":"#0"}}},{"from":[5.694848,3.480483,-4.625325],"to":[10.314848,6.168483,-1.2653246],"faces":{"east":{"uv":[4.1875,0.5625,3.9375,0.875],"tintindex":0,"rotation":90,"texture":"#0"},"south":{"uv":[4.1875,0.53125,3.9375,0.9609375],"tintindex":0,"rotation":90,"texture":"#0"},"north":{"uv":[4.1875,0.5625,3.9375,0.9921875],"tintindex":0,"rotation":90,"texture":"#0"},"west":{"uv":[4.1875,0.5625,3.9375,0.875],"tintindex":0,"rotation":90,"texture":"#0"},"up":{"uv":[4.25,0.5625,3.9375,0.9921875],"tintindex":0,"rotation":90,"texture":"#0"},"down":{"uv":[4.25,0.5625,3.9375,0.9921875],"tintindex":0,"rotation":90,"texture":"#0"}},"rotation":{"origin":[4.686248,24.079247,7.846071],"angle":-22.5,"axis":"x"}},{"from":[5.978659,5.6351047,5.7935987],"to":[7.3226595,8.995105,6.4655986],"faces":{"east":{"uv":[0.3125,3.8125,0.0,3.875],"tintindex":0,"rotation":90,"texture":"#0"},"south":{"uv":[0.3125,3.8125,0.0,3.9375],"tintindex":0,"rotation":90,"texture":"#0"},"north":{"uv":[0.3125,3.8125,0.0,3.9375],"tintindex":0,"rotation":90,"texture":"#0"},"west":{"uv":[0.3125,3.8125,0.0,3.875],"tintindex":0,"rotation":90,"texture":"#0"},"up":{"uv":[0.0625,3.8125,0.0,3.9375],"tintindex":0,"rotation":90,"texture":"#0"},"down":{"uv":[0.0625,3.8125,0.0,3.9375],"tintindex":0,"rotation":90,"texture":"#0"}},"rotation":{"origin":[4.686248,24.079247,7.846071],"angle":22.5,"axis":"y"}},{"from":[6.3164477,4.9631047,4.929294],"to":[9.676448,9.667105,5.601294],"faces":{"east":{"uv":[0.4375,3.8125,0.0,3.875],"tintindex":0,"rotation":90,"texture":"#0"},"south":{"uv":[0.4375,3.8125,0.0,4.125],"tintindex":0,"rotation":90,"texture":"#0"},"north":{"uv":[8.65625,6.46875,8.34375,6.03125],"tintindex":0,"rotation":0,"texture":"#0"},"west":{"uv":[0.4375,3.8125,0.0,3.875],"tintindex":0,"rotation":90,"texture":"#0"},"up":{"uv":[0.0625,3.8125,0.0,4.125],"tintindex":0,"rotation":90,"texture":"#0"},"down":{"uv":[0.0625,3.8125,0.0,4.125],"tintindex":0,"rotation":90,"texture":"#0"}}},{"from":[8.173819,5.6351047,3.244514],"to":[9.517818,8.995105,3.916514],"faces":{"east":{"uv":[0.3125,3.8125,0.0,3.875],"tintindex":0,"rotation":90,"texture":"#0"},"south":{"uv":[0.3125,3.8125,0.0,3.9375],"tintindex":0,"rotation":90,"texture":"#0"},"north":{"uv":[0.3125,3.8125,0.0,3.9375],"tintindex":0,"rotation":90,"texture":"#0"},"west":{"uv":[0.3125,3.8125,0.0,3.875],"tintindex":0,"rotation":90,"texture":"#0"},"up":{"uv":[0.0625,3.8125,0.0,3.9375],"tintindex":0,"rotation":90,"texture":"#0"},"down":{"uv":[0.0625,3.8125,0.0,3.9375],"tintindex":0,"rotation":90,"texture":"#0"}},"rotation":{"origin":[4.686248,24.079247,7.846071],"angle":-22.5,"axis":"y"}}],"display":{"head":{"rotation":[0.0,0.0,0.0]},"firstperson_righthand":{"rotation":[0.0,0.0,0.0]},"thirdperson_lefthand":{"rotation":[0.0,-0.0,-0.0]},"firstperson_lefthand":{"rotation":[0.0,-0.0,-0.0]},"fixed":{"rotation":[0.0,0.0,0.0]},"ground":{"rotation":[0.0,0.0,0.0]},"thirdperson_righthand":{"rotation":[0.0,0.0,0.0]},"gui":{"rotation":[-150.0,-45.0,180.0]}}}