{"textures":{"0":"modelengine:entity/ent_king","particle":"#0"},"elements":[{"from":[1.551815,21.559341,6.706],"to":[6.9278145,24.247345,9.294],"faces":{"east":{"uv":[3.9375,0.6875,4.0625,0.5625],"tintindex":0,"rotation":0,"texture":"#0"},"south":{"uv":[3.9375,0.6875,4.1875,0.5625],"tintindex":0,"rotation":0,"texture":"#0"},"north":{"uv":[3.9375,0.6875,4.1875,0.5625],"tintindex":0,"rotation":0,"texture":"#0"},"west":{"uv":[3.9375,0.6875,4.0625,0.5625],"tintindex":0,"rotation":0,"texture":"#0"},"up":{"uv":[3.9375,0.6875,4.1875,0.5625],"tintindex":0,"rotation":0,"texture":"#0"},"down":{"uv":[3.9375,0.6875,4.1875,0.5625],"tintindex":0,"rotation":0,"texture":"#0"}},"rotation":{"origin":[-32.85585,0.47247314,8.4825535],"angle":-22.5,"axis":"z"}},{"from":[1.551815,21.559341,2.6740003],"to":[6.9278145,24.247345,5.262],"faces":{"east":{"uv":[3.9375,0.6875,4.0625,0.5625],"tintindex":0,"rotation":0,"texture":"#0"},"south":{"uv":[3.9375,0.6875,4.1875,0.5625],"tintindex":0,"rotation":0,"texture":"#0"},"north":{"uv":[3.9375,0.6875,4.1875,0.5625],"tintindex":0,"rotation":0,"texture":"#0"},"west":{"uv":[3.9375,0.6875,4.0625,0.5625],"tintindex":0,"rotation":0,"texture":"#0"},"up":{"uv":[3.9375,0.6875,4.1875,0.5625],"tintindex":0,"rotation":0,"texture":"#0"},"down":{"uv":[3.9375,0.6875,4.1875,0.5625],"tintindex":0,"rotation":0,"texture":"#0"}},"rotation":{"origin":[-32.85585,0.47247314,8.4825535],"angle":-22.5,"axis":"z"}},{"from":[1.551815,21.559341,10.738],"to":[6.9278145,24.247345,13.326],"faces":{"east":{"uv":[3.9375,0.6875,4.0625,0.5625],"tintindex":0,"rotation":0,"texture":"#0"},"south":{"uv":[3.9375,0.6875,4.1875,0.5625],"tintindex":0,"rotation":0,"texture":"#0"},"north":{"uv":[3.9375,0.6875,4.1875,0.5625],"tintindex":0,"rotation":0,"texture":"#0"},"west":{"uv":[3.9375,0.6875,4.0625,0.5625],"tintindex":0,"rotation":0,"texture":"#0"},"up":{"uv":[3.9375,0.6875,4.1875,0.5625],"tintindex":0,"rotation":0,"texture":"#0"},"down":{"uv":[3.9375,0.6875,4.1875,0.5625],"tintindex":0,"rotation":0,"texture":"#0"}},"rotation":{"origin":[-32.85585,0.47247314,8.4825535],"angle":-22.5,"axis":"z"}}],"display":{"head":{"rotation":[0.0,0.0,0.0]},"firstperson_righthand":{"rotation":[0.0,0.0,0.0]},"thirdperson_lefthand":{"rotation":[0.0,-0.0,-0.0]},"firstperson_lefthand":{"rotation":[0.0,-0.0,-0.0]},"fixed":{"rotation":[0.0,0.0,0.0]},"ground":{"rotation":[0.0,0.0,0.0]},"thirdperson_righthand":{"rotation":[0.0,0.0,0.0]},"gui":{"rotation":[-150.0,-45.0,180.0]}}}