{"textures":{"0":"modelengine:entity/reaper","particle":"#0"},"elements":[{"from":[6.1239996,9.239307,17.133753],"to":[6.861,9.239307,20.483753],"faces":{"up":{"uv":[2.75,8.0,2.6875,7.5625],"tintindex":0,"rotation":0,"texture":"#0"},"down":{"uv":[2.8125,7.5625,2.75,8.0],"tintindex":0,"rotation":0,"texture":"#0"}},"rotation":{"origin":[6.939167,9.239307,20.372086],"angle":-22.5,"axis":"x"}},{"from":[6.794,9.239307,17.133753],"to":[9.541,9.239307,21.823753],"faces":{"up":{"uv":[6.0625,5.3125,5.75,4.75],"tintindex":0,"rotation":0,"texture":"#0"},"down":{"uv":[5.75,5.75,5.4375,6.3125],"tintindex":0,"rotation":0,"texture":"#0"}},"rotation":{"origin":[6.939167,9.239307,20.372086],"angle":-22.5,"axis":"x"}},{"from":[6.9615,9.239307,21.823753],"to":[8.3685,9.239307,23.833752],"faces":{"up":{"uv":[2.5625,7.5,2.375,7.25],"tintindex":0,"rotation":0,"texture":"#0"},"down":{"uv":[7.4375,2.5625,7.25,2.8125],"tintindex":0,"rotation":0,"texture":"#0"}},"rotation":{"origin":[6.939167,9.239307,20.372086],"angle":-22.5,"axis":"x"}},{"from":[5.6215,8.0,8.0],"to":[10.3785,8.0,17.38],"faces":{"up":{"uv":[4.9375,2.5,4.3125,1.3125],"tintindex":0,"rotation":0,"texture":"#0"},"down":{"uv":[4.9375,2.5,4.3125,3.6875],"tintindex":0,"rotation":0,"texture":"#0"}}}],"display":{"head":{"rotation":[0.0,0.0,0.0]},"firstperson_righthand":{"rotation":[0.0,0.0,0.0]},"thirdperson_lefthand":{"rotation":[0.0,-0.0,-0.0]},"firstperson_lefthand":{"rotation":[0.0,-0.0,-0.0]},"fixed":{"rotation":[0.0,0.0,0.0]},"ground":{"rotation":[0.0,0.0,0.0]},"thirdperson_righthand":{"rotation":[0.0,0.0,0.0]},"gui":{"rotation":[-150.0,-45.0,180.0]}}}