{"textures":{"0":"modelengine:entity/reaper","particle":"#0"},"elements":[{"from":[5.6215,8.0,8.0],"to":[10.3785,8.0,22.07],"faces":{"up":{"uv":[4.3125,1.75,3.6875,0.0],"tintindex":0,"rotation":0,"texture":"#0"},"down":{"uv":[4.3125,1.75,3.6875,3.5],"tintindex":0,"rotation":0,"texture":"#0"}}},{"from":[6.9615,9.239307,26.513754],"to":[8.3685,9.239307,28.523752],"faces":{"up":{"uv":[7.4375,1.4375,7.25,1.1875],"tintindex":0,"rotation":0,"texture":"#0"},"down":{"uv":[7.4375,1.4375,7.25,1.6875],"tintindex":0,"rotation":0,"texture":"#0"}},"rotation":{"origin":[6.4366665,9.239307,25.062086],"angle":-22.5,"axis":"x"}},{"from":[6.2915,9.239307,21.823753],"to":[9.0385,9.239307,26.513754],"faces":{"up":{"uv":[6.0625,3.6875,5.75,3.125],"tintindex":0,"rotation":0,"texture":"#0"},"down":{"uv":[6.0625,4.1875,5.75,4.75],"tintindex":0,"rotation":0,"texture":"#0"}},"rotation":{"origin":[6.4366665,9.239307,25.062086],"angle":-22.5,"axis":"x"}},{"from":[5.6215,9.239307,21.823753],"to":[6.3585,9.239307,25.173754],"faces":{"up":{"uv":[1.6875,8.0,1.625,7.5625],"tintindex":0,"rotation":0,"texture":"#0"},"down":{"uv":[1.75,7.5625,1.6875,8.0],"tintindex":0,"rotation":0,"texture":"#0"}},"rotation":{"origin":[6.4366665,9.239307,25.062086],"angle":-22.5,"axis":"x"}}],"display":{"head":{"rotation":[0.0,0.0,0.0]},"firstperson_righthand":{"rotation":[0.0,0.0,0.0]},"thirdperson_lefthand":{"rotation":[0.0,-0.0,-0.0]},"firstperson_lefthand":{"rotation":[0.0,-0.0,-0.0]},"fixed":{"rotation":[0.0,0.0,0.0]},"ground":{"rotation":[0.0,0.0,0.0]},"thirdperson_righthand":{"rotation":[0.0,0.0,0.0]},"gui":{"rotation":[-150.0,-45.0,180.0]}}}