{"textures":{"0":"modelengine:entity/orc_warrior","particle":"#0"},"elements":[{"from":[7.5,7.430505,-3.2567549],"to":[8.5,8.430505,-1.2567549],"faces":{"east":{"uv":[6.8145,0.1895,6.9355,0.4355],"tintindex":0,"rotation":90,"texture":"#0"},"south":{"uv":[3.9355,7.002,3.8145,7.123],"tintindex":0,"rotation":0,"texture":"#0"},"north":{"uv":[7.123,3.5605,7.002,3.4395],"tintindex":0,"rotation":180,"texture":"#0"},"west":{"uv":[6.8145,2.627,6.9355,2.873],"tintindex":0,"rotation":270,"texture":"#0"},"up":{"uv":[6.8145,0.502,6.9355,0.748],"tintindex":0,"rotation":0,"texture":"#0"},"down":{"uv":[6.002,6.752,6.123,6.998],"tintindex":0,"rotation":180,"texture":"#0"}}},{"from":[7.25,7.180505,-1.2567549],"to":[8.75,8.680506,15.743244],"faces":{"east":{"uv":[1.4395,1.127,1.623,3.248],"tintindex":0,"rotation":90,"texture":"#0"},"south":{"uv":[6.9355,2.377,6.752,2.5605],"tintindex":0,"rotation":0,"texture":"#0"},"north":{"uv":[2.5605,6.9355,2.377,6.752],"tintindex":0,"rotation":180,"texture":"#0"},"west":{"uv":[1.9395,1.127,2.123,3.248],"tintindex":0,"rotation":270,"texture":"#0"},"up":{"uv":[1.6895,1.127,1.873,3.248],"tintindex":0,"rotation":0,"texture":"#0"},"down":{"uv":[1.1895,1.127,1.373,3.248],"tintindex":0,"rotation":180,"texture":"#0"}}},{"from":[7.75,14.268055,3.062735],"to":[8.25,16.768055,4.0627346],"faces":{"east":{"uv":[6.627,5.1895,6.9355,5.3105],"tintindex":0,"rotation":90,"texture":"#0"},"south":{"uv":[4.9355,5.3145,4.877,5.623],"tintindex":0,"rotation":0,"texture":"#0"},"north":{"uv":[3.623,0.3105,3.5645,0.002],"tintindex":0,"rotation":180,"texture":"#0"},"west":{"uv":[6.627,5.377,6.9355,5.498],"tintindex":0,"rotation":270,"texture":"#0"},"up":{"uv":[4.127,7.127,4.1855,7.248],"tintindex":0,"rotation":0,"texture":"#0"},"down":{"uv":[4.002,7.127,4.0605,7.248],"tintindex":0,"rotation":180,"texture":"#0"}},"rotation":{"origin":[13.16894,10.081785,7.560185],"angle":-45.0,"axis":"x"}},{"from":[7.25,1.4939747,12.605625],"to":[8.75,2.9939747,14.605625],"faces":{"east":{"uv":[6.5645,3.5645,6.748,3.8105],"tintindex":0,"rotation":90,"texture":"#0"},"south":{"uv":[3.373,6.752,3.1895,6.9355],"tintindex":0,"rotation":0,"texture":"#0"},"north":{"uv":[6.9355,3.1855,6.752,3.002],"tintindex":0,"rotation":180,"texture":"#0"},"west":{"uv":[6.5645,6.5645,6.748,6.8105],"tintindex":0,"rotation":270,"texture":"#0"},"up":{"uv":[6.3145,6.5645,6.498,6.8105],"tintindex":0,"rotation":0,"texture":"#0"},"down":{"uv":[6.5645,2.6895,6.748,2.9355],"tintindex":0,"rotation":180,"texture":"#0"}},"rotation":{"origin":[13.16894,10.081785,7.560185],"angle":-45.0,"axis":"x"}},{"from":[6.75,6.680505,3.7432451],"to":[9.25,9.180506,4.743245],"faces":{"east":{"uv":[6.6895,4.4395,6.998,4.5605],"tintindex":0,"rotation":90,"texture":"#0"},"south":{"uv":[6.248,0.377,5.9395,0.6855],"tintindex":0,"rotation":0,"texture":"#0"},"north":{"uv":[1.248,6.1855,0.9395,5.877],"tintindex":0,"rotation":180,"texture":"#0"},"west":{"uv":[6.6895,4.8145,6.998,4.9355],"tintindex":0,"rotation":270,"texture":"#0"},"up":{"uv":[6.6895,4.627,6.998,4.748],"tintindex":0,"rotation":0,"texture":"#0"},"down":{"uv":[6.6895,4.252,6.998,4.373],"tintindex":0,"rotation":180,"texture":"#0"}}},{"from":[7.5,6.180505,2.2432451],"to":[8.5,7.180505,3.2432451],"faces":{"east":{"uv":[7.002,2.752,7.123,2.873],"tintindex":0,"rotation":90,"texture":"#0"},"south":{"uv":[3.3105,7.002,3.1895,7.123],"tintindex":0,"rotation":0,"texture":"#0"},"north":{"uv":[3.123,7.123,3.002,7.002],"tintindex":0,"rotation":180,"texture":"#0"},"west":{"uv":[7.002,2.9395,7.123,3.0605],"tintindex":0,"rotation":270,"texture":"#0"},"up":{"uv":[2.8145,7.002,2.9355,7.123],"tintindex":0,"rotation":0,"texture":"#0"},"down":{"uv":[7.002,2.5645,7.123,2.6855],"tintindex":0,"rotation":180,"texture":"#0"}}},{"from":[7.5,4.423145,5.157455],"to":[8.5,5.923145,7.657455],"faces":{"east":{"uv":[3.252,4.752,3.4355,5.0605],"tintindex":0,"rotation":90,"texture":"#0"},"south":{"uv":[6.498,6.877,6.377,7.0605],"tintindex":0,"rotation":0,"texture":"#0"},"north":{"uv":[6.3105,7.0605,6.1895,6.877],"tintindex":0,"rotation":180,"texture":"#0"},"west":{"uv":[6.3145,0.252,6.498,0.5605],"tintindex":0,"rotation":270,"texture":"#0"},"up":{"uv":[4.502,6.627,4.623,6.9355],"tintindex":0,"rotation":0,"texture":"#0"},"down":{"uv":[3.8145,6.627,3.9355,6.9355],"tintindex":0,"rotation":180,"texture":"#0"}}},{"from":[7.5,10.381056,1.5710502],"to":[8.5,12.881056,3.0710502],"faces":{"east":{"uv":[4.002,1.8145,4.3105,1.998],"tintindex":0,"rotation":90,"texture":"#0"},"south":{"uv":[4.998,6.627,4.877,6.9355],"tintindex":0,"rotation":0,"texture":"#0"},"north":{"uv":[4.8105,6.9355,4.6895,6.627],"tintindex":0,"rotation":180,"texture":"#0"},"west":{"uv":[6.3145,6.127,6.623,6.3105],"tintindex":0,"rotation":270,"texture":"#0"},"up":{"uv":[1.252,6.9395,1.373,7.123],"tintindex":0,"rotation":0,"texture":"#0"},"down":{"uv":[6.5645,6.877,6.6855,7.0605],"tintindex":0,"rotation":180,"texture":"#0"}},"rotation":{"origin":[13.16894,10.081785,7.560185],"angle":-22.5,"axis":"x"}},{"from":[7.5,4.180505,-0.7567549],"to":[8.5,6.180505,3.2432451],"faces":{"east":{"uv":[1.502,5.252,1.748,5.748],"tintindex":0,"rotation":90,"texture":"#0"},"south":{"uv":[6.873,5.5645,6.752,5.8105],"tintindex":0,"rotation":0,"texture":"#0"},"north":{"uv":[5.5605,6.998,5.4395,6.752],"tintindex":0,"rotation":180,"texture":"#0"},"west":{"uv":[5.002,5.252,5.248,5.748],"tintindex":0,"rotation":270,"texture":"#0"},"up":{"uv":[4.3145,6.3145,4.4355,6.8105],"tintindex":0,"rotation":0,"texture":"#0"},"down":{"uv":[4.127,6.3145,4.248,6.8105],"tintindex":0,"rotation":180,"texture":"#0"}}},{"from":[7.5,6.180505,-0.7567549],"to":[8.5,7.180505,0.24324512],"faces":{"east":{"uv":[7.002,0.9395,7.123,1.0605],"tintindex":0,"rotation":90,"texture":"#0"},"south":{"uv":[7.123,2.377,7.002,2.498],"tintindex":0,"rotation":0,"texture":"#0"},"north":{"uv":[2.498,7.123,2.377,7.002],"tintindex":0,"rotation":180,"texture":"#0"},"west":{"uv":[7.002,1.752,7.123,1.873],"tintindex":0,"rotation":270,"texture":"#0"},"up":{"uv":[7.002,1.5645,7.123,1.6855],"tintindex":0,"rotation":0,"texture":"#0"},"down":{"uv":[0.9395,7.002,1.0605,7.123],"tintindex":0,"rotation":180,"texture":"#0"}}},{"from":[7.5,11.337765,-0.73864937],"to":[8.5,13.837765,0.76135015],"faces":{"east":{"uv":[4.002,1.8145,4.3105,1.998],"tintindex":0,"rotation":90,"texture":"#0"},"south":{"uv":[4.998,6.627,4.877,6.9355],"tintindex":0,"rotation":0,"texture":"#0"},"north":{"uv":[4.8105,6.9355,4.6895,6.627],"tintindex":0,"rotation":180,"texture":"#0"},"west":{"uv":[6.3145,6.127,6.623,6.3105],"tintindex":0,"rotation":270,"texture":"#0"},"up":{"uv":[1.252,6.9395,1.373,7.123],"tintindex":0,"rotation":0,"texture":"#0"},"down":{"uv":[6.5645,6.877,6.6855,7.0605],"tintindex":0,"rotation":180,"texture":"#0"}},"rotation":{"origin":[13.16894,10.081785,7.560185],"angle":-22.5,"axis":"x"}},{"from":[7.51875,1.4421949,8.8018],"to":[8.481251,5.442195,10.8018],"faces":{"east":{"uv":[0.377,5.252,0.873,5.498],"tintindex":0,"rotation":90,"texture":"#0"},"south":{"uv":[6.373,5.5645,6.252,6.0605],"tintindex":0,"rotation":0,"texture":"#0"},"north":{"uv":[6.373,5.498,6.252,5.002],"tintindex":0,"rotation":180,"texture":"#0"},"west":{"uv":[0.9395,5.252,1.4355,5.498],"tintindex":0,"rotation":270,"texture":"#0"},"up":{"uv":[5.252,6.752,5.373,6.998],"tintindex":0,"rotation":0,"texture":"#0"},"down":{"uv":[3.4395,6.752,3.5605,6.998],"tintindex":0,"rotation":180,"texture":"#0"}},"rotation":{"origin":[13.16894,10.081785,7.560185],"angle":45.0,"axis":"x"}},{"from":[7.5,1.6805048,-1.2567549],"to":[8.5,4.180505,3.7432451],"faces":{"east":{"uv":[0.4395,3.6895,0.748,4.3105],"tintindex":0,"rotation":90,"texture":"#0"},"south":{"uv":[3.123,6.627,3.002,6.9355],"tintindex":0,"rotation":0,"texture":"#0"},"north":{"uv":[2.9355,6.9355,2.8145,6.627],"tintindex":0,"rotation":180,"texture":"#0"},"west":{"uv":[2.5645,3.8145,2.873,4.4355],"tintindex":0,"rotation":270,"texture":"#0"},"up":{"uv":[2.4395,6.0645,2.5605,6.6855],"tintindex":0,"rotation":0,"texture":"#0"},