{"textures":{"0":"modelengine:entity/orc_warrior","particle":"#0"},"elements":[{"from":[10.57884,-0.19143105,7.01562],"to":[11.57884,1.808569,8.01562],"faces":{"east":{"uv":[6.8105,7.0645,6.752,7.1855],"tintindex":0,"rotation":0,"texture":"#0"},"south":{"uv":[7.123,6.127,7.0645,6.248],"tintindex":0,"rotation":0,"texture":"#0"},"north":{"uv":[7.0605,5.377,7.002,5.498],"tintindex":0,"rotation":0,"texture":"#0"},"west":{"uv":[7.123,3.252,7.0645,3.373],"tintindex":0,"rotation":0,"texture":"#0"},"up":{"uv":[5.752,5.123,5.8105,5.0645],"tintindex":0,"rotation":0,"texture":"#0"},"down":{"uv":[5.877,5.0645,5.9355,5.123],"tintindex":0,"rotation":0,"texture":"#0"}},"rotation":{"origin":[-0.8647499,2.8780193,7.4343],"angle":-22.5,"axis":"z"}},{"from":[2.9693303,-5.85147,5.76562],"to":[3.9693303,-3.85147,6.76562],"faces":{"east":{"uv":[0.1855,7.127,0.127,7.248],"tintindex":0,"rotation":0,"texture":"#0"},"south":{"uv":[0.0605,7.127,0.002,7.248],"tintindex":0,"rotation":0,"texture":"#0"},"north":{"uv":[6.9355,7.0645,6.877,7.1855],"tintindex":0,"rotation":0,"texture":"#0"},"west":{"uv":[7.0605,7.0645,7.002,7.1855],"tintindex":0,"rotation":0,"texture":"#0"},"up":{"uv":[5.9395,0.8105,5.998,0.752],"tintindex":0,"rotation":0,"texture":"#0"},"down":{"uv":[2.127,5.9395,2.1855,5.998],"tintindex":0,"rotation":0,"texture":"#0"}},"rotation":{"origin":[-0.8647499,2.8780193,7.4343],"angle":22.5,"axis":"z"}},{"from":[5.2473702,0.12801933,5.76562],"to":[10.247371,8.128019,10.76562],"faces":{"east":{"uv":[3.1855,4.752,2.877,5.248],"tintindex":0,"rotation":0,"texture":"#0"},"south":{"uv":[1.8105,4.6895,1.502,5.1855],"tintindex":0,"rotation":0,"texture":"#0"},"north":{"uv":[1.0605,4.6895,0.752,5.1855],"tintindex":0,"rotation":0,"texture":"#0"},"west":{"uv":[1.4355,4.6895,1.127,5.1855],"tintindex":0,"rotation":0,"texture":"#0"},"up":{"uv":[5.752,1.5605,6.0605,1.252],"tintindex":0,"rotation":0,"texture":"#0"},"down":{"uv":[5.752,1.627,6.0605,1.9355],"tintindex":0,"rotation":0,"texture":"#0"}}},{"from":[5.2527404,-1.8719807,5.76562],"to":[6.2527404,0.12801933,6.76562],"faces":{"east":{"uv":[0.873,7.127,0.8145,7.248],"tintindex":0,"rotation":0,"texture":"#0"},"south":{"uv":[0.748,7.127,0.6895,7.248],"tintindex":0,"rotation":0,"texture":"#0"},"north":{"uv":[0.3105,7.127,0.252,7.248],"tintindex":0,"rotation":0,"texture":"#0"},"west":{"uv":[0.623,7.127,0.5645,7.248],"tintindex":0,"rotation":0,"texture":"#0"},"up":{"uv":[6.127,0.3105,6.1855,0.252],"tintindex":0,"rotation":0,"texture":"#0"},"down":{"uv":[6.252,3.0645,6.3105,3.123],"tintindex":0,"rotation":0,"texture":"#0"}}},{"from":[6.2473702,1.1280193,3.7656202],"to":[12.247371,3.1280193,12.765619],"faces":{"east":{"uv":[6.623,4.4395,6.0645,4.5605],"tintindex":0,"rotation":0,"texture":"#0"},"south":{"uv":[6.9355,0.002,6.5645,0.123],"tintindex":0,"rotation":0,"texture":"#0"},"north":{"uv":[6.8105,5.9395,6.4395,6.0605],"tintindex":0,"rotation":0,"texture":"#0"},"west":{"uv":[6.623,4.252,6.0645,4.373],"tintindex":0,"rotation":0,"texture":"#0"},"up":{"uv":[0.002,4.248,0.373,3.6895],"tintindex":0,"rotation":0,"texture":"#0"},"down":{"uv":[3.6895,0.002,4.0605,0.5605],"tintindex":0,"rotation":0,"texture":"#0"}}},{"from":[9.22237,-2.8719807,9.76562],"to":[10.22237,0.12801933,10.76562],"faces":{"east":{"uv":[1.1855,7.002,1.127,7.1855],"tintindex":0,"rotation":0,"texture":"#0"},"south":{"uv":[4.0605,6.627,4.002,6.8105],"tintindex":0,"rotation":0,"texture":"#0"},"north":{"uv":[1.373,5.877,1.3145,6.0605],"tintindex":0,"rotation":0,"texture":"#0"},"west":{"uv":[3.873,6.377,3.8145,6.5605],"tintindex":0,"rotation":0,"texture":"#0"},"up":{"uv":[1.0645,3.248,1.123,3.1895],"tintindex":0,"rotation":0,"texture":"#0"},"down":{"uv":[0.8145,4.1895,0.873,4.248],"tintindex":0,"rotation":0,"texture":"#0"}}},{"from":[6.2473702,3.1280193,4.76562],"to":[11.247371,7.1280193,11.765619],"faces":{"east":{"uv":[5.9355,2.4395,5.502,2.6855],"tintindex":0,"rotation":0,"texture":"#0"},"south":{"uv":[6.3105,2.4395,6.002,2.6855],"tintindex":0,"rotation":0,"texture":"#0"},"north":{"uv":[4.6855,3.3145,4.377,3.5605],"tintindex":0,"rotation":0,"texture":"#0"},"west":{"uv":[5.873,2.9395,5.4395,3.1855],"tintindex":0,"rotation":0,"texture":"#0"},"up":{"uv":[2.3145,5.498,2.623,5.0645],"tintindex":0,"rotation":0,"texture":"#0"},"down":{"uv":[1.877,5.127,2.1855,5.5605],"tintindex":0,"rotation":0,"texture":"#0"}}},{"from":[4.7473702,3.1280193,5.26562],"to":[6.7473707,6.1280193,11.26562],"faces":{"east":{"uv":[6.498,0.002,6.127,0.1855],"tintindex":0,"rotation":0,"texture":"#0"},"south":{"uv":[4.123,6.877,4.002,7.0605],"tintindex":0,"rotation":0,"texture":"#0"},"north":{"uv":[3.748,6.877,3.627,7.0605],"tintindex":0,"rotation":0,"texture":"#0"},"west":{"uv":[5.9355,3.5645,5.5645,3.748],"tintindex":0,"rotation":0,"texture":"#0"},"up":{"uv":[1.0645,6.9355,1.1855,6.5645],"tintindex":0,"rotation":0,"texture":"#0"},"down":{"uv":[6.5645,1.1895,6.6855,1.5605],"tintindex":0,"rotation":0,"texture":"#0"}}},{"from":[10.57884,-0.19143105,9.76562],"to":[11.57884,1.808569,10.76562],"faces":{"east":{"uv":[6.8105,7.0645,6.752,7.1855],"tintindex":0,"rotation":0,"texture":"#0"},"south":{"uv":[7.123,6.127,7.0645,6.248],"tintindex":0,"rotation":0,"texture":"#0"},"north":{"uv":[7.0605,5.377,7.002,5.498],"tintindex":0,"rotation":0,"texture":"#0"},"west":{"uv":[7.123,3.252,7.0645,3.373],"tintindex":0,"rotation":0,"texture":"#0"},"up":{"uv":[5.752,5.123,5.8105,5.0645],"tintindex":0,"rotation":0,"texture":"#0"},"down":{"uv":[5.877,5.0645,5.9355,5.123],"tintindex":0,"rotation":0,"texture":"#0"}},"rotation":{"origin":[-0.8647499,2.8780193,7.4343],"angle":-22.5,"axis":"z"}},{"from":[9.22237,-2.8719807,5.76562],"to":[10.22237,0.12801933,6.76562],"faces":{"east":{"uv":[1.1855,7.002,1.127,7.1855],"tintindex":0,"rotation":0,"texture":"#0"},"south":{"uv":[4.0605,6.627,4.002,6.8105],"tintindex":0,"rotation":0,"texture":"#0"},"north":{"uv":[1.373,5.877,1.3145,6.0605],"tintindex":0,"rotation":0,"texture":"#0"},"west":{"uv":[3.873,6.377,3.8145,6.5605],"tintindex":0,"rotation":0,"texture":"#0"},"up":{"uv":[1.0645,3.248,1.123,3.1895],"tintindex":0,"rotation":0,"texture":"#0"},"down":{"uv":[0.8145,4.1895,0.873,4.248],"tintindex":0,"rotation":0,"texture":"#0"}}},{"from":[9.22237,-2.8719807,7.01562],"to":[10.22237,0.12801933,8.01562],"faces":{"east":{"uv":[1.1855,7.002,1.127,7.1855],"tintindex":0,"rotation":0,"texture":"#0"},"south":{"uv":[4.0605,6.627,4.002,6.8105],"tintindex":0,"rotation":0,"texture":"#0"},"north":{"uv":[1.373,5.877,1.3145,6.0605],"tintindex":0,"rotation":0,"texture":"#0"},"west":{"uv":[3.873,6.377,3.8145,6.5605],"tintindex":0,"rotation":0,"texture":"#0"},"up":{"uv":[1.0645,3.248,1.123,3.1895],"tintindex":0,"rotation":0,"texture":"#0"},"down":{"uv":[0.8145,4.1895,0.873,4.248],"tintindex":0,"rotation":0,"texture":"#0"}}},{"from":[10.57884,-0.19143105,5.76562],"to":[11.57884,1.808569,6.76562],"faces":{"east":{"uv":[6.8105,7.0645,6.752,7.1855],"tintindex":0,"rotation":0,"texture":"#0"},"south":{"uv":[7.123,6.127,7.0645,6.248],"tintindex":0,"rotation":0,"texture":"#0"},"north":{"uv":[7.0605,5.377,7.002,5.498],"tintindex":0,"rotation":0,"texture":"#0"},"west":{"uv":[7.123,3.252,7.0645,3.373],"tintindex":0,"rotation":0,"texture":"#0"},"up":{"uv":[5.752,5.123,5.8105,5.0645],"tintindex":0,"rotation":0,"texture":"#0"},"down":{"uv":[5.877,5.0645,5.9355,5.123],"tintindex":0,"rotation":0,"texture":"#0"}},"rotation":{"origin":[-0.8647499,2.8780193,7.4343],"angle":-22.5,"axis":"z"}},{"from":[10.57884,-0.19143105,8.39062],"to":[11.57884,1.808569,9.39062],"faces":{"east":{"uv":[6.8105,7.0645,6.752,7.1855],"tintindex":0,"rotation":0,"texture":"#0"},"south":{"uv":[7.123,6.127,7.0645,6.248],"tintindex":0,"rotation":0,"texture":"#0"},"north":{"uv":[7.0605,5.377,7.002,5.498],"tintindex":0,"rotation":0,"texture":"#0"},"west":{"uv":[7.123,3.252,7.0645,3.373],"tintindex":0,"rotation":0,"texture":"#0"},"up":{"uv":[5.752,5.123,5.8105,5.0645],"tintindex":0,"rotation":0,"texture":"#0"},"down":{"uv":[5.877,5.0645,5.9355,5.123],"tintindex":0,