{"textures":{"0":"modelengine:entity/ent_guardian","particle":"#0"},"elements":[{"from":[-0.5365133,-10.96578,-4.5654984],"to":[16.68819,-5.2242107,12.6592045],"faces":{"east":{"uv":[9.75,2.0,10.5,2.25],"tintindex":0,"rotation":0,"texture":"#0"},"south":{"uv":[6.375,9.75,7.125,10.0],"tintindex":0,"rotation":0,"texture":"#0"},"north":{"uv":[0.75,7.5,1.5,7.75],"tintindex":0,"rotation":0,"texture":"#0"},"west":{"uv":[9.75,9.375,10.5,9.625],"tintindex":0,"rotation":0,"texture":"#0"},"up":{"uv":[4.125,7.25,3.375,6.5],"tintindex":0,"rotation":0,"texture":"#0"},"down":{"uv":[1.5,6.625,0.75,7.375],"tintindex":0,"rotation":0,"texture":"#0"}},"rotation":{"origin":[8.075838,-8.0949955,4.046852],"angle":-22.5,"axis":"x"}},{"from":[-3.407298,5.931137,-7.648796],"to":[-0.5365133,10.237312,-4.7780113],"faces":{"east":{"uv":[0.875,9.875,1.0,10.0625],"tintindex":0,"rotation":0,"texture":"#0"},"south":{"uv":[11.375,1.625,11.5,1.8125],"tintindex":0,"rotation":0,"texture":"#0"},"north":{"uv":[0.5,8.875,0.625,9.0625],"tintindex":0,"rotation":0,"texture":"#0"},"west":{"uv":[11.375,2.0,11.5,2.1875],"tintindex":0,"rotation":0,"texture":"#0"},"up":{"uv":[5.75,11.5,5.625,11.375],"tintindex":0,"rotation":0,"texture":"#0"},"down":{"uv":[11.5,5.625,11.375,5.75],"tintindex":0,"rotation":0,"texture":"#0"}},"rotation":{"origin":[9.51123,-4.1166077,2.3989487],"angle":-22.5,"axis":"x"}},{"from":[16.68819,5.931137,-7.648796],"to":[19.558975,10.237312,-4.7780113],"faces":{"east":{"uv":[11.5,2.0,11.375,2.1875],"tintindex":0,"rotation":0,"texture":"#0"},"south":{"uv":[11.5,1.625,11.375,1.8125],"tintindex":0,"rotation":0,"texture":"#0"},"north":{"uv":[0.625,8.875,0.5,9.0625],"tintindex":0,"rotation":0,"texture":"#0"},"west":{"uv":[1.0,9.875,0.875,10.0625],"tintindex":0,"rotation":0,"texture":"#0"},"up":{"uv":[5.625,11.5,5.75,11.375],"tintindex":0,"rotation":0,"texture":"#0"},"down":{"uv":[11.375,5.625,11.5,5.75],"tintindex":0,"rotation":0,"texture":"#0"}},"rotation":{"origin":[6.640446,-4.1166077,2.3989487],"angle":-22.5,"axis":"x"}},{"from":[11.664318,5.931137,-7.648796],"to":[14.535103,8.801922,-4.7780113],"faces":{"east":{"uv":[11.5,4.875,11.375,5.0],"tintindex":0,"rotation":0,"texture":"#0"},"south":{"uv":[5.0,11.375,4.875,11.5],"tintindex":0,"rotation":0,"texture":"#0"},"north":{"uv":[4.75,11.375,4.625,11.5],"tintindex":0,"rotation":0,"texture":"#0"},"west":{"uv":[11.5,4.625,11.375,4.75],"tintindex":0,"rotation":0,"texture":"#0"},"up":{"uv":[11.375,5.25,11.5,5.125],"tintindex":0,"rotation":0,"texture":"#0"},"down":{"uv":[11.375,5.375,11.5,5.5],"tintindex":0,"rotation":0,"texture":"#0"}},"rotation":{"origin":[6.640446,-4.1166077,2.3989487],"angle":-22.5,"axis":"x"}},{"from":[-3.407298,-5.552,-7.648796],"to":[19.558975,5.931137,12.446693],"faces":{"east":{"uv":[7.375,0.0,8.25,0.5],"tintindex":0,"rotation":0,"texture":"#0"},"south":{"uv":[6.875,5.625,7.875,6.125],"tintindex":0,"rotation":0,"texture":"#0"},"north":{"uv":[6.875,5.0,7.875,5.5],"tintindex":0,"rotation":0,"texture":"#0"},"west":{"uv":[3.0,7.375,3.875,7.875],"tintindex":0,"rotation":0,"texture":"#0"},"up":{"uv":[5.25,0.875,4.25,0.0],"tintindex":0,"rotation":0,"texture":"#0"},"down":{"uv":[5.5,3.25,4.5,4.125],"tintindex":0,"rotation":0,"texture":"#0"}},"rotation":{"origin":[6.640446,-4.1166077,2.3989487],"angle":-22.5,"axis":"x"}},{"from":[1.6165743,5.931137,-7.648796],"to":[4.487358,8.801922,-4.7780113],"faces":{"east":{"uv":[11.375,4.625,11.5,4.75],"tintindex":0,"rotation":0,"texture":"#0"},"south":{"uv":[4.875,11.375,5.0,11.5],"tintindex":0,"rotation":0,"texture":"#0"},"north":{"uv":[4.625,11.375,4.75,11.5],"tintindex":0,"rotation":0,"texture":"#0"},"west":{"uv":[11.375,4.875,11.5,5.0],"tintindex":0,"rotation":0,"texture":"#0"},"up":{"uv":[11.5,5.25,11.375,5.125],"tintindex":0,"rotation":0,"texture":"#0"},"down":{"uv":[11.5,5.375,11.375,5.5],"tintindex":0,"rotation":0,"texture":"#0"}},"rotation":{"origin":[9.51123,-4.1166077,2.3989487],"angle":-22.5,"axis":"x"}}],"display":{"head":{"rotation":[0.0,0.0,0.0]},"firstperson_righthand":{"rotation":[0.0,0.0,0.0]},"thirdperson_lefthand":{"rotation":[0.0,-0.0,-0.0]},"firstperson_lefthand":{"rotation":[0.0,-0.0,-0.0]},"fixed":{"rotation":[0.0,0.0,0.0]},"ground":{"rotation":[0.0,0.0,0.0]},"thirdperson_righthand":{"rotation":[0.0,0.0,0.0]},"gui":{"rotation":[-150.0,-45.0,180.0]}}}