{"textures":{"0":"modelengine:entity/ent_guardian","particle":"#0"},"elements":[{"from":[-0.503458,-2.1619844,2.5030384],"to":[4.5204144,9.321151,7.526911],"faces":{"east":{"uv":[3.84375,3.0,3.625,3.5],"tintindex":0,"rotation":0,"texture":"#0"},"south":{"uv":[3.84375,3.0,3.625,3.5],"tintindex":0,"rotation":0,"texture":"#0"},"north":{"uv":[3.84375,3.0,3.625,3.5],"tintindex":0,"rotation":0,"texture":"#0"},"west":{"uv":[3.84375,3.0,3.625,3.5],"tintindex":0,"rotation":0,"texture":"#0"},"up":{"uv":[3.84375,3.0,3.625,3.21875],"tintindex":0,"rotation":0,"texture":"#0"},"down":{"uv":[3.84375,3.0,3.625,3.21875],"tintindex":0,"rotation":0,"texture":"#0"}},"rotation":{"origin":[13.778692,5.014975,5.0149746],"angle":45.0,"axis":"x"}},{"from":[5.4138145,-2.1619844,2.5030384],"to":[10.437689,9.321151,7.526911],"faces":{"east":{"uv":[3.625,3.0,3.84375,3.5],"tintindex":0,"rotation":0,"texture":"#0"},"south":{"uv":[3.625,3.0,3.84375,3.5],"tintindex":0,"rotation":0,"texture":"#0"},"north":{"uv":[4.0,3.125,4.21875,3.625],"tintindex":0,"rotation":0,"texture":"#0"},"west":{"uv":[3.625,3.0,3.84375,3.5],"tintindex":0,"rotation":0,"texture":"#0"},"up":{"uv":[3.625,3.0,3.84375,3.21875],"tintindex":0,"rotation":0,"texture":"#0"},"down":{"uv":[3.625,3.0,3.84375,3.21875],"tintindex":0,"rotation":0,"texture":"#0"}},"rotation":{"origin":[-58.676437,5.014975,5.0149746],"angle":45.0,"axis":"x"}},{"from":[11.553835,-2.1619844,2.5030384],"to":[16.577707,9.321151,7.526911],"faces":{"east":{"uv":[3.84375,3.0,3.625,3.5],"tintindex":0,"rotation":0,"texture":"#0"},"south":{"uv":[3.84375,3.0,3.625,3.5],"tintindex":0,"rotation":0,"texture":"#0"},"north":{"uv":[3.625,3.0,3.84375,3.5],"tintindex":0,"rotation":0,"texture":"#0"},"west":{"uv":[3.84375,3.0,3.625,3.5],"tintindex":0,"rotation":0,"texture":"#0"},"up":{"uv":[3.84375,3.0,3.625,3.21875],"tintindex":0,"rotation":0,"texture":"#0"},"down":{"uv":[3.84375,3.0,3.625,3.21875],"tintindex":0,"rotation":0,"texture":"#0"}},"rotation":{"origin":[13.778692,5.014975,5.0149746],"angle":45.0,"axis":"x"}}],"display":{"head":{"rotation":[0.0,0.0,0.0]},"firstperson_righthand":{"rotation":[0.0,0.0,0.0]},"thirdperson_lefthand":{"rotation":[0.0,-0.0,-0.0]},"firstperson_lefthand":{"rotation":[0.0,-0.0,-0.0]},"fixed":{"rotation":[0.0,0.0,0.0]},"ground":{"rotation":[0.0,0.0,0.0]},"thirdperson_righthand":{"rotation":[0.0,0.0,0.0]},"gui":{"rotation":[-150.0,-45.0,180.0]}}}