{"textures":{"0":"modelengine:entity/ent_guardian","particle":"#0"},"elements":[{"from":[15.854644,-8.106155,4.790497],"to":[18.72543,-3.7999802,7.6612806],"faces":{"east":{"uv":[3.875,3.0,3.625,3.375],"tintindex":0,"rotation":0,"texture":"#0"},"south":{"uv":[3.875,3.0,3.625,3.375],"tintindex":0,"rotation":0,"texture":"#0"},"north":{"uv":[3.875,3.0,3.625,3.375],"tintindex":0,"rotation":0,"texture":"#0"},"west":{"uv":[3.875,3.0,3.625,3.375],"tintindex":0,"rotation":0,"texture":"#0"},"up":{"uv":[3.875,3.0,3.625,3.25],"tintindex":0,"rotation":0,"texture":"#0"},"down":{"uv":[4.125,3.25,3.875,3.5],"tintindex":0,"rotation":0,"texture":"#0"}},"rotation":{"origin":[16.213493,-6.3119164,6.118234],"angle":45.0,"axis":"z"}},{"from":[9.544021,-8.885422,3.3551044],"to":[12.414804,-4.5792446,6.2258887],"faces":{"east":{"uv":[3.875,3.0,3.625,3.375],"tintindex":0,"rotation":0,"texture":"#0"},"south":{"uv":[3.875,3.0,3.625,3.375],"tintindex":0,"rotation":0,"texture":"#0"},"north":{"uv":[3.875,3.0,3.625,3.375],"tintindex":0,"rotation":0,"texture":"#0"},"west":{"uv":[3.875,3.0,3.625,3.375],"tintindex":0,"rotation":0,"texture":"#0"},"up":{"uv":[3.625,3.25,3.875,3.0],"tintindex":0,"rotation":90,"texture":"#0"},"down":{"uv":[3.875,3.5,4.125,3.25],"tintindex":0,"rotation":270,"texture":"#0"}},"rotation":{"origin":[16.720982,-5.296941,6.2258887],"angle":45.0,"axis":"x"}},{"from":[7.065364,-5.6929874,4.6828423],"to":[14.242324,8.660933,11.859802],"faces":{"east":{"uv":[4.25,3.0,3.625,4.25],"tintindex":0,"rotation":0,"texture":"#0"},"south":{"uv":[4.25,3.0,3.625,4.25],"tintindex":0,"rotation":0,"texture":"#0"},"north":{"uv":[4.25,3.0,3.625,4.25],"tintindex":0,"rotation":0,"texture":"#0"},"west":{"uv":[4.25,3.0,3.625,4.25],"tintindex":0,"rotation":0,"texture":"#0"},"up":{"uv":[4.25,3.0,3.625,3.625],"tintindex":0,"rotation":0,"texture":"#0"},"down":{"uv":[4.31875,6.675,4.94375,7.3],"tintindex":0,"rotation":0,"texture":"#0"}},"rotation":{"origin":[10.653844,1.4839725,8.271322],"angle":22.5,"axis":"z"}},{"from":[15.854644,-8.106155,8.953134],"to":[18.72543,-3.7999802,11.823917],"faces":{"east":{"uv":[3.875,3.0,3.625,3.375],"tintindex":0,"rotation":0,"texture":"#0"},"south":{"uv":[3.875,3.0,3.625,3.375],"tintindex":0,"rotation":0,"texture":"#0"},"north":{"uv":[3.875,3.0,3.625,3.375],"tintindex":0,"rotation":0,"texture":"#0"},"west":{"uv":[3.875,3.0,3.625,3.375],"tintindex":0,"rotation":0,"texture":"#0"},"up":{"uv":[3.875,3.0,3.625,3.25],"tintindex":0,"rotation":0,"texture":"#0"},"down":{"uv":[4.125,3.25,3.875,3.5],"tintindex":0,"rotation":0,"texture":"#0"}},"rotation":{"origin":[16.213493,-6.3119164,6.118234],"angle":45.0,"axis":"z"}},{"from":[14.242324,-2.8222027,8.989018],"to":[21.419285,8.660933,8.989018],"faces":{"east":{"uv":[13.125,3.875,12.5,4.875],"tintindex":0,"rotation":0,"texture":"#0"},"south":{"uv":[4.375,5.5,5.0,6.5],"tintindex":0,"rotation":0,"texture":"#0"},"north":{"uv":[5.0,5.5,4.375,6.5],"tintindex":0,"rotation":0,"texture":"#0"},"west":{"uv":[13.125,3.875,12.5,4.875],"tintindex":0,"rotation":0,"texture":"#0"},"up":{"uv":[13.125,3.875,12.5,4.875],"tintindex":0,"rotation":0,"texture":"#0"},"down":{"uv":[13.125,3.875,12.5,4.875],"tintindex":0,"rotation":0,"texture":"#0"}},"rotation":{"origin":[10.653844,1.4839725,8.271322],"angle":22.5,"axis":"z"}}],"display":{"head":{"rotation":[0.0,0.0,0.0]},"firstperson_righthand":{"rotation":[0.0,0.0,0.0]},"thirdperson_lefthand":{"rotation":[0.0,-0.0,-0.0]},"firstperson_lefthand":{"rotation":[0.0,-0.0,-0.0]},"fixed":{"rotation":[0.0,0.0,0.0]},"ground":{"rotation":[0.0,0.0,0.0]},"thirdperson_righthand":{"rotation":[0.0,0.0,0.0]},"gui":{"rotation":[-150.0,-45.0,180.0]}}}