{"textures":{"0":"modelengine:entity/orc_giant","particle":"#0"},"elements":[{"from":[21.8303,9.6222,0.62187004],"to":[24.8303,11.6222,3.62187],"faces":{"east":{"uv":[6.8145,8.4395,6.998,8.5605],"tintindex":0,"rotation":0,"texture":"#0"},"south":{"uv":[7.0645,8.4395,7.248,8.5605],"tintindex":0,"rotation":0,"texture":"#0"},"north":{"uv":[8.4395,6.4395,8.623,6.5605],"tintindex":0,"rotation":0,"texture":"#0"},"west":{"uv":[8.4395,7.6895,8.623,7.8105],"tintindex":0,"rotation":0,"texture":"#0"},"up":{"uv":[8.373,2.373,8.1895,2.1895],"tintindex":0,"rotation":0,"texture":"#0"},"down":{"uv":[2.9355,8.1895,2.752,8.373],"tintindex":0,"rotation":0,"texture":"#0"}},"rotation":{"origin":[10.8533,40.37731,6.87187],"angle":-22.5,"axis":"z"}},{"from":[-8.413239,11.8132,0.62187004],"to":[-5.4132385,13.8132,3.62187],"faces":{"east":{"uv":[8.4395,4.127,8.623,4.248],"tintindex":0,"rotation":0,"texture":"#0"},"south":{"uv":[4.1895,8.4395,4.373,8.5605],"tintindex":0,"rotation":0,"texture":"#0"},"north":{"uv":[8.4395,3.4395,8.623,3.5605],"tintindex":0,"rotation":0,"texture":"#0"},"west":{"uv":[5.627,8.4395,5.8105,8.5605],"tintindex":0,"rotation":0,"texture":"#0"},"up":{"uv":[1.1855,8.373,1.002,8.1895],"tintindex":0,"rotation":0,"texture":"#0"},"down":{"uv":[1.8105,8.1895,1.627,8.373],"tintindex":0,"rotation":0,"texture":"#0"}},"rotation":{"origin":[10.8533,40.37731,6.87187],"angle":22.5,"axis":"z"}},{"from":[5.99062,7.61034,0.64687014],"to":[9.99062,9.61034,2.62187],"faces":{"east":{"uv":[8.5645,1.9395,8.6855,2.0605],"tintindex":0,"rotation":0,"texture":"#0"},"south":{"uv":[8.1895,3.6895,8.4355,3.8105],"tintindex":0,"rotation":0,"texture":"#0"},"north":{"uv":[8.1895,2.4395,8.4355,2.5605],"tintindex":0,"rotation":0,"texture":"#0"},"west":{"uv":[3.002,8.5645,3.123,8.6855],"tintindex":0,"rotation":0,"texture":"#0"},"up":{"uv":[8.4355,5.248,8.1895,5.127],"tintindex":0,"rotation":0,"texture":"#0"},"down":{"uv":[8.4355,5.3145,8.1895,5.4355],"tintindex":0,"rotation":0,"texture":"#0"}}},{"from":[4.02815,4.16481,-0.37812996],"to":[12.028151,8.16481,12.62187],"faces":{"east":{"uv":[6.8145,4.9395,7.623,5.1855],"tintindex":0,"rotation":0,"texture":"#0"},"south":{"uv":[7.377,5.877,7.873,6.123],"tintindex":0,"rotation":0,"texture":"#0"},"north":{"uv":[7.377,5.5645,7.873,5.8105],"tintindex":0,"rotation":0,"texture":"#0"},"west":{"uv":[0.4395,6.9395,1.248,7.1855],"tintindex":0,"rotation":0,"texture":"#0"},"up":{"uv":[5.4355,1.498,4.9395,0.6895],"tintindex":0,"rotation":0,"texture":"#0"},"down":{"uv":[5.123,5.002,4.627,5.8105],"tintindex":0,"rotation":0,"texture":"#0"}}}],"display":{"head":{"rotation":[0.0,0.0,0.0]},"firstperson_righthand":{"rotation":[0.0,0.0,0.0]},"thirdperson_lefthand":{"rotation":[0.0,-0.0,-0.0]},"firstperson_lefthand":{"rotation":[0.0,-0.0,-0.0]},"fixed":{"rotation":[0.0,0.0,0.0]},"ground":{"rotation":[0.0,0.0,0.0]},"thirdperson_righthand":{"rotation":[0.0,0.0,0.0]},"gui":{"rotation":[-150.0,-45.0,180.0]}}}