{"textures":{"0":"modelengine:entity/orc_giant","particle":"#0"},"elements":[{"from":[-8.830299,9.6222,0.62187004],"to":[-5.8302994,11.6222,3.62187],"faces":{"east":{"uv":[8.623,7.6895,8.4395,7.8105],"tintindex":0,"rotation":0,"texture":"#0"},"south":{"uv":[7.248,8.4395,7.0645,8.5605],"tintindex":0,"rotation":0,"texture":"#0"},"north":{"uv":[8.623,6.4395,8.4395,6.5605],"tintindex":0,"rotation":0,"texture":"#0"},"west":{"uv":[6.998,8.4395,6.8145,8.5605],"tintindex":0,"rotation":0,"texture":"#0"},"up":{"uv":[8.1895,2.373,8.373,2.1895],"tintindex":0,"rotation":0,"texture":"#0"},"down":{"uv":[2.752,8.1895,2.9355,8.373],"tintindex":0,"rotation":0,"texture":"#0"}},"rotation":{"origin":[5.1467,40.37731,6.87187],"angle":22.5,"axis":"z"}},{"from":[21.413239,11.8132,0.62187004],"to":[24.413239,13.8132,3.62187],"faces":{"east":{"uv":[5.8105,8.4395,5.627,8.5605],"tintindex":0,"rotation":0,"texture":"#0"},"south":{"uv":[4.373,8.4395,4.1895,8.5605],"tintindex":0,"rotation":0,"texture":"#0"},"north":{"uv":[8.623,3.4395,8.4395,3.5605],"tintindex":0,"rotation":0,"texture":"#0"},"west":{"uv":[8.623,4.127,8.4395,4.248],"tintindex":0,"rotation":0,"texture":"#0"},"up":{"uv":[1.002,8.373,1.1855,8.1895],"tintindex":0,"rotation":0,"texture":"#0"},"down":{"uv":[1.627,8.1895,1.8105,8.373],"tintindex":0,"rotation":0,"texture":"#0"}},"rotation":{"origin":[5.1467,40.37731,6.87187],"angle":-22.5,"axis":"z"}},{"from":[3.97185,4.16481,-0.37812996],"to":[11.971849,8.16481,12.62187],"faces":{"east":{"uv":[1.248,6.9395,0.4395,7.1855],"tintindex":0,"rotation":0,"texture":"#0"},"south":{"uv":[7.873,5.877,7.377,6.123],"tintindex":0,"rotation":0,"texture":"#0"},"north":{"uv":[7.873,5.5645,7.377,5.8105],"tintindex":0,"rotation":0,"texture":"#0"},"west":{"uv":[7.623,4.9395,6.8145,5.1855],"tintindex":0,"rotation":0,"texture":"#0"},"up":{"uv":[4.9395,1.498,5.4355,0.6895],"tintindex":0,"rotation":0,"texture":"#0"},"down":{"uv":[4.627,5.002,5.123,5.8105],"tintindex":0,"rotation":0,"texture":"#0"}}},{"from":[6.00938,7.61034,0.64687014],"to":[10.00938,9.61034,2.62187],"faces":{"east":{"uv":[3.123,8.5645,3.002,8.6855],"tintindex":0,"rotation":0,"texture":"#0"},"south":{"uv":[8.4355,3.6895,8.1895,3.8105],"tintindex":0,"rotation":0,"texture":"#0"},"north":{"uv":[8.4355,2.4395,8.1895,2.5605],"tintindex":0,"rotation":0,"texture":"#0"},"west":{"uv":[8.6855,1.9395,8.5645,2.0605],"tintindex":0,"rotation":0,"texture":"#0"},"up":{"uv":[8.1895,5.248,8.4355,5.127],"tintindex":0,"rotation":0,"texture":"#0"},"down":{"uv":[8.1895,5.3145,8.4355,5.4355],"tintindex":0,"rotation":0,"texture":"#0"}}}],"display":{"head":{"rotation":[0.0,0.0,0.0]},"firstperson_righthand":{"rotation":[0.0,0.0,0.0]},"thirdperson_lefthand":{"rotation":[0.0,-0.0,-0.0]},"firstperson_lefthand":{"rotation":[0.0,-0.0,-0.0]},"fixed":{"rotation":[0.0,0.0,0.0]},"ground":{"rotation":[0.0,0.0,0.0]},"thirdperson_righthand":{"rotation":[0.0,0.0,0.0]},"gui":{"rotation":[-150.0,-45.0,180.0]}}}