{"textures":{"0":"modelengine:entity/orc_giant","particle":"#0"},"elements":[{"from":[4.99196,-4.893511,2.0839],"to":[10.991961,-1.8935108,4.0839],"faces":{"east":{"uv":[8.373,8.377,8.252,8.5605],"tintindex":0,"rotation":0,"texture":"#0"},"south":{"uv":[2.748,7.877,2.377,8.0605],"tintindex":0,"rotation":0,"texture":"#0"},"north":{"uv":[1.623,7.877,1.252,8.0605],"tintindex":0,"rotation":0,"texture":"#0"},"west":{"uv":[8.1855,8.377,8.0645,8.5605],"tintindex":0,"rotation":0,"texture":"#0"},"up":{"uv":[7.9395,6.1855,8.3105,6.0645],"tintindex":0,"rotation":0,"texture":"#0"},"down":{"uv":[7.4395,7.9395,7.8105,8.0605],"tintindex":0,"rotation":0,"texture":"#0"}}},{"from":[9.991961,-0.10516071,7.8516703],"to":[11.991961,1.8948393,10.851669],"faces":{"east":{"uv":[8.623,2.127,8.4395,2.248],"tintindex":0,"rotation":0,"texture":"#0"},"south":{"uv":[8.6855,1.4395,8.5645,1.5605],"tintindex":0,"rotation":0,"texture":"#0"},"north":{"uv":[1.498,8.5645,1.377,8.6855],"tintindex":0,"rotation":0,"texture":"#0"},"west":{"uv":[8.623,1.252,8.4395,1.373],"tintindex":0,"rotation":0,"texture":"#0"},"up":{"uv":[2.627,8.623,2.748,8.4395],"tintindex":0,"rotation":0,"texture":"#0"},"down":{"uv":[2.8145,8.4395,2.9355,8.623],"tintindex":0,"rotation":0,"texture":"#0"}},"rotation":{"origin":[5.16681,26.31899,6.3339],"angle":22.5,"axis":"x"}},{"from":[2.99196,5.106489,2.0839],"to":[5.99196,7.106489,7.0839],"faces":{"east":{"uv":[2.6855,8.127,2.377,8.248],"tintindex":0,"rotation":0,"texture":"#0"},"south":{"uv":[8.5605,6.0645,8.377,6.1855],"tintindex":0,"rotation":0,"texture":"#0"},"north":{"uv":[8.5605,4.502,8.377,4.623],"tintindex":0,"rotation":0,"texture":"#0"},"west":{"uv":[1.5605,8.127,1.252,8.248],"tintindex":0,"rotation":0,"texture":"#0"},"up":{"uv":[6.252,1.9355,6.4355,1.627],"tintindex":0,"rotation":0,"texture":"#0"},"down":{"uv":[4.377,7.877,4.5605,8.1855],"tintindex":0,"rotation":0,"texture":"#0"}}},{"from":[3.49196,3.6468496,-9.242029],"to":[6.49196,6.6468487,-6.242029],"faces":{"east":{"uv":[0.4355,8.1895,0.252,8.373],"tintindex":0,"rotation":0,"texture":"#0"},"south":{"uv":[0.1855,8.1895,0.002,8.373],"tintindex":0,"rotation":0,"texture":"#0"},"north":{"uv":[5.3105,8.127,5.127,8.3105],"tintindex":0,"rotation":0,"texture":"#0"},"west":{"uv":[7.623,8.127,7.4395,8.3105],"tintindex":0,"rotation":0,"texture":"#0"},"up":{"uv":[0.502,8.373,0.6855,8.1895],"tintindex":0,"rotation":0,"texture":"#0"},"down":{"uv":[0.752,8.1895,0.9355,8.373],"tintindex":0,"rotation":0,"texture":"#0"}},"rotation":{"origin":[5.16681,26.31899,6.3339],"angle":-22.5,"axis":"x"}},{"from":[9.491961,3.6468496,-9.242029],"to":[12.491961,6.6468487,-6.242029],"faces":{"east":{"uv":[0.4355,8.1895,0.252,8.373],"tintindex":0,"rotation":0,"texture":"#0"},"south":{"uv":[0.1855,8.1895,0.002,8.373],"tintindex":0,"rotation":0,"texture":"#0"},"north":{"uv":[5.3105,8.127,5.127,8.3105],"tintindex":0,"rotation":0,"texture":"#0"},"west":{"uv":[7.623,8.127,7.4395,8.3105],"tintindex":0,"rotation":0,"texture":"#0"},"up":{"uv":[0.502,8.373,0.6855,8.1895],"tintindex":0,"rotation":0,"texture":"#0"},"down":{"uv":[0.752,8.1895,0.9355,8.373],"tintindex":0,"rotation":0,"texture":"#0"}},"rotation":{"origin":[5.16681,26.31899,6.3339],"angle":-22.5,"axis":"x"}},{"from":[2.99196,-1.8935108,2.0839],"to":[12.991961,5.106489,7.0839],"faces":{"east":{"uv":[4.5605,7.377,4.252,7.8105],"tintindex":0,"rotation":0,"texture":"#0"},"south":{"uv":[6.748,5.002,6.127,5.4355],"tintindex":0,"rotation":0,"texture":"#0"},"north":{"uv":[5.5605,6.127,4.9395,6.5605],"tintindex":0,"rotation":0,"texture":"#0"},"west":{"uv":[1.9355,7.377,1.627,7.8105],"tintindex":0,"rotation":0,"texture":"#0"},"up":{"uv":[2.002,7.498,2.623,7.1895],"tintindex":0,"rotation":0,"texture":"#0"},"down":{"uv":[7.1895,3.9395,7.8105,4.248],"tintindex":0,"rotation":0,"texture":"#0"}}},{"from":[3.49196,-0.8935108,6.5839],"to":[12.491961,2.1064892,12.5839],"faces":{"east":{"uv":[8.1855,7.252,7.8145,7.4355],"tintindex":0,"rotation":0,"texture":"#0"},"south":{"uv":[7.873,1.002,7.3145,1.1855],"tintindex":0,"rotation":0,"texture":"#0"},"north":{"uv":[5.498,1.5645,4.9395,1.748],"tintindex":0,"rotation":0,"texture":"#0"},"west":{"uv":[6.373,4.127,6.002,4.3105],"tintindex":0,"rotation":0,"texture":"#0"},"up":{"uv":[2.127,7.123,2.6855,6.752],"tintindex":0,"rotation":0,"texture":"#0"},"down":{"uv":[2.752,6.8145,3.3105,7.1855],"tintindex":0,"rotation":0,"texture":"#0"}}},{"from":[3.99196,-0.10516071,7.8516703],"to":[5.99196,1.8948393,10.851669],"faces":{"east":{"uv":[8.623,2.127,8.4395,2.248],"tintindex":0,"rotation":0,"texture":"#0"},"south":{"uv":[8.6855,1.4395,8.5645,1.5605],"tintindex":0,"rotation":0,"texture":"#0"},"north":{"uv":[1.498,8.5645,1.377,8.6855],"tintindex":0,"rotation":0,"texture":"#0"},"west":{"uv":[8.623,1.252,8.4395,1.373],"tintindex":0,"rotation":0,"texture":"#0"},"up":{"uv":[2.627,8.623,2.748,8.4395],"tintindex":0,"rotation":0,"texture":"#0"},"down":{"uv":[2.8145,8.4395,2.9355,8.623],"tintindex":0,"rotation":0,"texture":"#0"}},"rotation":{"origin":[5.16681,26.31899,6.3339],"angle":22.5,"axis":"x"}},{"from":[3.99196,-5.893511,3.0839],"to":[11.991961,8.106489,12.0839],"faces":{"east":{"uv":[1.3105,3.8145,0.752,4.6855],"tintindex":0,"rotation":0,"texture":"#0"},"south":{"uv":[1.748,4.877,1.252,5.748],"tintindex":0,"rotation":0,"texture":"#0"},"north":{"uv":[0.498,4.8145,0.002,5.6855],"tintindex":0,"rotation":0,"texture":"#0"},"west":{"uv":[4.3105,0.9395,3.752,1.8105],"tintindex":0,"rotation":0,"texture":"#0"},"up":{"uv":[6.127,1.1855,6.623,0.627],"tintindex":0,"rotation":0,"texture":"#0"},"down":{"uv":[2.3145,6.127,2.8105,6.6855],"tintindex":0,"rotation":0,"texture":"#0"}}},{"from":[9.991961,5.106489,2.0839],"to":[12.991961,7.106489,7.0839],"faces":{"east":{"uv":[8.4355,3.002,8.127,3.123],"tintindex":0,"rotation":0,"texture":"#0"},"south":{"uv":[0.4355,8.4395,0.252,8.5605],"tintindex":0,"rotation":0,"texture":"#0"},"north":{"uv":[0.1855,8.4395,0.002,8.5605],"tintindex":0,"rotation":0,"texture":"#0"},"west":{"uv":[8.4355,2.8145,8.127,2.9355],"tintindex":0,"rotation":0,"texture":"#0"},"up":{"uv":[2.002,8.248,2.1855,7.9395],"tintindex":0,"rotation":0,"texture":"#0"},"down":{"uv":[7.9395,2.252,8.123,2.5605],"tintindex":0,"rotation":0,"texture":"#0"}}}],"display":{"head":{"rotation":[0.0,0.0,0.0]},"firstperson_righthand":{"rotation":[0.0,0.0,0.0]},"thirdperson_lefthand":{"rotation":[0.0,-0.0,-0.0]},"firstperson_lefthand":{"rotation":[0.0,-0.0,-0.0]},"fixed":{"rotation":[0.0,0.0,0.0]},"ground":{"rotation":[0.0,0.0,0.0]},"thirdperson_righthand":{"rotation":[0.0,0.0,0.0]},"gui":{"rotation":[-150.0,-45.0,180.0]}}}