{"textures":{"0":"modelengine:entity/phobos2","particle":"#0"},"elements":[{"from":[6.6000004,17.646265,2.3822227],"to":[9.4,21.566263,13.582222],"faces":{"east":{"uv":[8.625,1.625,7.9375,1.875],"tintindex":0,"rotation":0,"texture":"#0"},"south":{"uv":[8.625,1.375,8.4375,1.625],"tintindex":0,"rotation":0,"texture":"#0"},"north":{"uv":[5.375,6.1875,5.1875,6.4375],"tintindex":0,"rotation":0,"texture":"#0"},"west":{"uv":[8.5625,2.9375,7.875,3.1875],"tintindex":0,"rotation":0,"texture":"#0"},"up":{"uv":[1.9375,9.0625,2.125,8.375],"tintindex":0,"rotation":0,"texture":"#0"},"down":{"uv":[3.5625,8.625,3.75,9.3125],"tintindex":0,"rotation":0,"texture":"#0"}}},{"from":[6.700001,14.977522,10.853076],"to":[9.3,18.05752,22.053076],"faces":{"east":{"uv":[9.1875,5.5625,8.5,5.75],"tintindex":0,"rotation":0,"texture":"#0"},"south":{"uv":[9.78125,2.8125,9.625,3.0],"tintindex":0,"rotation":0,"texture":"#0"},"north":{"uv":[1.71875,9.625,1.5625,9.8125],"tintindex":0,"rotation":0,"texture":"#0"},"west":{"uv":[9.1875,4.25,8.5,4.4375],"tintindex":0,"rotation":0,"texture":"#0"},"up":{"uv":[9.0,2.5625,9.15625,1.875],"tintindex":0,"rotation":0,"texture":"#0"},"down":{"uv":[7.25,9.0,7.40625,9.6875],"tintindex":0,"rotation":0,"texture":"#0"}},"rotation":{"origin":[8.0,16.517523,16.453075],"angle":45.0,"axis":"x"}},{"from":[6.700001,14.977522,-6.0886316],"to":[9.3,18.05752,5.111369],"faces":{"east":{"uv":[6.0625,0.375,5.375,0.5625],"tintindex":0,"rotation":0,"texture":"#0"},"south":{"uv":[1.53125,9.625,1.375,9.8125],"tintindex":0,"rotation":0,"texture":"#0"},"north":{"uv":[9.71875,9.4375,9.5625,9.625],"tintindex":0,"rotation":0,"texture":"#0"},"west":{"uv":[5.5,3.875,4.8125,4.0625],"tintindex":0,"rotation":0,"texture":"#0"},"up":{"uv":[5.25,9.4375,5.40625,8.75],"tintindex":0,"rotation":0,"texture":"#0"},"down":{"uv":[9.0,1.1875,9.15625,1.875],"tintindex":0,"rotation":0,"texture":"#0"}},"rotation":{"origin":[8.0,16.517523,-0.48863125],"angle":-45.0,"axis":"x"}},{"from":[7.0,-3.293332,-2.7177773],"to":[9.0,19.106668,19.282223],"faces":{"east":{"uv":[0.0,0.0,1.375,1.40625],"tintindex":0,"rotation":0,"texture":"#0"},"south":{"uv":[1.375,7.8125,1.25,9.21875],"tintindex":0,"rotation":0,"texture":"#0"},"north":{"uv":[1.9375,7.75,1.8125,9.15625],"tintindex":0,"rotation":0,"texture":"#0"},"west":{"uv":[1.375,0.0,0.0,1.40625],"tintindex":0,"rotation":0,"texture":"#0"},"up":{"uv":[3.0625,9.1875,3.1875,7.8125],"tintindex":0,"rotation":0,"texture":"#0"},"down":{"uv":[5.125,7.8125,5.25,9.1875],"tintindex":0,"rotation":0,"texture":"#0"}}},{"from":[6.700001,-1.9641857,10.853076],"to":[9.3,1.1158142,22.053076],"faces":{"east":{"uv":[9.25,2.9375,8.5625,3.125],"tintindex":0,"rotation":0,"texture":"#0"},"south":{"uv":[9.78125,3.1875,9.625,3.375],"tintindex":0,"rotation":0,"texture":"#0"},"north":{"uv":[9.78125,3.0,9.625,3.1875],"tintindex":0,"rotation":0,"texture":"#0"},"west":{"uv":[9.1875,6.9375,8.5,7.125],"tintindex":0,"rotation":0,"texture":"#0"},"up":{"uv":[9.0,8.1875,9.15625,7.5],"tintindex":0,"rotation":0,"texture":"#0"},"down":{"uv":[8.8125,9.0,8.96875,9.6875],"tintindex":0,"rotation":0,"texture":"#0"}},"rotation":{"origin":[8.0,-0.4241867,16.453075],"angle":-45.0,"axis":"x"}},{"from":[6.6000004,2.4466686,-5.5373735],"to":[9.4,13.6466675,-2.7373734],"faces":{"east":{"uv":[3.0,8.6875,2.8125,9.375],"tintindex":0,"rotation":0,"texture":"#0"},"south":{"uv":[1.75,8.6875,1.5625,9.375],"tintindex":0,"rotation":0,"texture":"#0"},"north":{"uv":[6.9375,8.625,6.75,9.3125],"tintindex":0,"rotation":0,"texture":"#0"},"west":{"uv":[1.5625,8.6875,1.375,9.375],"tintindex":0,"rotation":0,"texture":"#0"},"up":{"uv":[8.0625,2.5,8.25,2.3125],"tintindex":0,"rotation":0,"texture":"#0"},"down":{"uv":[5.8125,8.1875,6.0,8.375],"tintindex":0,"rotation":0,"texture":"#0"}}},{"from":[6.6000004,-5.472928,2.3822227],"to":[9.4,-2.1129284,13.582222],"faces":{"east":{"uv":[9.0,2.3125,8.3125,2.53125],"tintindex":0,"rotation":0,"texture":"#0"},"south":{"uv":[4.3125,9.5625,4.125,9.78125],"tintindex":0,"rotation":0,"texture":"#0"},"north":{"uv":[4.125,9.5625,3.9375,9.78125],"tintindex":0,"rotation":0,"texture":"#0"},"west":{"uv":[8.9375,5.75,8.25,5.96875],"tintindex":0,"rotation":0,"texture":"#0"},"up":{"uv":[5.625,9.3125,5.8125,8.625],"tintindex":0,"rotation":0,"texture":"#0"},"down":{"uv":[6.5625,8.625,6.75,9.3125],"tintindex":0,"rotation":0,"texture":"#0"}}},{"from":[6.6000004,2.4466667,18.421818],"to":[9.4,13.6466675,21.501818],"faces":{"east":{"uv":[5.625,8.625,5.4375,9.3125],"tintindex":0,"rotation":0,"texture":"#0"},"south":{"uv":[5.0,8.625,4.8125,9.3125],"tintindex":0,"rotation":0,"texture":"#0"},"north":{"uv":[3.9375,8.625,3.75,9.3125],"tintindex":0,"rotation":0,"texture":"#0"},"west":{"uv":[4.8125,8.625,4.625,9.3125],"tintindex":0,"rotation":0,"texture":"#0"},"up":{"uv":[1.5625,7.25,1.75,7.0625],"tintindex":0,"rotation":0,"texture":"#0"},"down":{"uv":[7.25,6.0625,7.4375,6.25],"tintindex":0,"rotation":0,"texture":"#0"}}},{"from":[6.700001,-1.9641857,-6.0886316],"to":[9.3,1.1158142,5.111369],"faces":{"east":{"uv":[2.8125,8.6875,2.125,8.875],"tintindex":0,"rotation":0,"texture":"#0"},"south":{"uv":[9.78125,3.5625,9.625,3.75],"tintindex":0,"rotation":0,"texture":"#0"},"north":{"uv":[9.78125,3.375,9.625,3.5625],"tintindex":0,"rotation":0,"texture":"#0"},"west":{"uv":[9.25,8.1875,8.5625,8.375],"tintindex":0,"rotation":0,"texture":"#0"},"up":{"uv":[9.0,9.6875,9.15625,9.0],"tintindex":0,"rotation":0,"texture":"#0"},"down":{"uv":[1.9375,9.0625,2.09375,9.75],"tintindex":0,"rotation":0,"texture":"#0"}},"rotation":{"origin":[8.0,-0.4241867,-0.48863125],"angle":45.0,"axis":"x"}}],"display":{"head":{"rotation":[0.0,0.0,0.0]},"firstperson_righthand":{"rotation":[0.0,0.0,0.0]},"thirdperson_lefthand":{"rotation":[0.0,-0.0,-0.0]},"firstperson_lefthand":{"rotation":[0.0,-0.0,-0.0]},"fixed":{"rotation":[0.0,0.0,0.0]},"ground":{"rotation":[0.0,0.0,0.0]},"thirdperson_righthand":{"rotation":[0.0,0.0,0.0]},"gui":{"rotation":[-150.0,-45.0,180.0]}}}