{"textures":{"0":"modelengine:entity/phobos2","particle":"#0"},"elements":[{"from":[-0.39000034,18.797752,1.7176185],"to":[16.39,24.002247,14.282381],"faces":{"east":{"uv":[6.8125,1.9375,7.59375,2.25],"tintindex":0,"rotation":0,"texture":"#0"},"south":{"uv":[5.1875,3.125,6.25,3.4375],"tintindex":0,"rotation":0,"texture":"#0"},"north":{"uv":[5.0,0.9375,6.0625,1.25],"tintindex":0,"rotation":0,"texture":"#0"},"west":{"uv":[6.0625,6.9375,6.84375,7.25],"tintindex":0,"rotation":0,"texture":"#0"},"up":{"uv":[1.0625,3.28125,0.0,2.5],"tintindex":0,"rotation":0,"texture":"#0"},"down":{"uv":[2.125,2.5,1.0625,3.28125],"tintindex":0,"rotation":0,"texture":"#0"}},"rotation":{"origin":[8.0,21.400002,8.0],"angle":22.5,"axis":"x"}},{"from":[14.605,8.56691,0.7324214],"to":[16.295,12.501789,4.6673026],"faces":{"east":{"uv":[5.1875,9.4375,5.4375,9.6875],"tintindex":0,"rotation":0,"texture":"#0"},"south":{"uv":[9.6875,0.75,9.78125,1.0],"tintindex":0,"rotation":0,"texture":"#0"},"north":{"uv":[9.6875,0.25,9.78125,0.5],"tintindex":0,"rotation":0,"texture":"#0"},"west":{"uv":[9.5,1.1875,9.75,1.4375],"tintindex":0,"rotation":0,"texture":"#0"},"up":{"uv":[0.96875,9.9375,0.875,9.6875],"tintindex":0,"rotation":0,"texture":"#0"},"down":{"uv":[1.09375,9.6875,1.0,9.9375],"tintindex":0,"rotation":0,"texture":"#0"}}},{"from":[1.1999998,7.799999,1.1999998],"to":[14.8,21.400002,14.8],"faces":{"east":{"uv":[3.1875,0.875,4.03125,1.71875],"tintindex":0,"rotation":0,"texture":"#0"},"south":{"uv":[3.1875,1.75,4.03125,2.59375],"tintindex":0,"rotation":0,"texture":"#0"},"north":{"uv":[2.75,0.0,3.59375,0.84375],"tintindex":0,"rotation":0,"texture":"#0"},"west":{"uv":[3.1875,2.625,4.03125,3.46875],"tintindex":0,"rotation":0,"texture":"#0"},"up":{"uv":[0.84375,4.15625,0.0,3.3125],"tintindex":0,"rotation":0,"texture":"#0"},"down":{"uv":[1.71875,3.3125,0.875,4.15625],"tintindex":0,"rotation":0,"texture":"#0"}}},{"from":[14.805,9.479275,2.464653],"to":[16.095001,16.68377,8.029415],"faces":{"east":{"uv":[7.5,8.3125,7.84375,8.75],"tintindex":0,"rotation":0,"texture":"#0"},"south":{"uv":[3.25,9.5625,3.34375,10.0],"tintindex":0,"rotation":0,"texture":"#0"},"north":{"uv":[2.9375,8.25,3.03125,8.6875],"tintindex":0,"rotation":0,"texture":"#0"},"west":{"uv":[5.8125,8.375,6.15625,8.8125],"tintindex":0,"rotation":0,"texture":"#0"},"up":{"uv":[7.78125,4.84375,7.6875,4.5],"tintindex":0,"rotation":0,"texture":"#0"},"down":{"uv":[6.46875,9.5625,6.375,9.90625],"tintindex":0,"rotation":0,"texture":"#0"}},"rotation":{"origin":[15.45,13.08152,5.247034],"angle":45.0,"axis":"x"}},{"from":[-0.39999962,6.799999,7.2],"to":[1.1999998,15.799999,14.8],"faces":{"east":{"uv":[4.1875,6.1875,4.65625,6.75],"tintindex":0,"rotation":0,"texture":"#0"},"south":{"uv":[0.0,9.5625,0.09375,10.125],"tintindex":0,"rotation":0,"texture":"#0"},"north":{"uv":[8.625,9.5,8.71875,10.0625],"tintindex":0,"rotation":0,"texture":"#0"},"west":{"uv":[4.6875,6.1875,5.15625,6.75],"tintindex":0,"rotation":0,"texture":"#0"},"up":{"uv":[3.09375,10.03125,3.0,9.5625],"tintindex":0,"rotation":0,"texture":"#0"},"down":{"uv":[3.21875,9.5625,3.125,10.03125],"tintindex":0,"rotation":0,"texture":"#0"}}},{"from":[2.1606545,13.902931,0.3000002],"to":[6.2606544,15.102932,2.0],"faces":{"east":{"uv":[4.375,5.4375,4.46875,5.5],"tintindex":0,"rotation":0,"texture":"#0"},"south":{"uv":[5.4375,3.4375,5.6875,3.5],"tintindex":0,"rotation":0,"texture":"#0"},"north":{"uv":[5.1875,3.4375,5.4375,3.5],"tintindex":0,"rotation":0,"texture":"#0"},"west":{"uv":[4.5,5.4375,4.59375,5.5],"tintindex":0,"rotation":0,"texture":"#0"},"up":{"uv":[5.4375,5.03125,5.1875,4.9375],"tintindex":0,"rotation":0,"texture":"#0"},"down":{"uv":[6.25,5.6875,6.0,5.78125],"tintindex":0,"rotation":0,"texture":"#0"}},"rotation":{"origin":[4.2106547,14.5029335,1.1500001],"angle":-22.5,"axis":"z"}},{"from":[9.739346,13.902931,0.3000002],"to":[13.839346,15.102932,2.0],"faces":{"east":{"uv":[3.9375,0.8125,4.03125,0.875],"tintindex":0,"rotation":0,"texture":"#0"},"south":{"uv":[4.8125,4.4375,5.0625,4.5],"tintindex":0,"rotation":0,"texture":"#0"},"north":{"uv":[4.5625,4.4375,4.8125,4.5],"tintindex":0,"rotation":0,"texture":"#0"},"west":{"uv":[5.0625,4.4375,5.15625,4.5],"tintindex":0,"rotation":0,"texture":"#0"},"up":{"uv":[4.75,0.65625,4.5,0.5625],"tintindex":0,"rotation":0,"texture":"#0"},"down":{"uv":[5.0,0.5625,4.75,0.65625],"tintindex":0,"rotation":0,"texture":"#0"}},"rotation":{"origin":[11.789345,14.5029335,1.1500001],"angle":22.5,"axis":"z"}},{"from":[6.4049997,20.313717,14.97695],"to":[9.595,26.878483,20.081444],"faces":{"east":{"uv":[6.5625,7.25,6.875,7.65625],"tintindex":0,"rotation":0,"texture":"#0"},"south":{"uv":[9.3125,5.5,9.5,5.90625],"tintindex":0,"rotation":0,"texture":"#0"},"north":{"uv":[5.4375,9.3125,5.625,9.71875],"tintindex":0,"rotation":0,"texture":"#0"},"west":{"uv":[7.875,8.6875,8.1875,9.09375],"tintindex":0,"rotation":0,"texture":"#0"},"up":{"uv":[9.6875,7.9375,9.5,7.625],"tintindex":0,"rotation":0,"texture":"#0"},"down":{"uv":[8.0,9.5,7.8125,9.8125],"tintindex":0,"rotation":0,"texture":"#0"}},"rotation":{"origin":[8.0,23.5961,17.529198],"angle":-22.5,"axis":"x"}},{"from":[-0.39999962,6.799999,14.8],"to":[16.4,21.400002,16.400002],"faces":{"east":{"uv":[5.0625,9.1875,5.15625,10.09375],"tintindex":0,"rotation":0,"texture":"#0"},"south":{"uv":[2.125,2.375,3.1875,3.28125],"tintindex":0,"rotation":0,"texture":"#0"},"north":{"uv":[2.125,1.4375,3.1875,2.34375],"tintindex":0,"rotation":0,"texture":"#0"},"west":{"uv":[0.625,9.25,0.71875,10.15625],"tintindex":0,"rotation":0,"texture":"#0"},"up":{"uv":[10.0,4.15625,8.9375,4.0625],"tintindex":0,"rotation":0,"texture":"#0"},"down":{"uv":[10.125,5.0625,9.0625,5.15625],"tintindex":0,"rotation":0,"texture":"#0"}}},{"from":[-0.39999962,15.799999,-0.40000057],"to":[16.4,21.400002,1.1999998],"faces":{"east":{"uv":[6.75,9.5625,6.84375,9.90625],"tintindex":0,"rotation":0,"texture":"#0"},"south":{"uv":[4.8125,3.5,5.875,3.84375],"tintindex":0,"rotation":0,"texture":"#0"},"north":{"uv":[4.5625,4.0625,5.625,4.40625],"tintindex":0,"rotation":0,"texture":"#0"},"west":{"uv":[6.875,9.5625,6.96875,9.90625],"tintindex":0,"rotation":0,"texture":"#0"},"up":{"uv":[10.25,2.40625,9.1875,2.3125],"tintindex":0,"rotation":0,"texture":"#0"},"down":{"uv":[10.25,2.4375,9.1875,2.53125],"tintindex":0,"rotation":0,"texture":"#0"}}},{"from":[6.65,11.549999,-0.6500006],"to":[9.35,16.05,1.4499998],"faces":{"east":{"uv":[9.5625,9.625,9.65625,9.875],"tintindex":0,"rotation":0,"texture":"#0"},"south":{"uv":[9.5625,6.875,9.6875,7.125],"tintindex":0,"rotation":0,"texture":"#0"},"north":{"uv":[7.5625,3.625,7.6875,3.875],"tintindex":0,"rotation":0,"texture":"#0"},"west":{"uv":[9.6875,0.0,9.78125,0.25],"tintindex":0,"rotation":0,"texture":"#0"},"up":{"uv":[9.625,1.53125,9.5,1.4375],"tintindex":0,"rotation":0,"texture":"#0"},"down":{"uv":[9.625,6.25,9.5,6.34375],"tintindex":0,"rotation":0,"texture":"#0"}}},{"from":[-0.6499996,15.549999,-0.6500006],"to":[16.65,21.650002,16.849998],"faces":{"east":{"uv":[5.0,0.5625,6.0625,0.90625],"tintindex":0,"rotation":0,"texture":"#0"},"south":{"uv":[2.5625,5.0625,3.625,5.40625],"tintindex":0,"rotation":0,"texture":"#0"},"north":{"uv":[4.875,2.0,5.9375,2.34375],"tintindex":0,"rotation":0,"texture":"#0"},"west":{"uv":[3.625,5.0625,4.6875,5.40625],"tintindex":0,"rotation":0,"texture":"#0"},"up":{"uv":[1.0625,2.5,0.0,1.4375],"tintindex":0,"rotation":0,"texture":"#0"},"down":{"uv":[2.125,1.4375,1.0625,2.5],"tintindex":0,"rotation":0,"texture":"#0"}}},{"from":[-0.6499996,6.749996,6.95],"to":[16.650002,10.849998,16.65],"faces":{"east":{"uv":[7.375,0.875,7.9375,1.09375],"tintindex":0,"rotation":0,"texture":"#0"},"south":{"uv":[7.0,2.25,8.0625,2.46875],"tintindex":0,"rotation":0,"texture":"#0"},"north":{"uv":[6.875,6.9375,7.9375,7.15625],"tintindex":0,"rotation":0,"texture":"#0"},"west":{"uv":[8.75,0.0,9.3125,0.21875],"tintindex":0,"rotation":0,"texture":"#0"},"up":{"uv":[2.8125,3.875,1.75,3.3125],"tintindex":0,"rotation":0,"texture":"#0"},