{"textures":{"0":"modelengine:entity/phobos2","particle":"#0"},"elements":[{"from":[1.3499999,3.25,2.9500003],"to":[8.65,9.149998,12.65],"faces":{"east":{"uv":[3.8125,7.375,4.375,7.71875],"tintindex":0,"rotation":0,"texture":"#0"},"south":{"uv":[8.25,4.5,8.6875,4.84375],"tintindex":0,"rotation":0,"texture":"#0"},"north":{"uv":[3.5625,8.25,4.0,8.59375],"tintindex":0,"rotation":0,"texture":"#0"},"west":{"uv":[4.375,7.375,4.9375,7.71875],"tintindex":0,"rotation":0,"texture":"#0"},"up":{"uv":[3.1875,1.4375,2.75,0.875],"tintindex":0,"rotation":0,"texture":"#0"},"down":{"uv":[7.25,5.6875,6.8125,6.25],"tintindex":0,"rotation":0,"texture":"#0"}}},{"from":[2.006,-0.90416527,5.3958373],"to":[7.7939997,3.9041634,10.204164],"faces":{"east":{"uv":[2.125,9.1875,2.4375,9.5],"tintindex":0,"rotation":0,"texture":"#0"},"south":{"uv":[8.875,3.125,9.25,3.4375],"tintindex":0,"rotation":0,"texture":"#0"},"north":{"uv":[2.125,8.875,2.5,9.1875],"tintindex":0,"rotation":0,"texture":"#0"},"west":{"uv":[9.1875,2.5625,9.5,2.875],"tintindex":0,"rotation":0,"texture":"#0"},"up":{"uv":[9.25,3.75,8.875,3.4375],"tintindex":0,"rotation":0,"texture":"#0"},"down":{"uv":[9.25,8.375,8.875,8.6875],"tintindex":0,"rotation":0,"texture":"#0"}},"rotation":{"origin":[4.9,1.5,7.8],"angle":45.0,"axis":"x"}},{"from":[1.5224175,7.9878845,2.3000002],"to":[9.822418,13.887882,13.3],"faces":{"east":{"uv":[7.0,2.5,7.65625,2.84375],"tintindex":0,"rotation":0,"texture":"#0"},"south":{"uv":[8.0,6.0625,8.5,6.40625],"tintindex":0,"rotation":0,"texture":"#0"},"north":{"uv":[7.9375,1.25,8.4375,1.59375],"tintindex":0,"rotation":0,"texture":"#0"},"west":{"uv":[0.875,7.0625,1.53125,7.40625],"tintindex":0,"rotation":0,"texture":"#0"},"up":{"uv":[1.875,5.78125,1.375,5.125],"tintindex":0,"rotation":0,"texture":"#0"},"down":{"uv":[2.375,5.25,1.875,5.90625],"tintindex":0,"rotation":0,"texture":"#0"}},"rotation":{"origin":[5.672418,10.937885,7.8],"angle":-22.5,"axis":"z"}},{"from":[1.5999999,3.5,3.7000003],"to":[8.4,9.799999,11.9],"faces":{"east":{"uv":[7.3125,4.875,7.8125,5.28125],"tintindex":0,"rotation":0,"texture":"#0"},"south":{"uv":[2.625,7.8125,3.0625,8.21875],"tintindex":0,"rotation":0,"texture":"#0"},"north":{"uv":[2.1875,7.8125,2.625,8.21875],"tintindex":0,"rotation":0,"texture":"#0"},"west":{"uv":[7.3125,7.1875,7.8125,7.59375],"tintindex":0,"rotation":0,"texture":"#0"},"up":{"uv":[1.0,5.125,0.5625,4.625],"tintindex":0,"rotation":0,"texture":"#0"},"down":{"uv":[6.6875,2.9375,6.25,3.4375],"tintindex":0,"rotation":0,"texture":"#0"}}},{"from":[1.9999995,1.5,4.3999996],"to":[7.7999997,10.899998,11.2],"faces":{"east":{"uv":[6.375,5.6875,6.8125,6.28125],"tintindex":0,"rotation":0,"texture":"#0"},"south":{"uv":[0.4375,7.1875,0.8125,7.78125],"tintindex":0,"rotation":0,"texture":"#0"},"north":{"uv":[5.625,7.0625,6.0,7.65625],"tintindex":0,"rotation":0,"texture":"#0"},"west":{"uv":[6.375,6.3125,6.8125,6.90625],"tintindex":0,"rotation":0,"texture":"#0"},"up":{"uv":[1.375,6.375,1.0,5.9375],"tintindex":0,"rotation":0,"texture":"#0"},"down":{"uv":[3.5625,8.125,3.1875,8.5625],"tintindex":0,"rotation":0,"texture":"#0"}}},{"from":[1.7724175,8.2378845,3.0500002],"to":[9.572418,13.637882,12.55],"faces":{"east":{"uv":[1.125,4.1875,1.71875,4.53125],"tintindex":0,"rotation":0,"texture":"#0"},"south":{"uv":[7.9375,0.875,8.4375,1.21875],"tintindex":0,"rotation":0,"texture":"#0"},"north":{"uv":[7.8125,4.9375,8.3125,5.28125],"tintindex":0,"rotation":0,"texture":"#0"},"west":{"uv":[7.3125,1.125,7.90625,1.46875],"tintindex":0,"rotation":0,"texture":"#0"},"up":{"uv":[1.875,6.40625,1.375,5.8125],"tintindex":0,"rotation":0,"texture":"#0"},"down":{"uv":[5.875,5.8125,5.375,6.40625],"tintindex":0,"rotation":0,"texture":"#0"}},"rotation":{"origin":[5.672418,10.937885,7.8],"angle":-22.5,"axis":"z"}}],"display":{"head":{"rotation":[0.0,0.0,0.0]},"firstperson_righthand":{"rotation":[0.0,0.0,0.0]},"thirdperson_lefthand":{"rotation":[0.0,-0.0,-0.0]},"firstperson_lefthand":{"rotation":[0.0,-0.0,-0.0]},"fixed":{"rotation":[0.0,0.0,0.0]},"ground":{"rotation":[0.0,0.0,0.0]},"thirdperson_righthand":{"rotation":[0.0,0.0,0.0]},"gui":{"rotation":[-150.0,-45.0,180.0]}}}