{"textures":{"0":"modelengine:entity/phobos2","particle":"#0"},"elements":[{"from":[5.615223,4.1068964,4.3910007],"to":[10.315222,9.006898,10.191],"faces":{"east":{"uv":[8.9375,5.75,9.3125,6.0625],"tintindex":0,"rotation":0,"texture":"#0"},"south":{"uv":[9.25,8.375,9.53125,8.6875],"tintindex":0,"rotation":0,"texture":"#0"},"north":{"uv":[9.25,8.0625,9.53125,8.375],"tintindex":0,"rotation":0,"texture":"#0"},"west":{"uv":[8.9375,6.0625,9.3125,6.375],"tintindex":0,"rotation":0,"texture":"#0"},"up":{"uv":[8.71875,9.5,8.4375,9.125],"tintindex":0,"rotation":0,"texture":"#0"},"down":{"uv":[9.46875,1.1875,9.1875,1.5625],"tintindex":0,"rotation":0,"texture":"#0"}}},{"from":[4.3152227,-4.0643063,5.1712255],"to":[11.615223,-0.3643055,9.971226],"faces":{"east":{"uv":[9.4375,4.6875,9.75,4.90625],"tintindex":0,"rotation":0,"texture":"#0"},"south":{"uv":[9.1875,2.0625,9.65625,2.28125],"tintindex":0,"rotation":0,"texture":"#0"},"north":{"uv":[9.1875,1.8125,9.65625,2.03125],"tintindex":0,"rotation":0,"texture":"#0"},"west":{"uv":[5.8125,9.4375,6.125,9.65625],"tintindex":0,"rotation":0,"texture":"#0"},"up":{"uv":[8.90625,1.0625,8.4375,0.75],"tintindex":0,"rotation":0,"texture":"#0"},"down":{"uv":[8.90625,1.0625,8.4375,1.375],"tintindex":0,"rotation":0,"texture":"#0"}},"rotation":{"origin":[7.965223,-2.2143059,7.5712256],"angle":45.0,"axis":"x"}},{"from":[5.737837,3.5795116,5.394001],"to":[10.192609,8.034284,12.188],"faces":{"east":{"uv":[5.8125,8.8125,6.25,9.09375],"tintindex":0,"rotation":0,"texture":"#0"},"south":{"uv":[9.3125,5.1875,9.59375,5.46875],"tintindex":0,"rotation":0,"texture":"#0"},"north":{"uv":[4.5625,9.3125,4.84375,9.59375],"tintindex":0,"rotation":0,"texture":"#0"},"west":{"uv":[8.8125,8.6875,9.25,8.96875],"tintindex":0,"rotation":0,"texture":"#0"},"up":{"uv":[6.53125,9.25,6.25,8.8125],"tintindex":0,"rotation":0,"texture":"#0"},"down":{"uv":[7.21875,8.8125,6.9375,9.25],"tintindex":0,"rotation":0,"texture":"#0"}},"rotation":{"origin":[7.965223,5.806898,8.791],"angle":45.0,"axis":"z"}},{"from":[4.8152227,-1.8931036,5.3910007],"to":[11.115223,5.806898,12.191],"faces":{"east":{"uv":[7.25,5.5625,7.6875,6.03125],"tintindex":0,"rotation":0,"texture":"#0"},"south":{"uv":[3.625,7.75,4.03125,8.21875],"tintindex":0,"rotation":0,"texture":"#0"},"north":{"uv":[1.375,7.75,1.78125,8.21875],"tintindex":0,"rotation":0,"texture":"#0"},"west":{"uv":[0.0,7.3125,0.4375,7.78125],"tintindex":0,"rotation":0,"texture":"#0"},"up":{"uv":[8.28125,0.875,7.875,0.4375],"tintindex":0,"rotation":0,"texture":"#0"},"down":{"uv":[8.28125,2.5,7.875,2.9375],"tintindex":0,"rotation":0,"texture":"#0"}}}],"display":{"head":{"rotation":[0.0,0.0,0.0]},"firstperson_righthand":{"rotation":[0.0,0.0,0.0]},"thirdperson_lefthand":{"rotation":[0.0,-0.0,-0.0]},"firstperson_lefthand":{"rotation":[0.0,-0.0,-0.0]},"fixed":{"rotation":[0.0,0.0,0.0]},"ground":{"rotation":[0.0,0.0,0.0]},"thirdperson_righthand":{"rotation":[0.0,0.0,0.0]},"gui":{"rotation":[-150.0,-45.0,180.0]}}}