{"textures":{"0":"modelengine:entity/phobos2","particle":"#0"},"elements":[{"from":[5.4073906,3.5795116,5.394001],"to":[9.862164,8.034284,12.188],"faces":{"east":{"uv":[8.75,0.25,9.1875,0.53125],"tintindex":0,"rotation":0,"texture":"#0"},"south":{"uv":[9.3125,3.5,9.59375,3.78125],"tintindex":0,"rotation":0,"texture":"#0"},"north":{"uv":[9.25,8.6875,9.53125,8.96875],"tintindex":0,"rotation":0,"texture":"#0"},"west":{"uv":[8.75,2.5625,9.1875,2.84375],"tintindex":0,"rotation":0,"texture":"#0"},"up":{"uv":[9.03125,5.25,8.75,4.8125],"tintindex":0,"rotation":0,"texture":"#0"},"down":{"uv":[7.78125,8.75,7.5,9.1875],"tintindex":0,"rotation":0,"texture":"#0"}},"rotation":{"origin":[7.6347766,5.806898,8.791],"angle":45.0,"axis":"z"}},{"from":[5.2847767,4.1068964,4.3910007],"to":[9.9847765,9.006898,10.191],"faces":{"east":{"uv":[3.9375,8.9375,4.3125,9.25],"tintindex":0,"rotation":0,"texture":"#0"},"south":{"uv":[6.9375,9.25,7.21875,9.5625],"tintindex":0,"rotation":0,"texture":"#0"},"north":{"uv":[6.1875,9.25,6.46875,9.5625],"tintindex":0,"rotation":0,"texture":"#0"},"west":{"uv":[8.9375,5.25,9.3125,5.5625],"tintindex":0,"rotation":0,"texture":"#0"},"up":{"uv":[8.09375,9.5,7.8125,9.125],"tintindex":0,"rotation":0,"texture":"#0"},"down":{"uv":[8.40625,9.125,8.125,9.5],"tintindex":0,"rotation":0,"texture":"#0"}}},{"from":[4.4847765,-1.8931036,5.3910007],"to":[10.784777,5.806898,12.191],"faces":{"east":{"uv":[7.25,3.875,7.6875,4.34375],"tintindex":0,"rotation":0,"texture":"#0"},"south":{"uv":[6.5625,7.6875,6.96875,8.15625],"tintindex":0,"rotation":0,"texture":"#0"},"north":{"uv":[5.5,7.6875,5.90625,8.15625],"tintindex":0,"rotation":0,"texture":"#0"},"west":{"uv":[7.25,4.375,7.6875,4.84375],"tintindex":0,"rotation":0,"texture":"#0"},"up":{"uv":[8.21875,7.625,7.8125,7.1875],"tintindex":0,"rotation":0,"texture":"#0"},"down":{"uv":[8.28125,0.0,7.875,0.4375],"tintindex":0,"rotation":0,"texture":"#0"}}},{"from":[3.9847765,-4.0643063,5.1712255],"to":[11.284777,-0.3643055,9.971226],"faces":{"east":{"uv":[4.875,2.375,5.1875,2.59375],"tintindex":0,"rotation":0,"texture":"#0"},"south":{"uv":[9.1875,1.5625,9.65625,1.78125],"tintindex":0,"rotation":0,"texture":"#0"},"north":{"uv":[9.1875,0.25,9.65625,0.46875],"tintindex":0,"rotation":0,"texture":"#0"},"west":{"uv":[9.375,6.375,9.6875,6.59375],"tintindex":0,"rotation":0,"texture":"#0"},"up":{"uv":[8.34375,8.6875,7.875,8.375],"tintindex":0,"rotation":0,"texture":"#0"},"down":{"uv":[8.84375,8.375,8.375,8.6875],"tintindex":0,"rotation":0,"texture":"#0"}},"rotation":{"origin":[7.6347766,-2.2143059,7.5712256],"angle":45.0,"axis":"x"}}],"display":{"head":{"rotation":[0.0,0.0,0.0]},"firstperson_righthand":{"rotation":[0.0,0.0,0.0]},"thirdperson_lefthand":{"rotation":[0.0,-0.0,-0.0]},"firstperson_lefthand":{"rotation":[0.0,-0.0,-0.0]},"fixed":{"rotation":[0.0,0.0,0.0]},"ground":{"rotation":[0.0,0.0,0.0]},"thirdperson_righthand":{"rotation":[0.0,0.0,0.0]},"gui":{"rotation":[-150.0,-45.0,180.0]}}}