{"textures":{"0":"modelengine:entity/phobos2","particle":"#0"},"elements":[{"from":[7.35,3.25,2.9500003],"to":[14.65,9.149998,12.65],"faces":{"east":{"uv":[0.8125,7.4375,1.375,7.78125],"tintindex":0,"rotation":0,"texture":"#0"},"south":{"uv":[8.3125,0.375,8.75,0.71875],"tintindex":0,"rotation":0,"texture":"#0"},"north":{"uv":[8.3125,0.0,8.75,0.34375],"tintindex":0,"rotation":0,"texture":"#0"},"west":{"uv":[2.1875,7.4375,2.75,7.78125],"tintindex":0,"rotation":0,"texture":"#0"},"up":{"uv":[7.375,0.5625,6.9375,0.0],"tintindex":0,"rotation":0,"texture":"#0"},"down":{"uv":[7.375,0.5625,6.9375,1.125],"tintindex":0,"rotation":0,"texture":"#0"}}},{"from":[7.6,3.5,3.7000003],"to":[14.4,9.799999,11.9],"faces":{"east":{"uv":[7.375,0.0,7.875,0.40625],"tintindex":0,"rotation":0,"texture":"#0"},"south":{"uv":[4.6875,7.8125,5.125,8.21875],"tintindex":0,"rotation":0,"texture":"#0"},"north":{"uv":[7.8125,4.5,8.25,4.90625],"tintindex":0,"rotation":0,"texture":"#0"},"west":{"uv":[7.375,0.4375,7.875,0.84375],"tintindex":0,"rotation":0,"texture":"#0"},"up":{"uv":[7.3125,7.6875,6.875,7.1875],"tintindex":0,"rotation":0,"texture":"#0"},"down":{"uv":[2.0,7.25,1.5625,7.75],"tintindex":0,"rotation":0,"texture":"#0"}}},{"from":[8.206,-0.90416527,5.3958373],"to":[13.9939995,3.9041634,10.204164],"faces":{"east":{"uv":[7.4375,9.1875,7.75,9.5],"tintindex":0,"rotation":0,"texture":"#0"},"south":{"uv":[8.9375,0.875,9.3125,1.1875],"tintindex":0,"rotation":0,"texture":"#0"},"north":{"uv":[8.9375,0.5625,9.3125,0.875],"tintindex":0,"rotation":0,"texture":"#0"},"west":{"uv":[9.1875,7.4375,9.5,7.75],"tintindex":0,"rotation":0,"texture":"#0"},"up":{"uv":[3.5625,9.25,3.1875,8.9375],"tintindex":0,"rotation":0,"texture":"#0"},"down":{"uv":[9.3125,3.75,8.9375,4.0625],"tintindex":0,"rotation":0,"texture":"#0"}},"rotation":{"origin":[11.1,1.5,7.8],"angle":45.0,"axis":"x"}},{"from":[6.1775823,7.9878845,2.3000002],"to":[14.477583,13.887882,13.3],"faces":{"east":{"uv":[4.9375,7.0625,5.59375,7.40625],"tintindex":0,"rotation":0,"texture":"#0"},"south":{"uv":[8.0625,8.0,8.5625,8.34375],"tintindex":0,"rotation":0,"texture":"#0"},"north":{"uv":[8.0625,7.625,8.5625,7.96875],"tintindex":0,"rotation":0,"texture":"#0"},"west":{"uv":[7.1875,2.875,7.84375,3.21875],"tintindex":0,"rotation":0,"texture":"#0"},"up":{"uv":[4.375,6.09375,3.875,5.4375],"tintindex":0,"rotation":0,"texture":"#0"},"down":{"uv":[6.0,1.25,5.5,1.90625],"tintindex":0,"rotation":0,"texture":"#0"}},"rotation":{"origin":[10.327581,10.937885,7.8],"angle":22.5,"axis":"z"}},{"from":[6.4275823,8.2378845,3.0500002],"to":[14.227583,13.637882,12.55],"faces":{"east":{"uv":[7.3125,1.5,7.90625,1.84375],"tintindex":0,"rotation":0,"texture":"#0"},"south":{"uv":[8.0,6.8125,8.5,7.15625],"tintindex":0,"rotation":0,"texture":"#0"},"north":{"uv":[8.0,6.4375,8.5,6.78125],"tintindex":0,"rotation":0,"texture":"#0"},"west":{"uv":[3.1875,7.3125,3.78125,7.65625],"tintindex":0,"rotation":0,"texture":"#0"},"up":{"uv":[6.375,6.40625,5.875,5.8125],"tintindex":0,"rotation":0,"texture":"#0"},"down":{"uv":[1.0,5.9375,0.5,6.53125],"tintindex":0,"rotation":0,"texture":"#0"}},"rotation":{"origin":[10.327581,10.937885,7.8],"angle":22.5,"axis":"z"}},{"from":[8.200001,1.5,4.3999996],"to":[14.0,10.899998,11.2],"faces":{"east":{"uv":[1.0,6.4375,1.4375,7.03125],"tintindex":0,"rotation":0,"texture":"#0"},"south":{"uv":[7.1875,6.25,7.5625,6.84375],"tintindex":0,"rotation":0,"texture":"#0"},"north":{"uv":[7.1875,3.25,7.5625,3.84375],"tintindex":0,"rotation":0,"texture":"#0"},"west":{"uv":[1.4375,6.4375,1.875,7.03125],"tintindex":0,"rotation":0,"texture":"#0"},"up":{"uv":[8.5625,2.3125,8.1875,1.875],"tintindex":0,"rotation":0,"texture":"#0"},"down":{"uv":[5.8125,8.1875,5.4375,8.625],"tintindex":0,"rotation":0,"texture":"#0"}}}],"display":{"head":{"rotation":[0.0,0.0,0.0]},"firstperson_righthand":{"rotation":[0.0,0.0,0.0]},"thirdperson_lefthand":{"rotation":[0.0,-0.0,-0.0]},"firstperson_lefthand":{"rotation":[0.0,-0.0,-0.0]},"fixed":{"rotation":[0.0,0.0,0.0]},"ground":{"rotation":[0.0,0.0,0.0]},"thirdperson_righthand":{"rotation":[0.0,0.0,0.0]},"gui":{"rotation":[-150.0,-45.0,180.0]}}}