{"textures":{"0":"modelengine:entity/god_of_death","particle":"#0"},"elements":[{"from":[12.742687,17.998821,8.0],"to":[20.135288,21.695126,8.0],"faces":{"south":{"uv":[11.625,10.125,10.875,10.5],"tintindex":0,"rotation":0,"texture":"#0"},"north":{"uv":[10.875,10.125,11.625,10.5],"tintindex":0,"rotation":0,"texture":"#0"}},"rotation":{"origin":[-19.291912,26.007473,4.3037],"angle":-22.5,"axis":"z"}},{"from":[12.742687,14.302525,8.0],"to":[20.135288,17.998821,8.0],"faces":{"south":{"uv":[11.375,1.625,10.625,1.25],"tintindex":0,"rotation":0,"texture":"#0"},"north":{"uv":[10.625,1.625,11.375,1.25],"tintindex":0,"rotation":0,"texture":"#0"}},"rotation":{"origin":[-19.291912,26.007473,4.3037],"angle":-22.5,"axis":"z"}},{"from":[12.742687,21.695126,8.0],"to":[20.135288,25.391422,8.0],"faces":{"south":{"uv":[11.375,1.25,10.625,1.625],"tintindex":0,"rotation":0,"texture":"#0"},"north":{"uv":[10.625,1.25,11.375,1.625],"tintindex":0,"rotation":0,"texture":"#0"}},"rotation":{"origin":[-19.291912,26.007473,4.3037],"angle":-22.5,"axis":"z"}}],"display":{"head":{"rotation":[0.0,0.0,0.0]},"firstperson_righthand":{"rotation":[0.0,0.0,0.0]},"thirdperson_lefthand":{"rotation":[0.0,-0.0,-0.0]},"firstperson_lefthand":{"rotation":[0.0,-0.0,-0.0]},"fixed":{"rotation":[0.0,0.0,0.0]},"ground":{"rotation":[0.0,0.0,0.0]},"thirdperson_righthand":{"rotation":[0.0,0.0,0.0]},"gui":{"rotation":[-150.0,-45.0,180.0]}}}