{"textures":{"0":"modelengine:entity/deimos","particle":"#0"},"elements":[{"from":[6.75,1.3844433,16.342222],"to":[9.25,14.584442,19.422222],"faces":{"east":{"uv":[8.125,7.875,8.9375,7.6875],"tintindex":0,"rotation":270,"texture":"#0"},"south":{"uv":[4.0625,8.75,4.21875,9.5625],"tintindex":0,"rotation":0,"texture":"#0"},"north":{"uv":[3.875,9.5625,4.03125,8.75],"tintindex":0,"rotation":180,"texture":"#0"},"west":{"uv":[6.5625,3.8125,7.375,3.625],"tintindex":0,"rotation":90,"texture":"#0"},"up":{"uv":[9.84375,5.6875,9.6875,5.875],"tintindex":0,"rotation":0,"texture":"#0"},"down":{"uv":[9.84375,5.5,9.6875,5.6875],"tintindex":0,"rotation":180,"texture":"#0"}}},{"from":[6.700001,-6.186409,-2.0108538],"to":[9.3,5.01359,1.0691462],"faces":{"east":{"uv":[8.625,8.625,9.3125,8.4375],"tintindex":0,"rotation":270,"texture":"#0"},"south":{"uv":[2.875,9.0,3.03125,9.6875],"tintindex":0,"rotation":0,"texture":"#0"},"north":{"uv":[2.6875,9.6875,2.84375,9.0],"tintindex":0,"rotation":180,"texture":"#0"},"west":{"uv":[8.5625,8.4375,9.25,8.25],"tintindex":0,"rotation":90,"texture":"#0"},"up":{"uv":[9.84375,4.1875,9.6875,4.375],"tintindex":0,"rotation":0,"texture":"#0"},"down":{"uv":[3.28125,9.6875,3.125,9.875],"tintindex":0,"rotation":180,"texture":"#0"}},"rotation":{"origin":[8.0,-0.5864086,-0.4708538],"angle":-45.0,"axis":"x"}},{"from":[7.55,-3.165556,-3.1999998],"to":[8.45,19.134445,19.2],"faces":{"east":{"uv":[0.0,2.84375,1.40625,1.4375],"tintindex":0,"rotation":270,"texture":"#0"},"south":{"uv":[0.875,8.9375,0.9375,10.34375],"tintindex":0,"rotation":0,"texture":"#0"},"north":{"uv":[3.8125,10.28125,3.875,8.875],"tintindex":0,"rotation":180,"texture":"#0"},"west":{"uv":[0.0,1.40625,1.40625,0.0],"tintindex":0,"rotation":90,"texture":"#0"},"up":{"uv":[2.3125,8.8125,2.25,10.21875],"tintindex":0,"rotation":0,"texture":"#0"},"down":{"uv":[1.0625,4.9375,1.0,6.34375],"tintindex":0,"rotation":180,"texture":"#0"}}},{"from":[6.700001,10.955297,-2.0108538],"to":[9.3,22.155296,1.0691457],"faces":{"east":{"uv":[8.5625,4.625,9.25,4.4375],"tintindex":0,"rotation":270,"texture":"#0"},"south":{"uv":[9.0,0.0,9.15625,0.6875],"tintindex":0,"rotation":0,"texture":"#0"},"north":{"uv":[1.75,9.5625,1.90625,8.875],"tintindex":0,"rotation":180,"texture":"#0"},"west":{"uv":[8.5625,2.0625,9.25,1.875],"tintindex":0,"rotation":90,"texture":"#0"},"up":{"uv":[3.09375,9.6875,2.9375,9.875],"tintindex":0,"rotation":0,"texture":"#0"},"down":{"uv":[9.78125,8.4375,9.625,8.625],"tintindex":0,"rotation":180,"texture":"#0"}},"rotation":{"origin":[8.0,16.555298,-0.4708538],"angle":45.0,"axis":"x"}},{"from":[6.700001,-6.186409,14.930853],"to":[9.3,5.01359,18.010853],"faces":{"east":{"uv":[4.3125,8.875,5.0,8.6875],"tintindex":0,"rotation":270,"texture":"#0"},"south":{"uv":[3.25,9.0,3.40625,9.6875],"tintindex":0,"rotation":0,"texture":"#0"},"north":{"uv":[3.0625,9.6875,3.21875,9.0],"tintindex":0,"rotation":180,"texture":"#0"},"west":{"uv":[8.6875,2.9375,9.375,2.75],"tintindex":0,"rotation":90,"texture":"#0"},"up":{"uv":[9.84375,6.0625,9.6875,6.25],"tintindex":0,"rotation":0,"texture":"#0"},"down":{"uv":[9.84375,5.875,9.6875,6.0625],"tintindex":0,"rotation":180,"texture":"#0"}},"rotation":{"origin":[8.0,-0.5864086,16.470854],"angle":45.0,"axis":"x"}},{"from":[6.6000004,18.804039,2.3999996],"to":[9.4,21.604038,13.6],"faces":{"east":{"uv":[5.9375,9.375,6.125,8.6875],"tintindex":0,"rotation":270,"texture":"#0"},"south":{"uv":[5.375,5.0,5.5625,5.1875],"tintindex":0,"rotation":0,"texture":"#0"},"north":{"uv":[5.1875,4.5,5.375,4.3125],"tintindex":0,"rotation":180,"texture":"#0"},"west":{"uv":[5.1875,9.375,5.375,8.6875],"tintindex":0,"rotation":90,"texture":"#0"},"up":{"uv":[5.5625,8.6875,5.375,9.375],"tintindex":0,"rotation":0,"texture":"#0"},"down":{"uv":[5.1875,8.6875,5.0,9.375],"tintindex":0,"rotation":180,"texture":"#0"}}},{"from":[6.75,1.3844433,-3.4222221],"to":[9.25,14.584442,-0.3422222],"faces":{"east":{"uv":[5.5625,2.3125,6.375,2.125],"tintindex":0,"rotation":270,"texture":"#0"},"south":{"uv":[1.1875,8.75,1.34375,9.5625],"tintindex":0,"rotation":0,"texture":"#0"},"north":{"uv":[1.0,9.5625,1.15625,8.75],"tintindex":0,"rotation":180,"texture":"#0"},"west":{"uv":[0.0,3.9375,0.8125,3.75],"tintindex":0,"rotation":90,"texture":"#0"},"up":{"uv":[5.65625,9.6875,5.5,9.875],"tintindex":0,"rotation":0,"texture":"#0"},"down":{"uv":[9.84375,5.3125,9.6875,5.5],"tintindex":0,"rotation":180,"texture":"#0"}}},{"from":[6.6000004,-5.635152,2.4],"to":[9.4,-2.555151,13.6],"faces":{"east":{"uv":[8.6875,2.75,8.875,2.0625],"tintindex":0,"rotation":270,"texture":"#0"},"south":{"uv":[5.125,2.8125,5.3125,3.0],"tintindex":0,"rotation":0,"texture":"#0"},"north":{"uv":[4.0625,5.25,4.25,5.0625],"tintindex":0,"rotation":180,"texture":"#0"},"west":{"uv":[2.5,9.3125,2.6875,8.625],"tintindex":0,"rotation":90,"texture":"#0"},"up":{"uv":[8.8125,8.625,8.625,9.3125],"tintindex":0,"rotation":0,"texture":"#0"},"down":{"uv":[2.5,8.625,2.3125,9.3125],"tintindex":0,"rotation":180,"texture":"#0"}}},{"from":[6.700001,10.955297,14.930853],"to":[9.3,22.155296,18.010853],"faces":{"east":{"uv":[8.75,5.0,9.4375,4.8125],"tintindex":0,"rotation":270,"texture":"#0"},"south":{"uv":[5.5625,9.0,5.71875,9.6875],"tintindex":0,"rotation":0,"texture":"#0"},"north":{"uv":[9.0,4.375,9.15625,3.6875],"tintindex":0,"rotation":180,"texture":"#0"},"west":{"uv":[8.75,4.8125,9.4375,4.625],"tintindex":0,"rotation":90,"texture":"#0"},"up":{"uv":[9.84375,6.6875,9.6875,6.875],"tintindex":0,"rotation":0,"texture":"#0"},"down":{"uv":[9.84375,6.25,9.6875,6.4375],"tintindex":0,"rotation":180,"texture":"#0"}},"rotation":{"origin":[8.0,16.555298,16.470852],"angle":-45.0,"axis":"x"}}],"display":{"head":{"rotation":[0.0,0.0,0.0]},"firstperson_righthand":{"rotation":[0.0,0.0,0.0]},"thirdperson_lefthand":{"rotation":[0.0,-0.0,-0.0]},"firstperson_lefthand":{"rotation":[0.0,-0.0,-0.0]},"fixed":{"rotation":[0.0,0.0,0.0]},"ground":{"rotation":[0.0,0.0,0.0]},"thirdperson_righthand":{"rotation":[0.0,0.0,0.0]},"gui":{"rotation":[-150.0,-45.0,180.0]}}}