{"textures":{"0":"modelengine:entity/deimos","particle":"#0"},"elements":[{"from":[3.8049998,13.398876,4.8588095],"to":[12.195,16.001123,11.141191],"faces":{"east":{"uv":[6.875,0.625,7.65625,0.9375],"tintindex":0,"rotation":0,"texture":"#0"},"south":{"uv":[5.0,0.375,6.0625,0.6875],"tintindex":0,"rotation":0,"texture":"#0"},"north":{"uv":[4.3125,4.9375,5.375,5.25],"tintindex":0,"rotation":0,"texture":"#0"},"west":{"uv":[5.8125,7.0,6.59375,7.3125],"tintindex":0,"rotation":0,"texture":"#0"},"up":{"uv":[3.5625,1.71875,2.5,0.9375],"tintindex":0,"rotation":0,"texture":"#0"},"down":{"uv":[3.5625,1.75,2.5,2.53125],"tintindex":0,"rotation":0,"texture":"#0"}},"rotation":{"origin":[8.0,14.700001,8.0],"angle":22.5,"axis":"x"}},{"from":[11.4025,8.739637,5.2323265],"to":[12.047501,12.341885,8.014708],"faces":{"east":{"uv":[1.9375,8.375,2.28125,8.8125],"tintindex":0,"rotation":0,"texture":"#0"},"south":{"uv":[0.25,9.625,0.34375,10.0625],"tintindex":0,"rotation":0,"texture":"#0"},"north":{"uv":[0.125,9.625,0.21875,10.0625],"tintindex":0,"rotation":0,"texture":"#0"},"west":{"uv":[6.5,8.375,6.84375,8.8125],"tintindex":0,"rotation":0,"texture":"#0"},"up":{"uv":[6.09375,9.96875,6.0,9.625],"tintindex":0,"rotation":0,"texture":"#0"},"down":{"uv":[6.21875,9.625,6.125,9.96875],"tintindex":0,"rotation":0,"texture":"#0"}},"rotation":{"origin":[11.725,10.54076,6.623517],"angle":45.0,"axis":"x"}},{"from":[3.8000002,7.3999996,7.6],"to":[4.6,11.9,11.4],"faces":{"east":{"uv":[0.0,6.375,0.46875,6.9375],"tintindex":0,"rotation":0,"texture":"#0"},"south":{"uv":[3.875,9.5625,3.96875,10.125],"tintindex":0,"rotation":0,"texture":"#0"},"north":{"uv":[2.125,9.5625,2.21875,10.125],"tintindex":0,"rotation":0,"texture":"#0"},"west":{"uv":[6.375,0.375,6.84375,0.9375],"tintindex":0,"rotation":0,"texture":"#0"},"up":{"uv":[9.46875,10.03125,9.375,9.5625],"tintindex":0,"rotation":0,"texture":"#0"},"down":{"uv":[9.59375,9.5625,9.5,10.03125],"tintindex":0,"rotation":0,"texture":"#0"}}},{"from":[5.080327,10.951466,4.15],"to":[7.130327,11.551466,5.0],"faces":{"east":{"uv":[5.0,2.4375,5.09375,2.5],"tintindex":0,"rotation":0,"texture":"#0"},"south":{"uv":[5.8125,3.0625,6.0625,3.125],"tintindex":0,"rotation":0,"texture":"#0"},"north":{"uv":[5.625,3.75,5.875,3.8125],"tintindex":0,"rotation":0,"texture":"#0"},"west":{"uv":[3.3125,5.0,3.40625,5.0625],"tintindex":0,"rotation":0,"texture":"#0"},"up":{"uv":[9.9375,6.53125,9.6875,6.4375],"tintindex":0,"rotation":0,"texture":"#0"},"down":{"uv":[9.9375,7.3125,9.6875,7.40625],"tintindex":0,"rotation":0,"texture":"#0"}},"rotation":{"origin":[6.1053276,11.251467,4.575],"angle":-22.5,"axis":"z"}},{"from":[3.8000002,11.9,3.7999997],"to":[12.2,14.700001,4.6],"faces":{"east":{"uv":[7.5625,9.625,7.65625,9.96875],"tintindex":0,"rotation":0,"texture":"#0"},"south":{"uv":[4.5,1.9375,5.5625,2.28125],"tintindex":0,"rotation":0,"texture":"#0"},"north":{"uv":[4.25,3.0625,5.3125,3.40625],"tintindex":0,"rotation":0,"texture":"#0"},"west":{"uv":[7.6875,9.625,7.78125,9.96875],"tintindex":0,"rotation":0,"texture":"#0"},"up":{"uv":[10.25,3.78125,9.1875,3.6875],"tintindex":0,"rotation":0,"texture":"#0"},"down":{"uv":[10.25,3.8125,9.1875,3.90625],"tintindex":0,"rotation":0,"texture":"#0"}}},{"from":[7.325,9.775,3.6749997],"to":[8.675,12.025,4.725],"faces":{"east":{"uv":[7.8125,9.6875,7.90625,9.9375],"tintindex":0,"rotation":0,"texture":"#0"},"south":{"uv":[9.6875,0.25,9.8125,0.5],"tintindex":0,"rotation":0,"texture":"#0"},"north":{"uv":[9.6875,0.0,9.8125,0.25],"tintindex":0,"rotation":0,"texture":"#0"},"west":{"uv":[7.9375,9.6875,8.03125,9.9375],"tintindex":0,"rotation":0,"texture":"#0"},"up":{"uv":[9.875,8.40625,9.75,8.3125],"tintindex":0,"rotation":0,"texture":"#0"},"down":{"uv":[9.875,9.5625,9.75,9.65625],"tintindex":0,"rotation":0,"texture":"#0"}}},{"from":[3.6750002,11.775,3.6749997],"to":[12.325,14.825001,12.424999],"faces":{"east":{"uv":[4.5625,3.4375,5.625,3.78125],"tintindex":0,"rotation":0,"texture":"#0"},"south":{"uv":[4.3125,4.5625,5.375,4.90625],"tintindex":0,"rotation":0,"texture":"#0"},"north":{"uv":[0.0,4.5625,1.0625,4.90625],"tintindex":0,"rotation":0,"texture":"#0"},"west":{"uv":[4.625,0.0,5.6875,0.34375],"tintindex":0,"rotation":0,"texture":"#0"},"up":{"uv":[2.5,1.0625,1.4375,0.0],"tintindex":0,"rotation":0,"texture":"#0"},"down":{"uv":[2.5,1.0625,1.4375,2.125],"tintindex":0,"rotation":0,"texture":"#0"}}},{"from":[3.6750002,7.374998,7.475],"to":[12.325001,9.424999,12.325],"faces":{"east":{"uv":[8.75,6.75,9.3125,6.96875],"tintindex":0,"rotation":0,"texture":"#0"},"south":{"uv":[7.125,6.0625,8.1875,6.28125],"tintindex":0,"rotation":0,"texture":"#0"},"north":{"uv":[7.125,5.8125,8.1875,6.03125],"tintindex":0,"rotation":0,"texture":"#0"},"west":{"uv":[7.625,8.75,8.1875,8.96875],"tintindex":0,"rotation":0,"texture":"#0"},"up":{"uv":[4.5625,4.0,3.5,3.4375],"tintindex":0,"rotation":0,"texture":"#0"},"down":{"uv":[4.625,0.0,3.5625,0.5625],"tintindex":0,"rotation":0,"texture":"#0"}}},{"from":[2.0512004,17.971008,7.675],"to":[5.7012005,19.521011,8.325],"faces":{"east":{"uv":[9.75,1.375,9.84375,1.5625],"tintindex":0,"rotation":0,"texture":"#0"},"south":{"uv":[9.25,0.8125,9.71875,1.0],"tintindex":0,"rotation":0,"texture":"#0"},"north":{"uv":[9.25,0.625,9.71875,0.8125],"tintindex":0,"rotation":0,"texture":"#0"},"west":{"uv":[1.5,9.75,1.59375,9.9375],"tintindex":0,"rotation":0,"texture":"#0"},"up":{"uv":[10.03125,3.65625,9.5625,3.5625],"tintindex":0,"rotation":0,"texture":"#0"},"down":{"uv":[10.03125,6.5625,9.5625,6.65625],"tintindex":0,"rotation":0,"texture":"#0"}},"rotation":{"origin":[3.8762002,18.74601,8.0],"angle":-45.0,"axis":"z"}},{"from":[7.3,13.379847,4.45448],"to":[8.7,16.482094,11.736861],"faces":{"east":{"uv":[2.125,4.875,3.03125,5.25],"tintindex":0,"rotation":0,"texture":"#0"},"south":{"uv":[5.1875,3.9375,5.375,4.3125],"tintindex":0,"rotation":0,"texture":"#0"},"north":{"uv":[5.125,2.4375,5.3125,2.8125],"tintindex":0,"rotation":0,"texture":"#0"},"west":{"uv":[0.0,4.9375,0.90625,5.3125],"tintindex":0,"rotation":0,"texture":"#0"},"up":{"uv":[8.3125,3.03125,8.125,2.125],"tintindex":0,"rotation":0,"texture":"#0"},"down":{"uv":[0.625,8.1875,0.4375,9.09375],"tintindex":0,"rotation":0,"texture":"#0"}},"rotation":{"origin":[8.0,14.930969,8.095671],"angle":22.5,"axis":"x"}},{"from":[3.8525,8.283455,4.366211],"to":[4.6975,10.250895,6.3336515],"faces":{"east":{"uv":[1.375,9.5,1.625,9.75],"tintindex":0,"rotation":0,"texture":"#0"},"south":{"uv":[9.6875,9.125,9.78125,9.375],"tintindex":0,"rotation":0,"texture":"#0"},"north":{"uv":[9.6875,8.875,9.78125,9.125],"tintindex":0,"rotation":0,"texture":"#0"},"west":{"uv":[3.4375,9.5,3.6875,9.75],"tintindex":0,"rotation":0,"texture":"#0"},"up":{"uv":[9.84375,0.875,9.75,0.625],"tintindex":0,"rotation":0,"texture":"#0"},"down":{"uv":[9.84375,0.875,9.75,1.125],"tintindex":0,"rotation":0,"texture":"#0"}}},{"from":[10.2987995,17.971008,7.675],"to":[13.948799,19.521011,8.325],"faces":{"east":{"uv":[9.75,1.5625,9.84375,1.75],"tintindex":0,"rotation":0,"texture":"#0"},"south":{"uv":[9.25,2.0,9.71875,2.1875],"tintindex":0,"rotation":0,"texture":"#0"},"north":{"uv":[9.25,1.8125,9.71875,2.0],"tintindex":0,"rotation":0,"texture":"#0"},"west":{"uv":[9.75,1.75,9.84375,1.9375],"tintindex":0,"rotation":0,"texture":"#0"},"up":{"uv":[10.03125,7.59375,9.5625,7.5],"tintindex":0,"rotation":0,"texture":"#0"},"down":{"uv":[10.03125,7.625,9.5625,7.71875],"tintindex":0,"rotation":0,"texture":"#0"}},"rotation":{"origin":[12.1238,18.74601,8.0],"angle":45.0,"axis":"z"}},{"from":[11.4,11.9,4.6],"to":[12.2,14.700001,11.4],"faces":{"east":{"uv":[5.6875,0.0,6.53125,0.34375],"tintindex":0,"rotation":0,"texture":"#0"},"south":{"uv":[8.5625,9.625,8.65625,9.96875],"tintindex":0,"rotation":0,"texture":"#0"},"north":{"uv":[9.625,8.0625,9.71875,8.40625],"tintindex":0,"rotation":0,"texture":"#0"},"west":{"uv":[5.875,1.0625,6.71875,1.40625],"tintindex":0,"rotation":0,"texture":"#0"},"up":{"uv":[7.53125,9.96875,7.4375,9.125],"tintindex":0,"rotation":0,"texture":"#0"},