{"textures":{"0":"modelengine:entity/deimos","particle":"#0"},"elements":[{"from":[5.615223,4.1068964,4.3910007],"to":[10.315222,9.006898,10.191],"faces":{"east":{"uv":[4.25,8.875,4.625,9.1875],"tintindex":0,"rotation":0,"texture":"#0"},"south":{"uv":[9.25,6.0625,9.53125,6.375],"tintindex":0,"rotation":0,"texture":"#0"},"north":{"uv":[9.25,5.0,9.53125,5.3125],"tintindex":0,"rotation":0,"texture":"#0"},"west":{"uv":[4.625,8.875,5.0,9.1875],"tintindex":0,"rotation":0,"texture":"#0"},"up":{"uv":[8.53125,9.4375,8.25,9.0625],"tintindex":0,"rotation":0,"texture":"#0"},"down":{"uv":[9.34375,8.9375,9.0625,9.3125],"tintindex":0,"rotation":0,"texture":"#0"}}},{"from":[4.3152227,-4.0643063,5.1712255],"to":[11.615223,-0.3643055,9.971226],"faces":{"east":{"uv":[9.4375,4.4375,9.75,4.65625],"tintindex":0,"rotation":0,"texture":"#0"},"south":{"uv":[9.1875,0.25,9.65625,0.46875],"tintindex":0,"rotation":0,"texture":"#0"},"north":{"uv":[9.1875,0.0,9.65625,0.21875],"tintindex":0,"rotation":0,"texture":"#0"},"west":{"uv":[9.4375,4.6875,9.75,4.90625],"tintindex":0,"rotation":0,"texture":"#0"},"up":{"uv":[8.59375,8.75,8.125,8.4375],"tintindex":0,"rotation":0,"texture":"#0"},"down":{"uv":[8.96875,0.375,8.5,0.6875],"tintindex":0,"rotation":0,"texture":"#0"}},"rotation":{"origin":[7.965223,-2.2143059,7.5712256],"angle":45.0,"axis":"x"}},{"from":[5.737837,3.5795116,5.394001],"to":[10.192609,8.034284,12.188],"faces":{"east":{"uv":[8.8125,5.0,9.25,5.28125],"tintindex":0,"rotation":0,"texture":"#0"},"south":{"uv":[9.3125,8.25,9.59375,8.53125],"tintindex":0,"rotation":0,"texture":"#0"},"north":{"uv":[7.5625,9.3125,7.84375,9.59375],"tintindex":0,"rotation":0,"texture":"#0"},"west":{"uv":[8.8125,6.125,9.25,6.40625],"tintindex":0,"rotation":0,"texture":"#0"},"up":{"uv":[6.78125,9.25,6.5,8.8125],"tintindex":0,"rotation":0,"texture":"#0"},"down":{"uv":[7.09375,8.8125,6.8125,9.25],"tintindex":0,"rotation":0,"texture":"#0"}},"rotation":{"origin":[7.965223,5.806898,8.791],"angle":45.0,"axis":"z"}},{"from":[4.8152227,-1.8931036,5.3910007],"to":[11.115223,5.806898,12.191],"faces":{"east":{"uv":[7.375,3.3125,7.8125,3.78125],"tintindex":0,"rotation":0,"texture":"#0"},"south":{"uv":[7.75,4.25,8.15625,4.71875],"tintindex":0,"rotation":0,"texture":"#0"},"north":{"uv":[7.6875,7.5625,8.09375,8.03125],"tintindex":0,"rotation":0,"texture":"#0"},"west":{"uv":[4.875,7.375,5.3125,7.84375],"tintindex":0,"rotation":0,"texture":"#0"},"up":{"uv":[0.40625,8.375,0.0,7.9375],"tintindex":0,"rotation":0,"texture":"#0"},"down":{"uv":[8.34375,0.9375,7.9375,1.375],"tintindex":0,"rotation":0,"texture":"#0"}}}],"display":{"head":{"rotation":[0.0,0.0,0.0]},"firstperson_righthand":{"rotation":[0.0,0.0,0.0]},"thirdperson_lefthand":{"rotation":[0.0,-0.0,-0.0]},"firstperson_lefthand":{"rotation":[0.0,-0.0,-0.0]},"fixed":{"rotation":[0.0,0.0,0.0]},"ground":{"rotation":[0.0,0.0,0.0]},"thirdperson_righthand":{"rotation":[0.0,0.0,0.0]},"gui":{"rotation":[-150.0,-45.0,180.0]}}}