{"textures":{"0":"modelengine:entity/deimos","particle":"#0"},"elements":[{"from":[1.3499999,1.5499992,2.9500003],"to":[8.65,8.449997,12.65],"faces":{"east":{"uv":[3.0,7.0,3.5625,7.40625],"tintindex":0,"rotation":0,"texture":"#0"},"south":{"uv":[3.9375,7.875,4.375,8.28125],"tintindex":0,"rotation":0,"texture":"#0"},"north":{"uv":[7.6875,0.5,8.125,0.90625],"tintindex":0,"rotation":0,"texture":"#0"},"west":{"uv":[7.125,6.3125,7.6875,6.71875],"tintindex":0,"rotation":0,"texture":"#0"},"up":{"uv":[5.8125,7.4375,5.375,6.875],"tintindex":0,"rotation":0,"texture":"#0"},"down":{"uv":[0.4375,6.9375,0.0,7.5],"tintindex":0,"rotation":0,"texture":"#0"}}},{"from":[2.006,-0.90416527,5.3958373],"to":[7.7939997,3.9041634,10.204164],"faces":{"east":{"uv":[5.3125,3.125,5.625,3.4375],"tintindex":0,"rotation":0,"texture":"#0"},"south":{"uv":[8.8125,6.4375,9.1875,6.75],"tintindex":0,"rotation":0,"texture":"#0"},"north":{"uv":[5.5,1.0625,5.875,1.375],"tintindex":0,"rotation":0,"texture":"#0"},"west":{"uv":[6.0625,0.375,6.375,0.6875],"tintindex":0,"rotation":0,"texture":"#0"},"up":{"uv":[9.1875,7.3125,8.8125,7.0],"tintindex":0,"rotation":0,"texture":"#0"},"down":{"uv":[9.1875,7.3125,8.8125,7.625],"tintindex":0,"rotation":0,"texture":"#0"}},"rotation":{"origin":[4.9,1.5,7.8],"angle":45.0,"axis":"x"}},{"from":[-0.051406384,6.924095,2.3000002],"to":[8.248594,12.824097,13.3],"faces":{"east":{"uv":[1.75,3.0625,2.40625,3.40625],"tintindex":0,"rotation":0,"texture":"#0"},"south":{"uv":[8.0,5.4375,8.5,5.78125],"tintindex":0,"rotation":0,"texture":"#0"},"north":{"uv":[8.0,5.0625,8.5,5.40625],"tintindex":0,"rotation":0,"texture":"#0"},"west":{"uv":[7.1875,7.1875,7.84375,7.53125],"tintindex":0,"rotation":0,"texture":"#0"},"up":{"uv":[5.5,1.34375,5.0,0.6875],"tintindex":0,"rotation":0,"texture":"#0"},"down":{"uv":[3.5625,5.0625,3.0625,5.71875],"tintindex":0,"rotation":0,"texture":"#0"}},"rotation":{"origin":[4.098594,9.874096,7.8],"angle":22.5,"axis":"z"}},{"from":[1.5999999,3.5,3.7000003],"to":[8.4,8.799999,11.9],"faces":{"east":{"uv":[6.5625,8.0,7.0625,8.34375],"tintindex":0,"rotation":0,"texture":"#0"},"south":{"uv":[8.3125,4.625,8.75,4.96875],"tintindex":0,"rotation":0,"texture":"#0"},"north":{"uv":[4.3125,8.3125,4.75,8.65625],"tintindex":0,"rotation":0,"texture":"#0"},"west":{"uv":[7.0625,8.0,7.5625,8.34375],"tintindex":0,"rotation":0,"texture":"#0"},"up":{"uv":[3.0625,5.75,2.625,5.25],"tintindex":0,"rotation":0,"texture":"#0"},"down":{"uv":[1.75,7.3125,1.3125,7.8125],"tintindex":0,"rotation":0,"texture":"#0"}}},{"from":[1.9999995,1.5,4.3999996],"to":[7.7999997,10.899998,11.2],"faces":{"east":{"uv":[0.5,6.375,0.9375,6.96875],"tintindex":0,"rotation":0,"texture":"#0"},"south":{"uv":[1.75,7.25,2.125,7.84375],"tintindex":0,"rotation":0,"texture":"#0"},"north":{"uv":[7.25,1.6875,7.625,2.28125],"tintindex":0,"rotation":0,"texture":"#0"},"west":{"uv":[2.25,6.375,2.6875,6.96875],"tintindex":0,"rotation":0,"texture":"#0"},"up":{"uv":[2.625,6.375,2.25,5.9375],"tintindex":0,"rotation":0,"texture":"#0"},"down":{"uv":[8.5,0.375,8.125,0.8125],"tintindex":0,"rotation":0,"texture":"#0"}}},{"from":[0.19859362,7.174095,3.0500002],"to":[7.998594,12.574097,12.55],"faces":{"east":{"uv":[7.375,5.0625,7.96875,5.40625],"tintindex":0,"rotation":0,"texture":"#0"},"south":{"uv":[1.9375,8.0,2.4375,8.34375],"tintindex":0,"rotation":0,"texture":"#0"},"north":{"uv":[6.0625,7.9375,6.5625,8.28125],"tintindex":0,"rotation":0,"texture":"#0"},"west":{"uv":[7.375,5.4375,7.96875,5.78125],"tintindex":0,"rotation":0,"texture":"#0"},"up":{"uv":[6.0625,5.59375,5.5625,5.0],"tintindex":0,"rotation":0,"texture":"#0"},"down":{"uv":[6.125,3.125,5.625,3.71875],"tintindex":0,"rotation":0,"texture":"#0"}},"rotation":{"origin":[4.098594,9.874096,7.8],"angle":22.5,"axis":"z"}}],"display":{"head":{"rotation":[0.0,0.0,0.0]},"firstperson_righthand":{"rotation":[0.0,0.0,0.0]},"thirdperson_lefthand":{"rotation":[0.0,-0.0,-0.0]},"firstperson_lefthand":{"rotation":[0.0,-0.0,-0.0]},"fixed":{"rotation":[0.0,0.0,0.0]},"ground":{"rotation":[0.0,0.0,0.0]},"thirdperson_righthand":{"rotation":[0.0,0.0,0.0]},"gui":{"rotation":[-150.0,-45.0,180.0]}}}