{"textures":{"0":"modelengine:entity/deimos","particle":"#0"},"elements":[{"from":[5.4073906,3.5795116,5.394001],"to":[9.862164,8.034284,12.188],"faces":{"east":{"uv":[8.1875,8.75,8.625,9.03125],"tintindex":0,"rotation":0,"texture":"#0"},"south":{"uv":[2.3125,9.3125,2.59375,9.59375],"tintindex":0,"rotation":0,"texture":"#0"},"north":{"uv":[6.75,9.25,7.03125,9.53125],"tintindex":0,"rotation":0,"texture":"#0"},"west":{"uv":[8.8125,0.6875,9.25,0.96875],"tintindex":0,"rotation":0,"texture":"#0"},"up":{"uv":[2.21875,9.25,1.9375,8.8125],"tintindex":0,"rotation":0,"texture":"#0"},"down":{"uv":[9.09375,2.9375,8.8125,3.375],"tintindex":0,"rotation":0,"texture":"#0"}},"rotation":{"origin":[7.6347766,5.806898,8.791],"angle":45.0,"axis":"z"}},{"from":[5.2847767,4.1068964,4.3910007],"to":[9.9847765,9.006898,10.191],"faces":{"east":{"uv":[8.875,3.375,9.25,3.6875],"tintindex":0,"rotation":0,"texture":"#0"},"south":{"uv":[9.25,3.3125,9.53125,3.625],"tintindex":0,"rotation":0,"texture":"#0"},"north":{"uv":[1.9375,9.25,2.21875,9.5625],"tintindex":0,"rotation":0,"texture":"#0"},"west":{"uv":[3.4375,8.875,3.8125,9.1875],"tintindex":0,"rotation":0,"texture":"#0"},"up":{"uv":[6.84375,0.375,6.5625,0.0],"tintindex":0,"rotation":0,"texture":"#0"},"down":{"uv":[8.21875,9.0625,7.9375,9.4375],"tintindex":0,"rotation":0,"texture":"#0"}}},{"from":[4.4847765,-1.8931036,5.3910007],"to":[10.784777,5.806898,12.191],"faces":{"east":{"uv":[7.375,2.3125,7.8125,2.78125],"tintindex":0,"rotation":0,"texture":"#0"},"south":{"uv":[2.5625,7.6875,2.96875,8.15625],"tintindex":0,"rotation":0,"texture":"#0"},"north":{"uv":[7.6875,0.0,8.09375,0.46875],"tintindex":0,"rotation":0,"texture":"#0"},"west":{"uv":[7.375,2.8125,7.8125,3.28125],"tintindex":0,"rotation":0,"texture":"#0"},"up":{"uv":[5.65625,8.3125,5.25,7.875],"tintindex":0,"rotation":0,"texture":"#0"},"down":{"uv":[8.28125,6.8125,7.875,7.25],"tintindex":0,"rotation":0,"texture":"#0"}}},{"from":[3.9847765,-4.0643063,5.1712255],"to":[11.284777,-0.3643055,9.971226],"faces":{"east":{"uv":[6.1875,9.375,6.5,9.59375],"tintindex":0,"rotation":0,"texture":"#0"},"south":{"uv":[9.125,2.9375,9.59375,3.15625],"tintindex":0,"rotation":0,"texture":"#0"},"north":{"uv":[0.0,9.125,0.46875,9.34375],"tintindex":0,"rotation":0,"texture":"#0"},"west":{"uv":[8.5625,9.375,8.875,9.59375],"tintindex":0,"rotation":0,"texture":"#0"},"up":{"uv":[8.84375,3.8125,8.375,3.5],"tintindex":0,"rotation":0,"texture":"#0"},"down":{"uv":[8.09375,8.4375,7.625,8.75],"tintindex":0,"rotation":0,"texture":"#0"}},"rotation":{"origin":[7.6347766,-2.2143059,7.5712256],"angle":45.0,"axis":"x"}}],"display":{"head":{"rotation":[0.0,0.0,0.0]},"firstperson_righthand":{"rotation":[0.0,0.0,0.0]},"thirdperson_lefthand":{"rotation":[0.0,-0.0,-0.0]},"firstperson_lefthand":{"rotation":[0.0,-0.0,-0.0]},"fixed":{"rotation":[0.0,0.0,0.0]},"ground":{"rotation":[0.0,0.0,0.0]},"thirdperson_righthand":{"rotation":[0.0,0.0,0.0]},"gui":{"rotation":[-150.0,-45.0,180.0]}}}