{"textures":{"0":"modelengine:entity/deimos","particle":"#0"},"elements":[{"from":[7.35,1.5499992,2.9500003],"to":[14.65,8.449997,12.65],"faces":{"east":{"uv":[6.625,7.125,7.1875,7.53125],"tintindex":0,"rotation":0,"texture":"#0"},"south":{"uv":[4.8125,7.875,5.25,8.28125],"tintindex":0,"rotation":0,"texture":"#0"},"north":{"uv":[4.375,7.875,4.8125,8.28125],"tintindex":0,"rotation":0,"texture":"#0"},"west":{"uv":[7.1875,6.75,7.75,7.15625],"tintindex":0,"rotation":0,"texture":"#0"},"up":{"uv":[7.375,5.8125,6.9375,5.25],"tintindex":0,"rotation":0,"texture":"#0"},"down":{"uv":[2.625,7.0,2.1875,7.5625],"tintindex":0,"rotation":0,"texture":"#0"}}},{"from":[7.6,3.5,3.7000003],"to":[14.4,8.799999,11.9],"faces":{"east":{"uv":[8.0625,8.0625,8.5625,8.40625],"tintindex":0,"rotation":0,"texture":"#0"},"south":{"uv":[8.3125,6.75,8.75,7.09375],"tintindex":0,"rotation":0,"texture":"#0"},"north":{"uv":[6.0625,8.3125,6.5,8.65625],"tintindex":0,"rotation":0,"texture":"#0"},"west":{"uv":[8.125,0.0,8.625,0.34375],"tintindex":0,"rotation":0,"texture":"#0"},"up":{"uv":[7.75,5.0625,7.3125,4.5625],"tintindex":0,"rotation":0,"texture":"#0"},"down":{"uv":[6.25,7.3125,5.8125,7.8125],"tintindex":0,"rotation":0,"texture":"#0"}}},{"from":[8.001406,7.174095,3.0500002],"to":[15.801407,12.574097,12.55],"faces":{"east":{"uv":[3.0,7.4375,3.59375,7.78125],"tintindex":0,"rotation":0,"texture":"#0"},"south":{"uv":[7.5625,8.0625,8.0625,8.40625],"tintindex":0,"rotation":0,"texture":"#0"},"north":{"uv":[8.0625,3.8125,8.5625,4.15625],"tintindex":0,"rotation":0,"texture":"#0"},"west":{"uv":[3.625,7.5,4.21875,7.84375],"tintindex":0,"rotation":0,"texture":"#0"},"up":{"uv":[3.625,6.34375,3.125,5.75],"tintindex":0,"rotation":0,"texture":"#0"},"down":{"uv":[6.3125,2.4375,5.8125,3.03125],"tintindex":0,"rotation":0,"texture":"#0"}},"rotation":{"origin":[11.901405,9.874096,7.8],"angle":-22.5,"axis":"z"}},{"from":[8.206,-0.90416527,5.3958373],"to":[13.9939995,3.9041634,10.204164],"faces":{"east":{"uv":[7.125,9.125,7.4375,9.4375],"tintindex":0,"rotation":0,"texture":"#0"},"south":{"uv":[1.375,8.875,1.75,9.1875],"tintindex":0,"rotation":0,"texture":"#0"},"north":{"uv":[8.8125,8.625,9.1875,8.9375],"tintindex":0,"rotation":0,"texture":"#0"},"west":{"uv":[1.375,9.1875,1.6875,9.5],"tintindex":0,"rotation":0,"texture":"#0"},"up":{"uv":[9.25,2.375,8.875,2.0625],"tintindex":0,"rotation":0,"texture":"#0"},"down":{"uv":[9.25,2.375,8.875,2.6875],"tintindex":0,"rotation":0,"texture":"#0"}},"rotation":{"origin":[11.1,1.5,7.8],"angle":45.0,"axis":"x"}},{"from":[7.7514057,6.924095,2.3000002],"to":[16.051407,12.824097,13.3],"faces":{"east":{"uv":[7.25,0.9375,7.90625,1.28125],"tintindex":0,"rotation":0,"texture":"#0"},"south":{"uv":[8.0625,1.75,8.5625,2.09375],"tintindex":0,"rotation":0,"texture":"#0"},"north":{"uv":[8.0625,1.375,8.5625,1.71875],"tintindex":0,"rotation":0,"texture":"#0"},"west":{"uv":[7.25,1.3125,7.90625,1.65625],"tintindex":0,"rotation":0,"texture":"#0"},"up":{"uv":[5.5625,5.90625,5.0625,5.25],"tintindex":0,"rotation":0,"texture":"#0"},"down":{"uv":[0.5,5.3125,0.0,5.96875],"tintindex":0,"rotation":0,"texture":"#0"}},"rotation":{"origin":[11.901405,9.874096,7.8],"angle":-22.5,"axis":"z"}},{"from":[8.200001,1.5,4.3999996],"to":[14.0,10.899998,11.2],"faces":{"east":{"uv":[2.6875,6.375,3.125,6.96875],"tintindex":0,"rotation":0,"texture":"#0"},"south":{"uv":[7.3125,0.0,7.6875,0.59375],"tintindex":0,"rotation":0,"texture":"#0"},"north":{"uv":[7.25,3.9375,7.625,4.53125],"tintindex":0,"rotation":0,"texture":"#0"},"west":{"uv":[3.125,6.375,3.5625,6.96875],"tintindex":0,"rotation":0,"texture":"#0"},"up":{"uv":[8.5625,4.625,8.1875,4.1875],"tintindex":0,"rotation":0,"texture":"#0"},"down":{"uv":[8.5625,5.8125,8.1875,6.25],"tintindex":0,"rotation":0,"texture":"#0"}}}],"display":{"head":{"rotation":[0.0,0.0,0.0]},"firstperson_righthand":{"rotation":[0.0,0.0,0.0]},"thirdperson_lefthand":{"rotation":[0.0,-0.0,-0.0]},"firstperson_lefthand":{"rotation":[0.0,-0.0,-0.0]},"fixed":{"rotation":[0.0,0.0,0.0]},"ground":{"rotation":[0.0,0.0,0.0]},"thirdperson_righthand":{"rotation":[0.0,0.0,0.0]},"gui":{"rotation":[-150.0,-45.0,180.0]}}}