{"textures":{"0":"modelengine:entity/shadowguardian","particle":"#0"},"elements":[{"from":[-1.2991943,8.48073,8.217297],"to":[0.28340578,9.34173,8.906097],"faces":{"east":{"uv":[8.125,11.875,8.25,12.125],"tintindex":0,"rotation":0,"texture":"#0"},"south":{"uv":[12.5,5.625,12.875,5.875],"tintindex":0,"rotation":0,"texture":"#0"},"north":{"uv":[12.5,5.375,12.875,5.625],"tintindex":0,"rotation":0,"texture":"#0"},"west":{"uv":[8.875,12.5,9.0,12.75],"tintindex":0,"rotation":0,"texture":"#0"},"up":{"uv":[12.625,1.25,12.25,1.125],"tintindex":0,"rotation":0,"texture":"#0"},"down":{"uv":[13.125,2.375,12.75,2.5],"tintindex":0,"rotation":0,"texture":"#0"}}},{"from":[-1.9969158,5.8417854,8.217297],"to":[-1.234314,6.7027855,8.906097],"faces":{"east":{"uv":[9.625,4.5,9.75,4.75],"tintindex":0,"rotation":0,"texture":"#0"},"south":{"uv":[0.0,12.625,0.25,12.875],"tintindex":0,"rotation":0,"texture":"#0"},"north":{"uv":[12.5,12.375,12.75,12.625],"tintindex":0,"rotation":0,"texture":"#0"},"west":{"uv":[0.75,10.125,0.875,10.375],"tintindex":0,"rotation":0,"texture":"#0"},"up":{"uv":[12.625,8.375,12.375,8.25],"tintindex":0,"rotation":0,"texture":"#0"},"down":{"uv":[13.0,8.0,12.75,8.125],"tintindex":0,"rotation":0,"texture":"#0"}},"rotation":{"origin":[6.6050887,2.4386034,4.8696547],"angle":-22.5,"axis":"z"}},{"from":[5.1331687,7.41136,10.54863],"to":[6.625569,9.297359,12.180429],"faces":{"east":{"uv":[6.625,12.125,7.0,12.625],"tintindex":0,"rotation":0,"texture":"#0"},"south":{"uv":[7.0,12.125,7.375,12.625],"tintindex":0,"rotation":0,"texture":"#0"},"north":{"uv":[0.0,12.125,0.375,12.625],"tintindex":0,"rotation":0,"texture":"#0"},"west":{"uv":[7.375,12.125,7.75,12.625],"tintindex":0,"rotation":0,"texture":"#0"},"up":{"uv":[12.625,4.625,12.25,4.25],"tintindex":0,"rotation":0,"texture":"#0"},"down":{"uv":[10.625,12.25,10.25,12.625],"tintindex":0,"rotation":0,"texture":"#0"}},"rotation":{"origin":[6.6050887,2.4386034,4.8696547],"angle":-45.0,"axis":"y"}},{"from":[0.3431573,7.41136,7.108164],"to":[2.6555572,9.502359,8.944963],"faces":{"east":{"uv":[2.125,11.75,2.625,12.25],"tintindex":0,"rotation":0,"texture":"#0"},"south":{"uv":[6.125,11.125,6.75,11.625],"tintindex":0,"rotation":0,"texture":"#0"},"north":{"uv":[9.0,4.25,9.625,4.75],"tintindex":0,"rotation":0,"texture":"#0"},"west":{"uv":[5.625,11.75,6.125,12.25],"tintindex":0,"rotation":0,"texture":"#0"},"up":{"uv":[7.375,11.625,6.75,11.125],"tintindex":0,"rotation":0,"texture":"#0"},"down":{"uv":[10.0,11.125,9.375,11.625],"tintindex":0,"rotation":0,"texture":"#0"}}},{"from":[0.66862535,7.41136,2.0234232],"to":[2.1610255,9.297359,3.6552234],"faces":{"east":{"uv":[8.625,12.0,9.0,12.5],"tintindex":0,"rotation":0,"texture":"#0"},"south":{"uv":[10.875,12.0,11.25,12.5],"tintindex":0,"rotation":0,"texture":"#0"},"north":{"uv":[5.25,12.0,5.625,12.5],"tintindex":0,"rotation":0,"texture":"#0"},"west":{"uv":[11.25,12.0,11.625,12.5],"tintindex":0,"rotation":0,"texture":"#0"},"up":{"uv":[9.75,7.375,9.375,7.0],"tintindex":0,"rotation":0,"texture":"#0"},"down":{"uv":[2.5,10.25,2.125,10.625],"tintindex":0,"rotation":0,"texture":"#0"}},"rotation":{"origin":[6.6050887,2.4386034,4.8696547],"angle":45.0,"axis":"y"}},{"from":[-0.8891945,8.48073,9.078297],"to":[0.28340578,9.34173,9.767097],"faces":{"east":{"uv":[9.75,12.5,9.875,12.75],"tintindex":0,"rotation":0,"texture":"#0"},"south":{"uv":[6.875,12.625,7.125,12.875],"tintindex":0,"rotation":0,"texture":"#0"},"north":{"uv":[6.625,12.625,6.875,12.875],"tintindex":0,"rotation":0,"texture":"#0"},"west":{"uv":[10.5,12.625,10.625,12.875],"tintindex":0,"rotation":0,"texture":"#0"},"up":{"uv":[13.0,10.25,12.75,10.125],"tintindex":0,"rotation":0,"texture":"#0"},"down":{"uv":[13.0,10.25,12.75,10.375],"tintindex":0,"rotation":0,"texture":"#0"}}},{"from":[-2.702076,4.1650553,5.6731634],"to":[-1.2096748,5.0260553,6.4931636],"faces":{"east":{"uv":[6.0,12.625,6.25,12.875],"tintindex":0,"rotation":0,"texture":"#0"},"south":{"uv":[1.5,12.5,1.875,12.75],"tintindex":0,"rotation":0,"texture":"#0"},"north":{"uv":[1.125,12.5,1.5,12.75],"tintindex":0,"rotation":0,"texture":"#0"},"west":{"uv":[6.25,12.625,6.5,12.875],"tintindex":0,"rotation":0,"texture":"#0"},"up":{"uv":[12.875,2.75,12.5,2.5],"tintindex":0,"rotation":0,"texture":"#0"},"down":{"uv":[12.875,4.875,12.5,5.125],"tintindex":0,"rotation":0,"texture":"#0"}},"rotation":{"origin":[6.6050887,2.4386034,4.8696547],"angle":-22.5,"axis":"z"}},{"from":[-3.5315647,0.51385784,5.8781633],"to":[-2.6541653,0.9648571,6.2881637],"faces":{"east":{"uv":[8.0,5.25,8.125,5.375],"tintindex":0,"rotation":0,"texture":"#0"},"south":{"uv":[9.375,12.75,9.625,12.875],"tintindex":0,"rotation":0,"texture":"#0"},"north":{"uv":[9.125,12.75,9.375,12.875],"tintindex":0,"rotation":0,"texture":"#0"},"west":{"uv":[3.0,8.375,3.125,8.5],"tintindex":0,"rotation":0,"texture":"#0"},"up":{"uv":[9.875,12.875,9.625,12.75],"tintindex":0,"rotation":0,"texture":"#0"},"down":{"uv":[10.125,12.75,9.875,12.875],"tintindex":0,"rotation":0,"texture":"#0"}},"rotation":{"origin":[6.6050887,2.4386034,4.8696547],"angle":-45.0,"axis":"z"}},{"from":[0.28340578,7.6607304,6.495297],"to":[1.570806,9.34173,9.767097],"faces":{"east":{"uv":[10.875,6.375,11.75,6.75],"tintindex":0,"rotation":0,"texture":"#0"},"south":{"uv":[0.375,12.375,0.75,12.75],"tintindex":0,"rotation":0,"texture":"#0"},"north":{"uv":[12.25,10.375,12.625,10.75],"tintindex":0,"rotation":0,"texture":"#0"},"west":{"uv":[7.5,11.0,8.375,11.375],"tintindex":0,"rotation":0,"texture":"#0"},"up":{"uv":[1.75,11.875,1.375,11.0],"tintindex":0,"rotation":0,"texture":"#0"},"down":{"uv":[2.125,11.0,1.75,11.875],"tintindex":0,"rotation":0,"texture":"#0"}}},{"from":[3.0349498,12.932701,7.561297],"to":[4.2075496,13.383701,7.840097],"faces":{"east":{"uv":[10.5,4.125,10.625,4.25],"tintindex":0,"rotation":0,"texture":"#0"},"south":{"uv":[12.875,0.75,13.125,0.875],"tintindex":0,"rotation":0,"texture":"#0"},"north":{"uv":[12.875,0.625,13.125,0.75],"tintindex":0,"rotation":0,"texture":"#0"},"west":{"uv":[0.75,10.625,0.875,10.75],"tintindex":0,"rotation":0,"texture":"#0"},"up":{"uv":[13.125,1.0,12.875,0.875],"tintindex":0,"rotation":0,"texture":"#0"},"down":{"uv":[13.125,1.0,12.875,1.125],"tintindex":0,"rotation":0,"texture":"#0"}},"rotation":{"origin":[6.6050887,2.4386034,4.8696547],"angle":45.0,"axis":"z"}},{"from":[0.84066343,7.00136,8.017971],"to":[2.3330636,7.86236,8.837971],"faces":{"east":{"uv":[12.625,4.0,12.875,4.25],"tintindex":0,"rotation":0,"texture":"#0"},"south":{"uv":[12.375,10.125,12.75,10.375],"tintindex":0,"rotation":0,"texture":"#0"},"north":{"uv":[12.375,8.0,12.75,8.25],"tintindex":0,"rotation":0,"texture":"#0"},"west":{"uv":[12.625,4.25,12.875,4.5],"tintindex":0,"rotation":0,"texture":"#0"},"up":{"uv":[12.75,11.375,12.375,11.125],"tintindex":0,"rotation":0,"texture":"#0"},"down":{"uv":[12.5,12.375,12.125,12.625],"tintindex":0,"rotation":0,"texture":"#0"}},"rotation":{"origin":[6.6050887,2.4386034,4.8696547],"angle":-22.5,"axis":"y"}},{"from":[-1.9969158,5.8417854,6.495297],"to":[-1.234314,6.7027855,7.1840973],"faces":{"east":{"uv":[1.375,10.75,1.5,11.0],"tintindex":0,"rotation":0,"texture":"#0"},"south":{"uv":[12.625,3.75,12.875,4.0],"tintindex":0,"rotation":0,"texture":"#0"},"north":{"uv":[12.625,3.5,12.875,3.75],"tintindex":0,"rotation":0,"texture":"#0"},"west":{"uv":[4.125,10.75,4.25,11.0],"tintindex":0,"rotation":0,"texture":"#0"},"up":{"uv":[8.875,12.875,8.625,12.75],"tintindex":0,"rotation":0,"texture":"#0"},"down":{"uv":[9.125,12.75,8.875,12.875],"tintindex":0,"rotation":0,"texture":"#0"}},"rotation":{"origin":[6.6050887,2.4386034,4.8696547],"angle":-22.5,"axis":"z"}},{"from":[3.6499496,12.727701,8.4222975],"to":[4.8225493,13.178701,8.7010975],"faces":{"east":{"uv":[8.0,8.875,8.125,9.0],"tintindex":0,"rotation":0,"texture":"#0"},"south":{"uv":[12.75,12.375,13.0,12.5],"tintindex":0,"rotation":0,"texture":"#0"},"north":{"uv":[11.75,12.75,12.0,12.875],"tintindex":0,"rotation":0,"texture":"#0"},"west":{"uv":[8.75,9.25,8.875,9.375],"tintindex":0,