{"textures":{"0":"modelengine:entity/shadowguardian","particle":"#0"},"elements":[{"from":[4.9879827,6.5868874,1.1962123],"to":[6.0129824,7.406887,1.8112121],"faces":{"east":{"uv":[5.125,6.25,5.25,6.5],"tintindex":0,"rotation":0,"texture":"#0"},"south":{"uv":[7.5,10.75,7.75,11.0],"tintindex":0,"rotation":0,"texture":"#0"},"north":{"uv":[10.25,1.375,10.5,1.625],"tintindex":0,"rotation":0,"texture":"#0"},"west":{"uv":[1.25,7.25,1.375,7.5],"tintindex":0,"rotation":0,"texture":"#0"},"up":{"uv":[1.5,5.25,1.25,5.125],"tintindex":0,"rotation":0,"texture":"#0"},"down":{"uv":[10.875,5.375,10.625,5.5],"tintindex":0,"rotation":0,"texture":"#0"}},"rotation":{"origin":[5.4539485,1.9754801,6.03369],"angle":45.0,"axis":"x"}},{"from":[1.912983,7.2058773,6.5921817],"to":[6.8329825,8.640877,8.437181],"faces":{"east":{"uv":[8.5,0.625,9.0,1.0],"tintindex":0,"rotation":0,"texture":"#0"},"south":{"uv":[10.0,3.375,11.25,3.75],"tintindex":0,"rotation":0,"texture":"#0"},"north":{"uv":[10.0,3.0,11.25,3.375],"tintindex":0,"rotation":0,"texture":"#0"},"west":{"uv":[8.875,5.5,9.375,5.875],"tintindex":0,"rotation":0,"texture":"#0"},"up":{"uv":[10.125,9.375,8.875,8.875],"tintindex":0,"rotation":0,"texture":"#0"},"down":{"uv":[10.25,0.625,9.0,1.125],"tintindex":0,"rotation":0,"texture":"#0"}}},{"from":[5.437963,7.05114,1.6954651],"to":[9.537963,8.486141,3.1304655],"faces":{"east":{"uv":[2.25,6.375,2.625,6.75],"tintindex":0,"rotation":0,"texture":"#0"},"south":{"uv":[2.75,10.75,3.75,11.125],"tintindex":0,"rotation":0,"texture":"#0"},"north":{"uv":[2.75,4.0,3.75,4.375],"tintindex":0,"rotation":0,"texture":"#0"},"west":{"uv":[8.125,5.875,8.5,6.25],"tintindex":0,"rotation":0,"texture":"#0"},"up":{"uv":[6.5,11.125,5.5,10.75],"tintindex":0,"rotation":0,"texture":"#0"},"down":{"uv":[7.5,10.75,6.5,11.125],"tintindex":0,"rotation":0,"texture":"#0"}},"rotation":{"origin":[5.4539485,1.9754801,6.03369],"angle":45.0,"axis":"x"}},{"from":[6.8329825,6.1768875,0.58121204],"to":[9.972982,9.456886,3.8612123],"faces":{"east":{"uv":[7.25,1.0,8.125,1.875],"tintindex":0,"rotation":0,"texture":"#0"},"south":{"uv":[0.625,10.75,1.0,11.625],"tintindex":0,"rotation":0,"texture":"#0"},"north":{"uv":[4.125,11.25,4.75,11.875],"tintindex":0,"rotation":180,"texture":"#0"},"west":{"uv":[7.25,5.375,8.125,6.25],"tintindex":0,"rotation":0,"texture":"#0"},"up":{"uv":[4.125,11.25,4.75,11.875],"tintindex":0,"rotation":0,"texture":"#0"},"down":{"uv":[4.125,11.25,4.75,11.875],"tintindex":0,"rotation":180,"texture":"#0"}},"rotation":{"origin":[5.4539485,1.9754801,6.03369],"angle":45.0,"axis":"x"}},{"from":[4.9879827,4.5579586,12.285097],"to":[6.0129824,5.3779583,12.900097],"faces":{"east":{"uv":[3.875,8.875,4.0,9.125],"tintindex":0,"rotation":0,"texture":"#0"},"south":{"uv":[1.125,11.625,1.375,11.875],"tintindex":0,"rotation":0,"texture":"#0"},"north":{"uv":[0.375,11.375,0.625,11.625],"tintindex":0,"rotation":0,"texture":"#0"},"west":{"uv":[8.75,9.0,8.875,9.25],"tintindex":0,"rotation":0,"texture":"#0"},"up":{"uv":[6.875,12.125,6.625,12.0],"tintindex":0,"rotation":0,"texture":"#0"},"down":{"uv":[2.125,12.125,1.875,12.25],"tintindex":0,"rotation":0,"texture":"#0"}},"rotation":{"origin":[5.4539485,1.9754801,6.03369],"angle":-45.0,"axis":"x"}},{"from":[3.5529823,7.201887,1.8112121],"to":[5.1929827,8.226887,2.8362122],"faces":{"east":{"uv":[3.5,2.75,3.75,3.0],"tintindex":0,"rotation":0,"texture":"#0"},"south":{"uv":[7.25,6.25,7.625,6.5],"tintindex":0,"rotation":0,"texture":"#0"},"north":{"uv":[7.25,1.875,7.625,2.125],"tintindex":0,"rotation":0,"texture":"#0"},"west":{"uv":[1.25,4.875,1.5,5.125],"tintindex":0,"rotation":0,"texture":"#0"},"up":{"uv":[7.625,8.0,7.25,7.75],"tintindex":0,"rotation":0,"texture":"#0"},"down":{"uv":[6.25,9.125,5.875,9.375],"tintindex":0,"rotation":0,"texture":"#0"}},"rotation":{"origin":[5.4539485,1.9754801,6.03369],"angle":45.0,"axis":"x"}},{"from":[4.1679826,5.3779583,12.285097],"to":[6.0129824,6.197958,12.900097],"faces":{"east":{"uv":[2.125,7.5,2.25,7.75],"tintindex":0,"rotation":0,"texture":"#0"},"south":{"uv":[1.625,8.375,2.125,8.625],"tintindex":0,"rotation":0,"texture":"#0"},"north":{"uv":[1.5,3.75,2.0,4.0],"tintindex":0,"rotation":0,"texture":"#0"},"west":{"uv":[7.125,8.625,7.25,8.875],"tintindex":0,"rotation":0,"texture":"#0"},"up":{"uv":[10.5,4.25,10.0,4.125],"tintindex":0,"rotation":0,"texture":"#0"},"down":{"uv":[10.75,2.875,10.25,3.0],"tintindex":0,"rotation":0,"texture":"#0"}},"rotation":{"origin":[5.4539485,1.9754801,6.03369],"angle":-45.0,"axis":"x"}},{"from":[4.1679826,7.406887,1.1962123],"to":[6.0129824,8.8418865,1.8112121],"faces":{"east":{"uv":[2.625,5.25,2.75,5.625],"tintindex":0,"rotation":0,"texture":"#0"},"south":{"uv":[6.125,12.0,6.625,12.375],"tintindex":0,"rotation":0,"texture":"#0"},"north":{"uv":[4.75,12.0,5.25,12.375],"tintindex":0,"rotation":0,"texture":"#0"},"west":{"uv":[8.0,4.875,8.125,5.25],"tintindex":0,"rotation":0,"texture":"#0"},"up":{"uv":[8.75,4.875,8.25,4.75],"tintindex":0,"rotation":0,"texture":"#0"},"down":{"uv":[8.0,9.625,7.5,9.75],"tintindex":0,"rotation":0,"texture":"#0"}},"rotation":{"origin":[5.4539485,1.9754801,6.03369],"angle":45.0,"axis":"x"}}],"display":{"head":{"rotation":[0.0,0.0,0.0]},"firstperson_righthand":{"rotation":[0.0,0.0,0.0]},"thirdperson_lefthand":{"rotation":[0.0,-0.0,-0.0]},"firstperson_lefthand":{"rotation":[0.0,-0.0,-0.0]},"fixed":{"rotation":[0.0,0.0,0.0]},"ground":{"rotation":[0.0,0.0,0.0]},"thirdperson_righthand":{"rotation":[0.0,0.0,0.0]},"gui":{"rotation":[-150.0,-45.0,180.0]}}}