{"textures":{"0":"modelengine:entity/shadowguardian","particle":"#0"},"elements":[{"from":[9.737018,4.5521145,12.499817],"to":[10.762017,5.372114,13.114817],"faces":{"east":{"uv":[12.875,3.75,13.0,4.0],"tintindex":0,"rotation":0,"texture":"#0"},"south":{"uv":[12.625,10.875,12.875,11.125],"tintindex":0,"rotation":0,"texture":"#0"},"north":{"uv":[12.625,10.375,12.875,10.625],"tintindex":0,"rotation":0,"texture":"#0"},"west":{"uv":[12.875,4.0,13.0,4.25],"tintindex":0,"rotation":0,"texture":"#0"},"up":{"uv":[13.125,4.375,12.875,4.25],"tintindex":0,"rotation":0,"texture":"#0"},"down":{"uv":[13.125,4.375,12.875,4.5],"tintindex":0,"rotation":0,"texture":"#0"}},"rotation":{"origin":[10.053892,1.7133684,6.133996],"angle":-45.0,"axis":"x"}},{"from":[8.917017,7.2058773,6.5921817],"to":[13.837017,8.640877,8.437181],"faces":{"east":{"uv":[7.75,12.125,8.25,12.5],"tintindex":0,"rotation":0,"texture":"#0"},"south":{"uv":[10.0,9.375,11.25,9.75],"tintindex":0,"rotation":0,"texture":"#0"},"north":{"uv":[10.0,3.75,11.25,4.125],"tintindex":0,"rotation":0,"texture":"#0"},"west":{"uv":[9.375,12.125,9.875,12.5],"tintindex":0,"rotation":0,"texture":"#0"},"up":{"uv":[10.25,1.625,9.0,1.125],"tintindex":0,"rotation":0,"texture":"#0"},"down":{"uv":[10.25,2.5,9.0,3.0],"tintindex":0,"rotation":0,"texture":"#0"}}},{"from":[6.212037,6.9034424,1.5395031],"to":[10.3120365,8.338442,2.974503],"faces":{"east":{"uv":[0.75,12.375,1.125,12.75],"tintindex":0,"rotation":0,"texture":"#0"},"south":{"uv":[10.75,8.0,11.75,8.375],"tintindex":0,"rotation":0,"texture":"#0"},"north":{"uv":[10.75,7.625,11.75,8.0],"tintindex":0,"rotation":0,"texture":"#0"},"west":{"uv":[12.375,1.625,12.75,2.0],"tintindex":0,"rotation":0,"texture":"#0"},"up":{"uv":[11.75,10.75,10.75,10.375],"tintindex":0,"rotation":0,"texture":"#0"},"down":{"uv":[11.75,10.75,10.75,11.125],"tintindex":0,"rotation":0,"texture":"#0"}},"rotation":{"origin":[10.053892,1.7133684,6.133996],"angle":45.0,"axis":"x"}},{"from":[10.557017,7.0541897,1.6552501],"to":[12.197018,8.079189,2.6802502],"faces":{"east":{"uv":[12.625,8.25,12.875,8.5],"tintindex":0,"rotation":0,"texture":"#0"},"south":{"uv":[12.5,6.375,12.875,6.625],"tintindex":0,"rotation":0,"texture":"#0"},"north":{"uv":[12.5,5.875,12.875,6.125],"tintindex":0,"rotation":0,"texture":"#0"},"west":{"uv":[12.625,8.5,12.875,8.75],"tintindex":0,"rotation":0,"texture":"#0"},"up":{"uv":[12.875,6.875,12.5,6.625],"tintindex":0,"rotation":0,"texture":"#0"},"down":{"uv":[12.875,6.875,12.5,7.125],"tintindex":0,"rotation":0,"texture":"#0"}},"rotation":{"origin":[10.053892,1.7133684,6.133996],"angle":45.0,"axis":"x"}},{"from":[9.737018,5.372114,12.499817],"to":[11.582018,6.192114,13.114817],"faces":{"east":{"uv":[12.875,3.25,13.0,3.5],"tintindex":0,"rotation":0,"texture":"#0"},"south":{"uv":[12.0,8.875,12.5,9.125],"tintindex":0,"rotation":0,"texture":"#0"},"north":{"uv":[12.0,6.75,12.5,7.0],"tintindex":0,"rotation":0,"texture":"#0"},"west":{"uv":[12.875,3.5,13.0,3.75],"tintindex":0,"rotation":0,"texture":"#0"},"up":{"uv":[13.125,0.375,12.625,0.25],"tintindex":0,"rotation":0,"texture":"#0"},"down":{"uv":[13.125,4.5,12.625,4.625],"tintindex":0,"rotation":0,"texture":"#0"}},"rotation":{"origin":[10.053892,1.7133684,6.133996],"angle":-45.0,"axis":"x"}},{"from":[9.737018,7.2591896,1.0402498],"to":[11.582018,8.694189,1.6552501],"faces":{"east":{"uv":[6.25,8.125,6.375,8.5],"tintindex":0,"rotation":0,"texture":"#0"},"south":{"uv":[11.625,12.125,12.125,12.5],"tintindex":0,"rotation":0,"texture":"#0"},"north":{"uv":[12.125,11.5,12.625,11.875],"tintindex":0,"rotation":0,"texture":"#0"},"west":{"uv":[3.875,8.5,4.0,8.875],"tintindex":0,"rotation":0,"texture":"#0"},"up":{"uv":[12.75,10.875,12.25,10.75],"tintindex":0,"rotation":0,"texture":"#0"},"down":{"uv":[12.875,11.375,12.375,11.5],"tintindex":0,"rotation":0,"texture":"#0"}},"rotation":{"origin":[10.053892,1.7133684,6.133996],"angle":45.0,"axis":"x"}},{"from":[5.7770176,6.02919,0.42525005],"to":[8.917017,9.309189,3.7052498],"faces":{"east":{"uv":[7.375,3.125,8.25,4.0],"tintindex":0,"rotation":0,"texture":"#0"},"south":{"uv":[4.5,11.0,4.875,11.875],"tintindex":0,"rotation":0,"texture":"#0"},"north":{"uv":[4.125,11.25,4.75,11.875],"tintindex":0,"rotation":0,"texture":"#0"},"west":{"uv":[7.375,4.0,8.25,4.875],"tintindex":0,"rotation":0,"texture":"#0"},"up":{"uv":[4.125,11.25,4.75,11.875],"tintindex":0,"rotation":180,"texture":"#0"},"down":{"uv":[4.125,11.25,4.75,11.875],"tintindex":0,"rotation":180,"texture":"#0"}},"rotation":{"origin":[10.053892,1.7133684,6.133996],"angle":45.0,"axis":"x"}},{"from":[9.737018,6.43919,1.0402498],"to":[10.762017,7.2591896,1.6552501],"faces":{"east":{"uv":[12.875,2.5,13.0,2.75],"tintindex":0,"rotation":0,"texture":"#0"},"south":{"uv":[10.25,12.625,10.5,12.875],"tintindex":0,"rotation":0,"texture":"#0"},"north":{"uv":[12.625,9.125,12.875,9.375],"tintindex":0,"rotation":0,"texture":"#0"},"west":{"uv":[12.875,2.75,13.0,3.0],"tintindex":0,"rotation":0,"texture":"#0"},"up":{"uv":[13.125,3.125,12.875,3.0],"tintindex":0,"rotation":0,"texture":"#0"},"down":{"uv":[13.125,3.125,12.875,3.25],"tintindex":0,"rotation":0,"texture":"#0"}},"rotation":{"origin":[10.053892,1.7133684,6.133996],"angle":45.0,"axis":"x"}}],"display":{"head":{"rotation":[0.0,0.0,0.0]},"firstperson_righthand":{"rotation":[0.0,0.0,0.0]},"thirdperson_lefthand":{"rotation":[0.0,-0.0,-0.0]},"firstperson_lefthand":{"rotation":[0.0,-0.0,-0.0]},"fixed":{"rotation":[0.0,0.0,0.0]},"ground":{"rotation":[0.0,0.0,0.0]},"thirdperson_righthand":{"rotation":[0.0,0.0,0.0]},"gui":{"rotation":[-150.0,-45.0,180.0]}}}