{"textures":{"0":"modelengine:entity/shadowguardian","particle":"#0"},"elements":[{"from":[17.103054,5.769066,7.356297],"to":[17.865654,6.630066,8.045097],"faces":{"east":{"uv":[12.875,4.875,13.0,5.125],"tintindex":0,"rotation":0,"texture":"#0"},"south":{"uv":[12.0,12.625,12.25,12.875],"tintindex":0,"rotation":0,"texture":"#0"},"north":{"uv":[12.625,11.5,12.875,11.75],"tintindex":0,"rotation":0,"texture":"#0"},"west":{"uv":[12.875,5.125,13.0,5.375],"tintindex":0,"rotation":0,"texture":"#0"},"up":{"uv":[5.5,13.0,5.25,12.875],"tintindex":0,"rotation":0,"texture":"#0"},"down":{"uv":[13.125,5.375,12.875,5.5],"tintindex":0,"rotation":0,"texture":"#0"}},"rotation":{"origin":[9.021492,2.103773,4.769349],"angle":22.5,"axis":"z"}},{"from":[9.017355,7.41136,10.606522],"to":[10.509754,9.297359,12.238321],"faces":{"east":{"uv":[12.25,7.5,12.625,8.0],"tintindex":0,"rotation":0,"texture":"#0"},"south":{"uv":[9.0,12.25,9.375,12.75],"tintindex":0,"rotation":0,"texture":"#0"},"north":{"uv":[5.625,12.25,6.0,12.75],"tintindex":0,"rotation":0,"texture":"#0"},"west":{"uv":[9.875,12.25,10.25,12.75],"tintindex":0,"rotation":0,"texture":"#0"},"up":{"uv":[3.75,12.75,3.375,12.375],"tintindex":0,"rotation":0,"texture":"#0"},"down":{"uv":[4.125,12.375,3.75,12.75],"tintindex":0,"rotation":0,"texture":"#0"}},"rotation":{"origin":[9.021492,2.103773,4.769349],"angle":45.0,"axis":"y"}},{"from":[13.737852,10.976019,7.356297],"to":[15.525452,11.837019,8.045097],"faces":{"east":{"uv":[9.875,12.875,10.0,13.125],"tintindex":0,"rotation":0,"texture":"#0"},"south":{"uv":[6.0,12.375,6.5,12.625],"tintindex":0,"rotation":0,"texture":"#0"},"north":{"uv":[12.375,0.375,12.875,0.625],"tintindex":0,"rotation":0,"texture":"#0"},"west":{"uv":[12.875,9.875,13.0,10.125],"tintindex":0,"rotation":0,"texture":"#0"},"up":{"uv":[13.125,10.75,12.625,10.625],"tintindex":0,"rotation":0,"texture":"#0"},"down":{"uv":[13.125,11.75,12.625,11.875],"tintindex":0,"rotation":0,"texture":"#0"}},"rotation":{"origin":[9.021492,2.103773,4.769349],"angle":-22.5,"axis":"z"}},{"from":[10.654541,12.716904,8.4222975],"to":[11.827141,13.167904,8.7010975],"faces":{"east":{"uv":[6.0,12.25,6.125,12.375],"tintindex":0,"rotation":0,"texture":"#0"},"south":{"uv":[9.25,12.875,9.5,13.0],"tintindex":0,"rotation":0,"texture":"#0"},"north":{"uv":[12.875,9.125,13.125,9.25],"tintindex":0,"rotation":0,"texture":"#0"},"west":{"uv":[8.25,12.375,8.375,12.5],"tintindex":0,"rotation":0,"texture":"#0"},"up":{"uv":[13.125,9.375,12.875,9.25],"tintindex":0,"rotation":0,"texture":"#0"},"down":{"uv":[13.125,9.375,12.875,9.5],"tintindex":0,"rotation":0,"texture":"#0"}},"rotation":{"origin":[9.021492,2.103773,4.769349],"angle":-45.0,"axis":"z"}},{"from":[15.466595,8.48073,8.217297],"to":[17.049194,9.34173,8.906097],"faces":{"east":{"uv":[12.875,7.625,13.0,7.875],"tintindex":0,"rotation":0,"texture":"#0"},"south":{"uv":[12.5,12.125,12.875,12.375],"tintindex":0,"rotation":0,"texture":"#0"},"north":{"uv":[12.5,11.875,12.875,12.125],"tintindex":0,"rotation":0,"texture":"#0"},"west":{"uv":[7.75,12.875,7.875,13.125],"tintindex":0,"rotation":0,"texture":"#0"},"up":{"uv":[8.0,12.875,7.625,12.75],"tintindex":0,"rotation":0,"texture":"#0"},"down":{"uv":[8.375,12.75,8.0,12.875],"tintindex":0,"rotation":0,"texture":"#0"}}},{"from":[11.269541,12.921904,7.561297],"to":[12.442141,13.372904,7.840097],"faces":{"east":{"uv":[12.5,7.375,12.625,7.5],"tintindex":0,"rotation":0,"texture":"#0"},"south":{"uv":[12.875,10.375,13.125,10.5],"tintindex":0,"rotation":0,"texture":"#0"},"north":{"uv":[10.25,12.875,10.5,13.0],"tintindex":0,"rotation":0,"texture":"#0"},"west":{"uv":[12.0,12.5,12.125,12.625],"tintindex":0,"rotation":0,"texture":"#0"},"up":{"uv":[13.125,10.625,12.875,10.5],"tintindex":0,"rotation":0,"texture":"#0"},"down":{"uv":[11.125,12.875,10.875,13.0],"tintindex":0,"rotation":0,"texture":"#0"}},"rotation":{"origin":[9.021492,2.103773,4.769349],"angle":-45.0,"axis":"z"}},{"from":[14.1791935,7.6607304,6.495297],"to":[15.466595,9.34173,9.767097],"faces":{"east":{"uv":[11.125,0.0,12.0,0.375],"tintindex":0,"rotation":0,"texture":"#0"},"south":{"uv":[4.875,12.375,5.25,12.75],"tintindex":0,"rotation":0,"texture":"#0"},"north":{"uv":[4.5,12.375,4.875,12.75],"tintindex":0,"rotation":0,"texture":"#0"},"west":{"uv":[11.125,1.375,12.0,1.75],"tintindex":0,"rotation":0,"texture":"#0"},"up":{"uv":[5.25,12.0,4.875,11.125],"tintindex":0,"rotation":0,"texture":"#0"},"down":{"uv":[5.625,11.125,5.25,12.0],"tintindex":0,"rotation":0,"texture":"#0"}}},{"from":[13.737852,10.976019,6.495297],"to":[15.115452,11.837019,7.1840973],"faces":{"east":{"uv":[12.875,7.125,13.0,7.375],"tintindex":0,"rotation":0,"texture":"#0"},"south":{"uv":[7.75,12.5,8.125,12.75],"tintindex":0,"rotation":0,"texture":"#0"},"north":{"uv":[12.5,7.125,12.875,7.375],"tintindex":0,"rotation":0,"texture":"#0"},"west":{"uv":[7.25,12.875,7.375,13.125],"tintindex":0,"rotation":0,"texture":"#0"},"up":{"uv":[5.625,12.875,5.25,12.75],"tintindex":0,"rotation":0,"texture":"#0"},"down":{"uv":[6.0,12.75,5.625,12.875],"tintindex":0,"rotation":0,"texture":"#0"}},"rotation":{"origin":[9.021492,2.103773,4.769349],"angle":-22.5,"axis":"z"}},{"from":[13.327852,10.771019,9.078297],"to":[14.500452,11.632019,9.767097],"faces":{"east":{"uv":[8.875,12.875,9.0,13.125],"tintindex":0,"rotation":0,"texture":"#0"},"south":{"uv":[3.75,12.75,4.0,13.0],"tintindex":0,"rotation":0,"texture":"#0"},"north":{"uv":[3.5,12.75,3.75,13.0],"tintindex":0,"rotation":0,"texture":"#0"},"west":{"uv":[12.875,8.875,13.0,9.125],"tintindex":0,"rotation":0,"texture":"#0"},"up":{"uv":[13.125,8.75,12.875,8.625],"tintindex":0,"rotation":0,"texture":"#0"},"down":{"uv":[9.25,12.875,9.0,13.0],"tintindex":0,"rotation":0,"texture":"#0"}},"rotation":{"origin":[9.021492,2.103773,4.769349],"angle":-22.5,"axis":"z"}},{"from":[10.96764,2.8425512,10.325896],"to":[12.607639,5.3025513,12.785896],"faces":{"east":{"uv":[10.125,10.5,10.75,11.125],"tintindex":0,"rotation":0,"texture":"#0"},"south":{"uv":[11.875,2.75,12.25,3.375],"tintindex":0,"rotation":0,"texture":"#0"},"north":{"uv":[1.5,11.875,1.875,12.5],"tintindex":0,"rotation":0,"texture":"#0"},"west":{"uv":[2.125,10.625,2.75,11.25],"tintindex":0,"rotation":0,"texture":"#0"},"up":{"uv":[12.25,4.0,11.875,3.375],"tintindex":0,"rotation":0,"texture":"#0"},"down":{"uv":[12.25,4.0,11.875,4.625],"tintindex":0,"rotation":0,"texture":"#0"}},"rotation":{"origin":[9.021492,2.103773,4.769349],"angle":-45.0,"axis":"x"}},{"from":[13.369156,7.00136,8.057567],"to":[14.861557,7.86236,8.877566],"faces":{"east":{"uv":[12.75,2.125,13.0,2.375],"tintindex":0,"rotation":0,"texture":"#0"},"south":{"uv":[8.5,12.5,8.875,12.75],"tintindex":0,"rotation":0,"texture":"#0"},"north":{"uv":[8.125,12.5,8.5,12.75],"tintindex":0,"rotation":0,"texture":"#0"},"west":{"uv":[2.25,12.75,2.5,13.0],"tintindex":0,"rotation":0,"texture":"#0"},"up":{"uv":[12.875,9.125,12.5,8.875],"tintindex":0,"rotation":0,"texture":"#0"},"down":{"uv":[9.75,12.5,9.375,12.75],"tintindex":0,"rotation":0,"texture":"#0"}},"rotation":{"origin":[9.021492,2.103773,4.769349],"angle":22.5,"axis":"y"}},{"from":[13.737852,10.976019,8.217297],"to":[14.910452,11.837019,8.906097],"faces":{"east":{"uv":[9.5,12.875,9.625,13.125],"tintindex":0,"rotation":0,"texture":"#0"},"south":{"uv":[4.25,12.75,4.5,13.0],"tintindex":0,"rotation":0,"texture":"#0"},"north":{"uv":[4.0,12.75,4.25,13.0],"tintindex":0,"rotation":0,"texture":"#0"},"west":{"uv":[12.875,9.5,13.0,9.75],"tintindex":0,"rotation":0,"texture":"#0"},"up":{"uv":[9.875,13.0,9.625,12.875],"tintindex":0,"rotation":0,"texture":"#0"},"down":{"uv":[13.125,9.75,12.875,9.875],"tintindex":0,"rotation":0,"texture":"#0"}},"rotation":{"origin":[9.021492,2.103773,4.769349],"angle":-22.5,"axis":"z"}},{"from":[13.094442,7.41136,7.108164],"to":[15.406843,9.502359,8.944963],"faces":{"east":{"uv":[10.375,11.75,10.875,12.25],"tintindex":0,"rotation":0,"texture":"#0"},"south":{"uv":[11.25,3.375,11.875,3.875],"tintindex":0,"rotation":0,"texture":"#0"},