{"textures":{"0":"modelengine:entity/orc_minion","particle":"#0"},"elements":[{"from":[6.1375895,2.189211,5.63636],"to":[10.13759,8.189211,10.63636],"faces":{"east":{"uv":[6.754,1.629,7.371,2.371],"tintindex":0,"rotation":0,"texture":"#0"},"south":{"uv":[0.004,8.379,0.496,9.121],"tintindex":0,"rotation":0,"texture":"#0"},"north":{"uv":[8.254,8.004,8.746,8.746],"tintindex":0,"rotation":0,"texture":"#0"},"west":{"uv":[6.879,2.504,7.496,3.246],"tintindex":0,"rotation":0,"texture":"#0"},"up":{"uv":[4.996,9.496,4.504,8.879],"tintindex":0,"rotation":0,"texture":"#0"},"down":{"uv":[5.621,8.879,5.129,9.496],"tintindex":0,"rotation":0,"texture":"#0"}}},{"from":[9.13759,-0.54332924,5.63636],"to":[10.13759,1.4566708,6.63636],"faces":{"east":{"uv":[9.629,6.379,9.746,6.621],"tintindex":0,"rotation":0,"texture":"#0"},"south":{"uv":[9.629,7.754,9.746,7.996],"tintindex":0,"rotation":0,"texture":"#0"},"north":{"uv":[9.629,6.004,9.746,6.246],"tintindex":0,"rotation":0,"texture":"#0"},"west":{"uv":[9.629,8.129,9.746,8.371],"tintindex":0,"rotation":0,"texture":"#0"},"up":{"uv":[3.996,9.871,3.879,9.754],"tintindex":0,"rotation":0,"texture":"#0"},"down":{"uv":[4.246,9.754,4.129,9.871],"tintindex":0,"rotation":0,"texture":"#0"}},"rotation":{"origin":[9.63759,0.45667076,6.13636],"angle":-22.5,"axis":"z"}},{"from":[9.48221,1.1892109,5.63636],"to":[10.48221,2.189211,6.63636],"faces":{"east":{"uv":[6.754,9.754,6.871,9.871],"tintindex":0,"rotation":0,"texture":"#0"},"south":{"uv":[7.004,9.754,7.121,9.871],"tintindex":0,"rotation":0,"texture":"#0"},"north":{"uv":[9.754,5.004,9.871,5.121],"tintindex":0,"rotation":0,"texture":"#0"},"west":{"uv":[9.754,7.254,9.871,7.371],"tintindex":0,"rotation":0,"texture":"#0"},"up":{"uv":[9.871,7.621,9.754,7.504],"tintindex":0,"rotation":0,"texture":"#0"},"down":{"uv":[8.871,9.754,8.754,9.871],"tintindex":0,"rotation":0,"texture":"#0"}}},{"from":[6.48221,-1.5433292,9.63636],"to":[7.4822097,0.45667076,10.63636],"faces":{"east":{"uv":[8.254,9.504,8.371,9.746],"tintindex":0,"rotation":0,"texture":"#0"},"south":{"uv":[8.504,9.504,8.621,9.746],"tintindex":0,"rotation":0,"texture":"#0"},"north":{"uv":[8.004,9.504,8.121,9.746],"tintindex":0,"rotation":0,"texture":"#0"},"west":{"uv":[1.254,9.629,1.371,9.871],"tintindex":0,"rotation":0,"texture":"#0"},"up":{"uv":[9.871,1.371,9.754,1.254],"tintindex":0,"rotation":0,"texture":"#0"},"down":{"uv":[9.871,2.129,9.754,2.246],"tintindex":0,"rotation":0,"texture":"#0"}},"rotation":{"origin":[6.98221,-0.54332924,10.13636],"angle":22.5,"axis":"z"}},{"from":[6.48221,-1.5433292,5.63636],"to":[7.4822097,0.45667076,6.63636],"faces":{"east":{"uv":[5.254,9.629,5.371,9.871],"tintindex":0,"rotation":0,"texture":"#0"},"south":{"uv":[5.504,9.629,5.621,9.871],"tintindex":0,"rotation":0,"texture":"#0"},"north":{"uv":[5.004,9.629,5.121,9.871],"tintindex":0,"rotation":0,"texture":"#0"},"west":{"uv":[9.629,5.629,9.746,5.871],"tintindex":0,"rotation":0,"texture":"#0"},"up":{"uv":[3.496,9.871,3.379,9.754],"tintindex":0,"rotation":0,"texture":"#0"},"down":{"uv":[3.746,9.754,3.629,9.871],"tintindex":0,"rotation":0,"texture":"#0"}},"rotation":{"origin":[6.98221,-0.54332924,6.13636],"angle":22.5,"axis":"z"}},{"from":[6.1375895,0.18921089,5.63636],"to":[7.13759,2.189211,6.63636],"faces":{"east":{"uv":[3.379,9.379,3.496,9.621],"tintindex":0,"rotation":0,"texture":"#0"},"south":{"uv":[9.379,4.629,9.496,4.871],"tintindex":0,"rotation":0,"texture":"#0"},"north":{"uv":[1.379,8.879,1.496,9.121],"tintindex":0,"rotation":0,"texture":"#0"},"west":{"uv":[9.379,7.754,9.496,7.996],"tintindex":0,"rotation":0,"texture":"#0"},"up":{"uv":[2.871,5.246,2.754,5.129],"tintindex":0,"rotation":0,"texture":"#0"},"down":{"uv":[5.746,0.879,5.629,0.996],"tintindex":0,"rotation":0,"texture":"#0"}}},{"from":[6.48221,-1.5433292,8.31136],"to":[7.4822097,0.45667076,9.31136],"faces":{"east":{"uv":[8.254,9.504,8.371,9.746],"tintindex":0,"rotation":0,"texture":"#0"},"south":{"uv":[8.504,9.504,8.621,9.746],"tintindex":0,"rotation":0,"texture":"#0"},"north":{"uv":[8.004,9.504,8.121,9.746],"tintindex":0,"rotation":0,"texture":"#0"},"west":{"uv":[1.254,9.629,1.371,9.871],"tintindex":0,"rotation":0,"texture":"#0"},"up":{"uv":[9.871,1.371,9.754,1.254],"tintindex":0,"rotation":0,"texture":"#0"},"down":{"uv":[9.871,2.129,9.754,2.246],"tintindex":0,"rotation":0,"texture":"#0"}},"rotation":{"origin":[6.98221,-0.54332924,8.81136],"angle":22.5,"axis":"z"}},{"from":[5.6375895,3.189211,5.13636],"to":[10.63759,7.189211,11.13636],"faces":{"east":{"uv":[8.504,4.629,9.246,5.121],"tintindex":0,"rotation":0,"texture":"#0"},"south":{"uv":[8.004,8.879,8.621,9.371],"tintindex":0,"rotation":0,"texture":"#0"},"north":{"uv":[7.254,8.879,7.871,9.371],"tintindex":0,"rotation":0,"texture":"#0"},"west":{"uv":[1.629,8.629,2.371,9.121],"tintindex":0,"rotation":0,"texture":"#0"},"up":{"uv":[4.746,7.746,4.129,7.004],"tintindex":0,"rotation":0,"texture":"#0"},"down":{"uv":[7.621,4.879,7.004,5.621],"tintindex":0,"rotation":0,"texture":"#0"}}},{"from":[6.1375895,0.18921089,9.63636],"to":[7.13759,2.189211,10.63636],"faces":{"east":{"uv":[7.254,9.504,7.371,9.746],"tintindex":0,"rotation":0,"texture":"#0"},"south":{"uv":[7.504,9.504,7.621,9.746],"tintindex":0,"rotation":0,"texture":"#0"},"north":{"uv":[6.504,9.504,6.621,9.746],"tintindex":0,"rotation":0,"texture":"#0"},"west":{"uv":[7.754,9.504,7.871,9.746],"tintindex":0,"rotation":0,"texture":"#0"},"up":{"uv":[9.871,0.496,9.754,0.379],"tintindex":0,"rotation":0,"texture":"#0"},"down":{"uv":[9.871,1.004,9.754,1.121],"tintindex":0,"rotation":0,"texture":"#0"}}},{"from":[6.1375895,0.18921089,6.96136],"to":[7.13759,2.189211,7.96136],"faces":{"east":{"uv":[3.379,9.379,3.496,9.621],"tintindex":0,"rotation":0,"texture":"#0"},"south":{"uv":[9.379,4.629,9.496,4.871],"tintindex":0,"rotation":0,"texture":"#0"},"north":{"uv":[1.379,8.879,1.496,9.121],"tintindex":0,"rotation":0,"texture":"#0"},"west":{"uv":[9.379,7.754,9.496,7.996],"tintindex":0,"rotation":0,"texture":"#0"},"up":{"uv":[2.871,5.246,2.754,5.129],"tintindex":0,"rotation":0,"texture":"#0"},"down":{"uv":[5.746,0.879,5.629,0.996],"tintindex":0,"rotation":0,"texture":"#0"}}},{"from":[6.1375895,0.18921089,8.31136],"to":[7.13759,2.189211,9.31136],"faces":{"east":{"uv":[7.254,9.504,7.371,9.746],"tintindex":0,"rotation":0,"texture":"#0"},"south":{"uv":[7.504,9.504,7.621,9.746],"tintindex":0,"rotation":0,"texture":"#0"},"north":{"uv":[6.504,9.504,6.621,9.746],"tintindex":0,"rotation":0,"texture":"#0"},"west":{"uv":[7.754,9.504,7.871,9.746],"tintindex":0,"rotation":0,"texture":"#0"},"up":{"uv":[9.871,0.496,9.754,0.379],"tintindex":0,"rotation":0,"texture":"#0"},"down":{"uv":[9.871,1.004,9.754,1.121],"tintindex":0,"rotation":0,"texture":"#0"}}},{"from":[6.48221,-1.5433292,6.96136],"to":[7.4822097,0.45667076,7.96136],"faces":{"east":{"uv":[5.254,9.629,5.371,9.871],"tintindex":0,"rotation":0,"texture":"#0"},"south":{"uv":[5.504,9.629,5.621,9.871],"tintindex":0,"rotation":0,"texture":"#0"},"north":{"uv":[5.004,9.629,5.121,9.871],"tintindex":0,"rotation":0,"texture":"#0"},"west":{"uv":[9.629,5.629,9.746,5.871],"tintindex":0,"rotation":0,"texture":"#0"},"up":{"uv":[3.496,9.871,3.379,9.754],"tintindex":0,"rotation":0,"texture":"#0"},"down":{"uv":[3.746,9.754,3.629,9.871],"tintindex":0,"rotation":0,"texture":"#0"}},"rotation":{"origin":[6.98221,-0.54332924,7.46136],"angle":22.5,"axis":"z"}}],"display":{"head":{"rotation":[0.0,0.0,0.0]},"firstperson_righthand":{"rotation":[0.0,0.0,0.0]},"thirdperson_lefthand":{"rotation":[0.0,-0.0,-0.0]},"firstperson_lefthand":{"rotation":[0.0,-0.0,-0.0]},"fixed":{"rotation":[0.0,0.0,0.0]},"ground":{"rotation":[0.0,0.0,0.0]},"thirdperson_righthand":{"rotation":[0.0,0.0,0.0]},"gui":{"rotation":[-150.0,-45.0,180.0]}}}