{"textures":{"0":"modelengine:entity/nocsy_algarok_enraged","particle":"#0"},"elements":[{"from":[5.995,12.044999,-2.0549994],"to":[10.005,17.055,7.955001],"faces":{"east":{"uv":[4.71875,3.84375,5.34375,4.15625],"tintindex":0,"rotation":0,"texture":"#0"},"south":{"uv":[7.5,0.25,7.75,0.5625],"tintindex":0,"rotation":0,"texture":"#0"},"north":{"uv":[3.15625,7.46875,3.40625,7.78125],"tintindex":0,"rotation":0,"texture":"#0"},"west":{"uv":[4.0625,4.71875,4.6875,5.03125],"tintindex":0,"rotation":0,"texture":"#0"},"up":{"uv":[3.6875,6.34375,3.4375,5.71875],"tintindex":0,"rotation":0,"texture":"#0"},"down":{"uv":[6.125,1.21875,5.875,1.84375],"tintindex":0,"rotation":0,"texture":"#0"}},"rotation":{"origin":[6.75,8.45,-2.6999998],"angle":-22.5,"axis":"x"}},{"from":[6.25,8.813385,-12.411575],"to":[9.75,13.813385,-4.4115753],"faces":{"east":{"uv":[5.59375,4.21875,6.09375,4.53125],"tintindex":0,"rotation":0,"texture":"#0"},"south":{"uv":[7.90625,4.84375,8.125,5.15625],"tintindex":0,"rotation":0,"texture":"#0"},"north":{"uv":[0.625,7.90625,0.84375,8.21875],"tintindex":0,"rotation":0,"texture":"#0"},"west":{"uv":[5.75,2.75,6.25,3.0625],"tintindex":0,"rotation":0,"texture":"#0"},"up":{"uv":[5.0,7.15625,4.78125,6.65625],"tintindex":0,"rotation":0,"texture":"#0"},"down":{"uv":[3.65625,6.6875,3.4375,7.1875],"tintindex":0,"rotation":0,"texture":"#0"}},"rotation":{"origin":[8.0,14.071102,-8.340864],"angle":-45.0,"axis":"x"}},{"from":[3.75,3.6999998,15.200001],"to":[12.25,8.2,20.2],"faces":{"east":{"uv":[0.5625,3.875,0.875,4.15625],"tintindex":0,"rotation":0,"texture":"#0"},"south":{"uv":[6.15625,2.03125,6.6875,2.3125],"tintindex":0,"rotation":0,"texture":"#0"},"north":{"uv":[6.15625,0.375,6.6875,0.65625],"tintindex":0,"rotation":0,"texture":"#0"},"west":{"uv":[4.9375,0.46875,5.25,0.75],"tintindex":0,"rotation":0,"texture":"#0"},"up":{"uv":[5.875,3.875,5.34375,3.5625],"tintindex":0,"rotation":0,"texture":"#0"},"down":{"uv":[5.9375,4.53125,5.40625,4.84375],"tintindex":0,"rotation":0,"texture":"#0"}},"rotation":{"origin":[13.5,6.7,15.700001],"angle":-22.5,"axis":"x"}},{"from":[3.755,7.205,12.705001],"to":[12.245,11.195001,16.195],"faces":{"east":{"uv":[5.65625,1.21875,5.875,1.46875],"tintindex":0,"rotation":0,"texture":"#0"},"south":{"uv":[4.0,6.375,4.53125,6.625],"tintindex":0,"rotation":0,"texture":"#0"},"north":{"uv":[6.3125,5.90625,6.84375,6.15625],"tintindex":0,"rotation":0,"texture":"#0"},"west":{"uv":[0.0,8.03125,0.21875,8.28125],"tintindex":0,"rotation":0,"texture":"#0"},"up":{"uv":[7.1875,5.53125,6.65625,5.3125],"tintindex":0,"rotation":0,"texture":"#0"},"down":{"uv":[7.1875,5.53125,6.65625,5.75],"tintindex":0,"rotation":0,"texture":"#0"}},"rotation":{"origin":[13.5,6.7,15.700001],"angle":45.0,"axis":"x"}},{"from":[3.505,2.2981062,-10.0425415],"to":[12.495,8.788106,-3.0525408],"faces":{"east":{"uv":[1.46875,5.09375,1.90625,5.5],"tintindex":0,"rotation":0,"texture":"#0"},"south":{"uv":[3.03125,3.875,3.59375,4.28125],"tintindex":0,"rotation":0,"texture":"#0"},"north":{"uv":[0.0,3.875,0.5625,4.28125],"tintindex":0,"rotation":0,"texture":"#0"},"west":{"uv":[5.21875,1.0625,5.65625,1.46875],"tintindex":0,"rotation":0,"texture":"#0"},"up":{"uv":[4.03125,1.5625,3.46875,1.125],"tintindex":0,"rotation":0,"texture":"#0"},"down":{"uv":[3.03125,3.5625,2.46875,4.0],"tintindex":0,"rotation":0,"texture":"#0"}},"rotation":{"origin":[13.25,7.793106,-8.59754],"angle":-45.0,"axis":"x"}},{"from":[2.755,2.705,6.705001],"to":[13.245,11.695001,12.695001],"faces":{"east":{"uv":[1.125,4.15625,1.5,4.71875],"tintindex":0,"rotation":0,"texture":"#0"},"south":{"uv":[2.125,2.28125,2.78125,2.84375],"tintindex":0,"rotation":0,"texture":"#0"},"north":{"uv":[2.28125,0.96875,2.9375,1.53125],"tintindex":0,"rotation":0,"texture":"#0"},"west":{"uv":[2.5,4.5625,2.875,5.125],"tintindex":0,"rotation":0,"texture":"#0"},"up":{"uv":[4.34375,2.96875,3.6875,2.59375],"tintindex":0,"rotation":0,"texture":"#0"},"down":{"uv":[1.53125,3.78125,0.875,4.15625],"tintindex":0,"rotation":0,"texture":"#0"}},"rotation":{"origin":[12.5,6.7,9.450001],"angle":22.5,"axis":"x"}},{"from":[3.7600002,1.8031063,-6.5375404],"to":[12.24,7.783106,3.942459],"faces":{"east":{"uv":[3.59375,1.5625,4.25,1.9375],"tintindex":0,"rotation":0,"texture":"#0"},"south":{"uv":[0.0,4.6875,0.53125,5.0625],"tintindex":0,"rotation":0,"texture":"#0"},"north":{"uv":[2.875,4.65625,3.40625,5.03125],"tintindex":0,"rotation":0,"texture":"#0"},"west":{"uv":[3.65625,0.0,4.3125,0.375],"tintindex":0,"rotation":0,"texture":"#0"},"up":{"uv":[1.71875,3.1875,1.1875,2.53125],"tintindex":0,"rotation":0,"texture":"#0"},"down":{"uv":[0.53125,2.59375,0.0,3.25],"tintindex":0,"rotation":0,"texture":"#0"}},"rotation":{"origin":[13.5,4.543106,-2.2975407],"angle":-22.5,"axis":"x"}},{"from":[3.25,1.6999998,10.700001],"to":[12.75,12.200001,16.7],"faces":{"east":{"uv":[3.65625,3.34375,4.03125,4.0],"tintindex":0,"rotation":0,"texture":"#0"},"south":{"uv":[0.59375,1.9375,1.1875,2.59375],"tintindex":0,"rotation":0,"texture":"#0"},"north":{"uv":[0.0,1.9375,0.59375,2.59375],"tintindex":0,"rotation":0,"texture":"#0"},"west":{"uv":[3.6875,1.9375,4.0625,2.59375],"tintindex":0,"rotation":0,"texture":"#0"},"up":{"uv":[4.75,4.71875,4.15625,4.34375],"tintindex":0,"rotation":0,"texture":"#0"},"down":{"uv":[4.0625,4.40625,3.46875,4.78125],"tintindex":0,"rotation":0,"texture":"#0"}}},{"from":[6.45,8.0,1.3000002],"to":[9.55,18.599998,15.900001],"faces":{"east":{"uv":[0.0,0.0,0.90625,0.65625],"tintindex":0,"rotation":0,"texture":"#0"},"south":{"uv":[6.53125,6.15625,6.71875,6.8125],"tintindex":0,"rotation":0,"texture":"#0"},"north":{"uv":[1.4375,6.4375,1.625,7.09375],"tintindex":0,"rotation":0,"texture":"#0"},"west":{"uv":[0.0,0.65625,0.90625,1.3125],"tintindex":0,"rotation":0,"texture":"#0"},"up":{"uv":[0.5625,6.3125,0.375,5.40625],"tintindex":0,"rotation":0,"texture":"#0"},"down":{"uv":[0.75,5.40625,0.5625,6.3125],"tintindex":0,"rotation":0,"texture":"#0"}},"rotation":{"origin":[7.75,13.200001,7.55],"angle":22.5,"axis":"x"}},{"from":[7.005,5.507725,-11.79211],"to":[8.995,10.9977255,-8.302109],"faces":{"east":{"uv":[2.125,7.65625,2.34375,8.0],"tintindex":0,"rotation":0,"texture":"#0"},"south":{"uv":[0.96875,8.25,1.09375,8.59375],"tintindex":0,"rotation":0,"texture":"#0"},"north":{"uv":[4.84375,6.0,4.96875,6.34375],"tintindex":0,"rotation":0,"texture":"#0"},"west":{"uv":[3.84375,7.65625,4.0625,8.0],"tintindex":0,"rotation":0,"texture":"#0"},"up":{"uv":[2.8125,6.96875,2.6875,6.75],"tintindex":0,"rotation":0,"texture":"#0"},"down":{"uv":[7.5625,8.59375,7.4375,8.8125],"tintindex":0,"rotation":0,"texture":"#0"}},"rotation":{"origin":[8.0,8.252725,-10.04711],"angle":-45.0,"axis":"x"}},{"from":[2.0,3.1999998,2.3000002],"to":[14.0,13.700001,12.300001],"faces":{"east":{"uv":[1.65625,0.5625,2.28125,1.21875],"tintindex":0,"rotation":0,"texture":"#0"},"south":{"uv":[0.90625,0.65625,1.65625,1.3125],"tintindex":0,"rotation":0,"texture":"#0"},"north":{"uv":[0.90625,0.0,1.65625,0.65625],"tintindex":0,"rotation":0,"texture":"#0"},"west":{"uv":[1.5,1.875,2.125,2.53125],"tintindex":0,"rotation":0,"texture":"#0"},"up":{"uv":[0.75,1.9375,0.0,1.3125],"tintindex":0,"rotation":0,"texture":"#0"},"down":{"uv":[1.5,1.3125,0.75,1.9375],"tintindex":0,"rotation":0,"texture":"#0"}},"rotation":{"origin":[11.75,13.200001,7.55],"angle":22.5,"axis":"x"}},{"from":[1.7449999,7.0950003,-3.9049997],"to":[14.255,13.1050005,5.1050005],"faces":{"east":{"uv":[0.5625,4.5625,1.125,4.9375],"tintindex":0,"rotation":0,"texture":"#0"},"south":{"uv":[3.1875,2.96875,3.96875,3.34375],"tintindex":0,"rotation":0,"texture":"#0"},"north":{"uv":[2.4375,0.0,3.21875,0.375],"tintindex":0,"rotation":0,"texture":"#0"},"west":{"uv":[1.9375,4.5625,2.5,4.9375],"tintindex":0,"rotation":0,"texture":"#0"},"up":{"uv":[2.28125,1.875,1.5,1.3125],"tintindex":0,"rotation":0,"texture":"#0"},"down":{"uv":[2.4375,0.0,1.65625,0.5625],"tintindex":0,"rotation":0,"texture":"#0"}},"rotation":{"origin":[11.5,8.45,-2.6999998],"angle":-22.5,