{"textures":{"0":"modelengine:entity/nocsy_algarok_enraged","particle":"#0"},"elements":[{"from":[3.330452,6.466667,12.249736],"to":[5.330452,7.466667,14.583069],"faces":{"east":{"uv":[8.8125,2.375,9.03125,2.46875],"tintindex":0,"rotation":0,"texture":"#0"},"south":{"uv":[8.84375,1.5,9.03125,1.59375],"tintindex":0,"rotation":0,"texture":"#0"},"north":{"uv":[8.84375,0.9375,9.03125,1.03125],"tintindex":0,"rotation":0,"texture":"#0"},"west":{"uv":[2.5,8.8125,2.71875,8.90625],"tintindex":0,"rotation":0,"texture":"#0"},"up":{"uv":[7.90625,8.625,7.71875,8.40625],"tintindex":0,"rotation":0,"texture":"#0"},"down":{"uv":[8.09375,8.40625,7.90625,8.625],"tintindex":0,"rotation":0,"texture":"#0"}},"rotation":{"origin":[2.9971185,6.966667,12.749736],"angle":45.0,"axis":"y"}},{"from":[9.747666,6.1333337,15.533336],"to":[13.414333,8.8,18.866667],"faces":{"east":{"uv":[7.21875,7.625,7.53125,7.875],"tintindex":0,"rotation":0,"texture":"#0"},"south":{"uv":[0.9375,7.40625,1.28125,7.65625],"tintindex":0,"rotation":0,"texture":"#0"},"north":{"uv":[7.40625,0.0,7.75,0.25],"tintindex":0,"rotation":0,"texture":"#0"},"west":{"uv":[7.53125,7.625,7.84375,7.875],"tintindex":0,"rotation":0,"texture":"#0"},"up":{"uv":[7.09375,3.625,6.75,3.3125],"tintindex":0,"rotation":0,"texture":"#0"},"down":{"uv":[5.34375,6.75,5.0,7.0625],"tintindex":0,"rotation":0,"texture":"#0"}},"rotation":{"origin":[11.747666,7.466667,17.2],"angle":-45.0,"axis":"y"}},{"from":[5.833333,5.8,11.233623],"to":[10.166667,9.133334,14.566956],"faces":{"east":{"uv":[0.34375,7.0625,0.65625,7.375],"tintindex":0,"rotation":0,"texture":"#0"},"south":{"uv":[6.4375,3.8125,6.84375,4.125],"tintindex":0,"rotation":0,"texture":"#0"},"north":{"uv":[1.71875,2.53125,2.125,2.84375],"tintindex":0,"rotation":0,"texture":"#0"},"west":{"uv":[0.65625,7.0625,0.96875,7.375],"tintindex":0,"rotation":0,"texture":"#0"},"up":{"uv":[6.84375,4.4375,6.4375,4.125],"tintindex":0,"rotation":0,"texture":"#0"},"down":{"uv":[6.875,0.65625,6.46875,0.96875],"tintindex":0,"rotation":0,"texture":"#0"}}},{"from":[8.835847,7.1333337,21.187992],"to":[10.302514,7.8000007,24.187992],"faces":{"east":{"uv":[6.15625,0.65625,6.4375,0.71875],"tintindex":0,"rotation":0,"texture":"#0"},"south":{"uv":[0.5625,8.5625,0.6875,8.625],"tintindex":0,"rotation":0,"texture":"#0"},"north":{"uv":[8.5,4.3125,8.625,4.375],"tintindex":0,"rotation":0,"texture":"#0"},"west":{"uv":[7.15625,0.875,7.4375,0.9375],"tintindex":0,"rotation":0,"texture":"#0"},"up":{"uv":[3.0625,1.84375,2.9375,1.5625],"tintindex":0,"rotation":0,"texture":"#0"},"down":{"uv":[3.0,4.0,2.875,4.28125],"tintindex":0,"rotation":0,"texture":"#0"}},"rotation":{"origin":[10.035847,7.3000007,22.121326],"angle":-22.5,"axis":"y"}},{"from":[4.5,5.8,14.566956],"to":[11.5,9.133334,17.900288],"faces":{"east":{"uv":[7.0625,1.375,7.375,1.6875],"tintindex":0,"rotation":0,"texture":"#0"},"south":{"uv":[4.4375,3.21875,5.09375,3.53125],"tintindex":0,"rotation":0,"texture":"#0"},"north":{"uv":[2.28125,1.53125,2.9375,1.84375],"tintindex":0,"rotation":0,"texture":"#0"},"west":{"uv":[2.1875,7.0625,2.5,7.375],"tintindex":0,"rotation":0,"texture":"#0"},"up":{"uv":[5.25,1.0625,4.59375,0.75],"tintindex":0,"rotation":0,"texture":"#0"},"down":{"uv":[5.25,3.53125,4.59375,3.84375],"tintindex":0,"rotation":0,"texture":"#0"}}},{"from":[9.821229,6.466667,17.066565],"to":[12.954562,8.466667,21.066566],"faces":{"east":{"uv":[7.875,5.90625,8.25,6.09375],"tintindex":0,"rotation":0,"texture":"#0"},"south":{"uv":[8.125,4.375,8.40625,4.5625],"tintindex":0,"rotation":0,"texture":"#0"},"north":{"uv":[5.0625,2.03125,5.34375,2.21875],"tintindex":0,"rotation":0,"texture":"#0"},"west":{"uv":[7.875,6.09375,8.25,6.28125],"tintindex":0,"rotation":0,"texture":"#0"},"up":{"uv":[7.0625,1.84375,6.78125,1.46875],"tintindex":0,"rotation":0,"texture":"#0"},"down":{"uv":[2.1875,6.78125,1.90625,7.15625],"tintindex":0,"rotation":0,"texture":"#0"}},"rotation":{"origin":[12.921228,7.466667,20.033232],"angle":-22.5,"axis":"y"}},{"from":[6.6666665,5.466667,7.900289],"to":[9.333333,8.466667,11.233623],"faces":{"east":{"uv":[7.34375,7.0625,7.65625,7.34375],"tintindex":0,"rotation":0,"texture":"#0"},"south":{"uv":[0.0,7.75,0.25,8.03125],"tintindex":0,"rotation":0,"texture":"#0"},"north":{"uv":[5.34375,3.875,5.59375,4.15625],"tintindex":0,"rotation":0,"texture":"#0"},"west":{"uv":[7.34375,7.34375,7.65625,7.625],"tintindex":0,"rotation":0,"texture":"#0"},"up":{"uv":[6.0625,7.84375,5.8125,7.53125],"tintindex":0,"rotation":0,"texture":"#0"},"down":{"uv":[6.90625,7.625,6.65625,7.9375],"tintindex":0,"rotation":0,"texture":"#0"}}},{"from":[5.6974864,7.1333337,21.187992],"to":[7.164153,7.8000007,24.187992],"faces":{"east":{"uv":[7.5,0.8125,7.78125,0.875],"tintindex":0,"rotation":0,"texture":"#0"},"south":{"uv":[8.90625,8.0,9.03125,8.0625],"tintindex":0,"rotation":0,"texture":"#0"},"north":{"uv":[8.90625,5.71875,9.03125,5.78125],"tintindex":0,"rotation":0,"texture":"#0"},"west":{"uv":[7.71875,1.25,8.0,1.3125],"tintindex":0,"rotation":0,"texture":"#0"},"up":{"uv":[3.40625,5.3125,3.28125,5.03125],"tintindex":0,"rotation":0,"texture":"#0"},"down":{"uv":[2.46875,6.4375,2.34375,6.71875],"tintindex":0,"rotation":0,"texture":"#0"}},"rotation":{"origin":[5.9641533,7.3000007,22.121326],"angle":22.5,"axis":"y"}},{"from":[8.602513,6.8,18.954659],"to":[10.735847,8.133334,22.954659],"faces":{"east":{"uv":[7.0,2.8125,7.375,2.9375],"tintindex":0,"rotation":0,"texture":"#0"},"south":{"uv":[8.8125,0.0,9.0,0.125],"tintindex":0,"rotation":0,"texture":"#0"},"north":{"uv":[8.75,8.78125,8.9375,8.90625],"tintindex":0,"rotation":0,"texture":"#0"},"west":{"uv":[8.25,1.96875,8.625,2.09375],"tintindex":0,"rotation":0,"texture":"#0"},"up":{"uv":[3.78125,8.125,3.59375,7.75],"tintindex":0,"rotation":0,"texture":"#0"},"down":{"uv":[2.875,7.84375,2.6875,8.21875],"tintindex":0,"rotation":0,"texture":"#0"}},"rotation":{"origin":[10.035847,7.3000007,22.121326],"angle":-45.0,"axis":"y"}},{"from":[12.669548,6.8,12.916403],"to":[13.669548,7.1333337,13.916403],"faces":{"east":{"uv":[0.1875,3.84375,0.28125,3.875],"tintindex":0,"rotation":0,"texture":"#0"},"south":{"uv":[0.28125,3.84375,0.375,3.875],"tintindex":0,"rotation":0,"texture":"#0"},"north":{"uv":[0.09375,3.84375,0.1875,3.875],"tintindex":0,"rotation":0,"texture":"#0"},"west":{"uv":[2.375,4.53125,2.46875,4.5625],"tintindex":0,"rotation":0,"texture":"#0"},"up":{"uv":[8.59375,8.21875,8.5,8.125],"tintindex":0,"rotation":0,"texture":"#0"},"down":{"uv":[3.03125,8.6875,2.9375,8.78125],"tintindex":0,"rotation":0,"texture":"#0"}},"rotation":{"origin":[13.002882,6.966667,12.749736],"angle":-45.0,"axis":"y"}},{"from":[2.330452,6.8,12.916403],"to":[3.330452,7.1333337,13.916403],"faces":{"east":{"uv":[2.46875,3.53125,2.5625,3.5625],"tintindex":0,"rotation":0,"texture":"#0"},"south":{"uv":[2.5625,3.53125,2.65625,3.5625],"tintindex":0,"rotation":0,"texture":"#0"},"north":{"uv":[0.4375,3.25,0.53125,3.28125],"tintindex":0,"rotation":0,"texture":"#0"},"west":{"uv":[0.0,3.84375,0.09375,3.875],"tintindex":0,"rotation":0,"texture":"#0"},"up":{"uv":[8.03125,2.78125,7.9375,2.6875],"tintindex":0,"rotation":0,"texture":"#0"},"down":{"uv":[0.21875,8.28125,0.125,8.375],"tintindex":0,"rotation":0,"texture":"#0"}},"rotation":{"origin":[2.9971185,6.966667,12.749736],"angle":45.0,"axis":"y"}},{"from":[10.669548,6.466667,12.249736],"to":[12.669548,7.466667,14.583069],"faces":{"east":{"uv":[8.8125,2.71875,9.03125,2.8125],"tintindex":0,"rotation":0,"texture":"#0"},"south":{"uv":[1.78125,8.84375,1.96875,8.9375],"tintindex":0,"rotation":0,"texture":"#0"},"north":{"uv":[8.84375,1.59375,9.03125,1.6875],"tintindex":0,"rotation":0,"texture":"#0"},"west":{"uv":[8.8125,2.8125,9.03125,2.90625],"tintindex":0,"rotation":0,"texture":"#0"},"up":{"uv":[2.15625,8.65625,1.96875,8.4375],"tintindex":0,"rotation":0,"texture":"#0"},"down":{"uv":[3.28125,8.4375,3.09375,8.65625],"tintindex":0,"rotation":0,"texture":"#0"}},"rotation":{"origin":[13.002882,6.966667,12.749736],"angle":-45.0,