{"textures":{"0":"modelengine:entity/nocsy_algarok_enraged","particle":"#0"},"elements":[{"from":[3.4999995,6.7236714,-1.5837303],"to":[4.6999993,9.123672,0.016271204],"faces":{"east":{"uv":[9.0625,5.125,9.125,5.21875],"tintindex":0,"rotation":0,"texture":"#0"},"south":{"uv":[9.0625,5.21875,9.125,5.3125],"tintindex":0,"rotation":0,"texture":"#0"},"north":{"uv":[4.84375,9.0625,4.90625,9.15625],"tintindex":0,"rotation":0,"texture":"#0"},"west":{"uv":[9.0625,5.3125,9.125,5.40625],"tintindex":0,"rotation":0,"texture":"#0"},"up":{"uv":[9.15625,3.875,9.09375,3.8125],"tintindex":0,"rotation":0,"texture":"#0"},"down":{"uv":[9.15625,4.03125,9.09375,4.09375],"tintindex":0,"rotation":0,"texture":"#0"}},"rotation":{"origin":[4.0999994,8.423672,-1.6837311],"angle":-22.5,"axis":"x"}},{"from":[8.954545,6.4236717,1.2113533],"to":[10.954545,10.423672,3.2113533],"faces":{"east":{"uv":[0.75,9.03125,0.8125,9.15625],"tintindex":0,"rotation":0,"texture":"#0"},"south":{"uv":[9.03125,0.75,9.09375,0.875],"tintindex":0,"rotation":0,"texture":"#0"},"north":{"uv":[0.6875,9.03125,0.75,9.15625],"tintindex":0,"rotation":0,"texture":"#0"},"west":{"uv":[9.03125,0.875,9.09375,1.0],"tintindex":0,"rotation":0,"texture":"#0"},"up":{"uv":[9.15625,3.09375,9.09375,3.03125],"tintindex":0,"rotation":0,"texture":"#0"},"down":{"uv":[9.15625,3.75,9.09375,3.8125],"tintindex":0,"rotation":0,"texture":"#0"}}},{"from":[6.399999,7.2,-2.8000016],"to":[7.1999993,8.7,-1.5497208E-6],"faces":{"east":{"uv":[8.9375,8.8125,9.0625,8.90625],"tintindex":0,"rotation":0,"texture":"#0"},"south":{"uv":[9.0625,6.0625,9.125,6.15625],"tintindex":0,"rotation":0,"texture":"#0"},"north":{"uv":[6.03125,9.0625,6.09375,9.15625],"tintindex":0,"rotation":0,"texture":"#0"},"west":{"uv":[8.96875,0.53125,9.09375,0.625],"tintindex":0,"rotation":0,"texture":"#0"},"up":{"uv":[1.8125,9.15625,1.75,9.03125],"tintindex":0,"rotation":0,"texture":"#0"},"down":{"uv":[1.875,9.03125,1.8125,9.15625],"tintindex":0,"rotation":0,"texture":"#0"}},"rotation":{"origin":[6.799999,8.0,-1.4000015],"angle":-45.0,"axis":"x"}},{"from":[9.5,7.2,-2.8000016],"to":[10.299999,8.7,-1.5497208E-6],"faces":{"east":{"uv":[8.96875,2.03125,9.09375,2.125],"tintindex":0,"rotation":0,"texture":"#0"},"south":{"uv":[9.0625,7.0,9.125,7.09375],"tintindex":0,"rotation":0,"texture":"#0"},"north":{"uv":[9.0625,6.90625,9.125,7.0],"tintindex":0,"rotation":0,"texture":"#0"},"west":{"uv":[8.96875,2.125,9.09375,2.21875],"tintindex":0,"rotation":0,"texture":"#0"},"up":{"uv":[2.96875,9.15625,2.90625,9.03125],"tintindex":0,"rotation":0,"texture":"#0"},"down":{"uv":[3.03125,9.03125,2.96875,9.15625],"tintindex":0,"rotation":0,"texture":"#0"}},"rotation":{"origin":[9.9,8.0,-1.4000015],"angle":-45.0,"axis":"x"}},{"from":[3.1999993,6.623671,-0.58373106],"to":[4.9999995,9.823671,1.2162689],"faces":{"east":{"uv":[9.0625,5.5,9.125,5.59375],"tintindex":0,"rotation":0,"texture":"#0"},"south":{"uv":[5.53125,9.0625,5.59375,9.15625],"tintindex":0,"rotation":0,"texture":"#0"},"north":{"uv":[9.0625,5.40625,9.125,5.5],"tintindex":0,"rotation":0,"texture":"#0"},"west":{"uv":[5.59375,9.0625,5.65625,9.15625],"tintindex":0,"rotation":0,"texture":"#0"},"up":{"uv":[9.15625,4.5,9.09375,4.4375],"tintindex":0,"rotation":0,"texture":"#0"},"down":{"uv":[9.15625,4.5,9.09375,4.5625],"tintindex":0,"rotation":0,"texture":"#0"}}},{"from":[5.8545446,6.4236717,1.2113533],"to":[7.8545446,10.423672,3.2113533],"faces":{"east":{"uv":[0.5625,9.03125,0.625,9.15625],"tintindex":0,"rotation":0,"texture":"#0"},"south":{"uv":[0.625,9.03125,0.6875,9.15625],"tintindex":0,"rotation":0,"texture":"#0"},"north":{"uv":[0.5,9.03125,0.5625,9.15625],"tintindex":0,"rotation":0,"texture":"#0"},"west":{"uv":[9.03125,0.625,9.09375,0.75],"tintindex":0,"rotation":0,"texture":"#0"},"up":{"uv":[9.15625,2.96875,9.09375,2.90625],"tintindex":0,"rotation":0,"texture":"#0"},"down":{"uv":[9.15625,2.96875,9.09375,3.03125],"tintindex":0,"rotation":0,"texture":"#0"}}},{"from":[9.0,6.623671,-0.58373106],"to":[10.799999,9.823671,1.2162689],"faces":{"east":{"uv":[6.3125,9.0625,6.375,9.15625],"tintindex":0,"rotation":0,"texture":"#0"},"south":{"uv":[9.0625,6.34375,9.125,6.4375],"tintindex":0,"rotation":0,"texture":"#0"},"north":{"uv":[9.0625,6.25,9.125,6.34375],"tintindex":0,"rotation":0,"texture":"#0"},"west":{"uv":[6.375,9.0625,6.4375,9.15625],"tintindex":0,"rotation":0,"texture":"#0"},"up":{"uv":[9.15625,5.09375,9.09375,5.03125],"tintindex":0,"rotation":0,"texture":"#0"},"down":{"uv":[9.15625,5.59375,9.09375,5.65625],"tintindex":0,"rotation":0,"texture":"#0"}}},{"from":[9.699999,7.6,-3.6999984],"to":[10.1,8.400001,-1.4999985],"faces":{"east":{"uv":[2.21875,8.96875,2.34375,9.0625],"tintindex":0,"rotation":0,"texture":"#0"},"south":{"uv":[9.0625,7.1875,9.125,7.28125],"tintindex":0,"rotation":0,"texture":"#0"},"north":{"uv":[9.0625,7.09375,9.125,7.1875],"tintindex":0,"rotation":0,"texture":"#0"},"west":{"uv":[8.96875,2.21875,9.09375,2.3125],"tintindex":0,"rotation":0,"texture":"#0"},"up":{"uv":[3.09375,9.15625,3.03125,9.03125],"tintindex":0,"rotation":0,"texture":"#0"},"down":{"uv":[3.15625,9.03125,3.09375,9.15625],"tintindex":0,"rotation":0,"texture":"#0"}},"rotation":{"origin":[9.9,8.0,-1.4000015],"angle":-45.0,"axis":"x"}},{"from":[6.1999993,6.7236714,-1.5837303],"to":[7.399999,9.123672,0.016271204],"faces":{"east":{"uv":[5.90625,9.0625,5.96875,9.15625],"tintindex":0,"rotation":0,"texture":"#0"},"south":{"uv":[5.96875,9.0625,6.03125,9.15625],"tintindex":0,"rotation":0,"texture":"#0"},"north":{"uv":[9.0625,5.875,9.125,5.96875],"tintindex":0,"rotation":0,"texture":"#0"},"west":{"uv":[9.0625,5.96875,9.125,6.0625],"tintindex":0,"rotation":0,"texture":"#0"},"up":{"uv":[9.15625,4.96875,9.09375,4.90625],"tintindex":0,"rotation":0,"texture":"#0"},"down":{"uv":[9.15625,4.96875,9.09375,5.03125],"tintindex":0,"rotation":0,"texture":"#0"}},"rotation":{"origin":[6.799999,8.423672,-1.6837311],"angle":-22.5,"axis":"x"}},{"from":[3.6999993,7.2,-2.8000016],"to":[4.4999995,8.7,-1.5497208E-6],"faces":{"east":{"uv":[8.03125,8.9375,8.15625,9.03125],"tintindex":0,"rotation":0,"texture":"#0"},"south":{"uv":[4.78125,9.0625,4.84375,9.15625],"tintindex":0,"rotation":0,"texture":"#0"},"north":{"uv":[9.0625,4.75,9.125,4.84375],"tintindex":0,"rotation":0,"texture":"#0"},"west":{"uv":[8.9375,8.71875,9.0625,8.8125],"tintindex":0,"rotation":0,"texture":"#0"},"up":{"uv":[9.09375,1.625,9.03125,1.5],"tintindex":0,"rotation":0,"texture":"#0"},"down":{"uv":[9.09375,1.625,9.03125,1.75],"tintindex":0,"rotation":0,"texture":"#0"}},"rotation":{"origin":[4.0999994,8.0,-1.4000015],"angle":-45.0,"axis":"x"}},{"from":[2.8545446,6.4236717,3.2113533],"to":[11.854546,11.423672,12.211353],"faces":{"east":{"uv":[3.75,8.28125,4.03125,8.4375],"tintindex":0,"rotation":0,"texture":"#0"},"south":{"uv":[4.03125,8.28125,4.3125,8.4375],"tintindex":0,"rotation":0,"texture":"#0"},"north":{"uv":[3.46875,8.28125,3.75,8.4375],"tintindex":0,"rotation":0,"texture":"#0"},"west":{"uv":[4.3125,8.28125,4.59375,8.4375],"tintindex":0,"rotation":0,"texture":"#0"},"up":{"uv":[6.375,7.75,6.09375,7.46875],"tintindex":0,"rotation":0,"texture":"#0"},"down":{"uv":[6.65625,7.46875,6.375,7.75],"tintindex":0,"rotation":0,"texture":"#0"}}},{"from":[3.1545448,6.4236717,1.2113533],"to":[5.154545,10.423672,3.2113533],"faces":{"east":{"uv":[9.03125,0.34375,9.09375,0.46875],"tintindex":0,"rotation":0,"texture":"#0"},"south":{"uv":[0.375,9.03125,0.4375,9.15625],"tintindex":0,"rotation":0,"texture":"#0"},"north":{"uv":[0.3125,9.03125,0.375,9.15625],"tintindex":0,"rotation":0,"texture":"#0"},"west":{"uv":[0.4375,9.03125,0.5,9.15625],"tintindex":0,"rotation":0,"texture":"#0"},"up":{"uv":[9.15625,2.75,9.09375,2.6875],"tintindex":0,"rotation":0,"texture":"#0"},"down":{"uv":[9.15625,2.75,9.09375,2.8125],"tintindex":0,"rotation":0,"texture":"#0"}}},{"from":[3.9,7.6,-3.6999984],"to":[4.2999997,8.400001,-1.4999985],"faces":{"east":{"uv":[7.21875,8.9375,7.34375,9.03125],"tintindex":0,"rotation":0,"texture":"#0"},