{"textures":{"0":"modelengine:entity/nocsy_algarok_enraged","particle":"#0"},"elements":[{"from":[8.44528,12.568769,-7.6292696],"to":[11.66608,15.78957,-4.9452696],"faces":{"east":{"uv":[8.96875,7.0,9.0625,7.09375],"tintindex":0,"rotation":0,"texture":"#0"},"south":{"uv":[8.96875,7.09375,9.0625,7.1875],"tintindex":0,"rotation":0,"texture":"#0"},"north":{"uv":[8.96875,6.90625,9.0625,7.0],"tintindex":0,"rotation":0,"texture":"#0"},"west":{"uv":[8.96875,7.1875,9.0625,7.28125],"tintindex":0,"rotation":0,"texture":"#0"},"up":{"uv":[9.0625,7.375,8.96875,7.28125],"tintindex":0,"rotation":0,"texture":"#0"},"down":{"uv":[9.0625,7.75,8.96875,7.84375],"tintindex":0,"rotation":0,"texture":"#0"}}},{"from":[4.2192793,12.673969,-7.3608694],"to":[6.9032803,14.821169,-5.21367],"faces":{"east":{"uv":[8.96875,8.40625,9.0625,8.5],"tintindex":0,"rotation":0,"texture":"#0"},"south":{"uv":[0.625,8.9375,0.75,9.03125],"tintindex":0,"rotation":0,"texture":"#0"},"north":{"uv":[0.5,8.9375,0.625,9.03125],"tintindex":0,"rotation":0,"texture":"#0"},"west":{"uv":[8.4375,8.96875,8.53125,9.0625],"tintindex":0,"rotation":0,"texture":"#0"},"up":{"uv":[9.0625,1.1875,8.9375,1.09375],"tintindex":0,"rotation":0,"texture":"#0"},"down":{"uv":[1.4375,8.9375,1.3125,9.03125],"tintindex":0,"rotation":0,"texture":"#0"}},"rotation":{"origin":[5.49288,14.179169,-6.2872686],"angle":22.5,"axis":"z"}},{"from":[3.0489995,13.386384,-3.4756835],"to":[5.733,16.680386,-0.9916838],"faces":{"east":{"uv":[4.8125,8.3125,4.90625,8.4375],"tintindex":0,"rotation":0,"texture":"#0"},"south":{"uv":[6.78125,8.3125,6.875,8.4375],"tintindex":0,"rotation":0,"texture":"#0"},"north":{"uv":[3.09375,8.3125,3.1875,8.4375],"tintindex":0,"rotation":0,"texture":"#0"},"west":{"uv":[6.5,8.40625,6.59375,8.53125],"tintindex":0,"rotation":0,"texture":"#0"},"up":{"uv":[9.0625,6.53125,8.96875,6.4375],"tintindex":0,"rotation":0,"texture":"#0"},"down":{"uv":[9.0625,6.53125,8.96875,6.625],"tintindex":0,"rotation":0,"texture":"#0"}}},{"from":[3.0488963,12.667652,-7.14615],"to":[4.7666564,13.848612,-5.428388],"faces":{"east":{"uv":[8.9375,1.40625,9.0625,1.5],"tintindex":0,"rotation":0,"texture":"#0"},"south":{"uv":[8.9375,1.75,9.0625,1.84375],"tintindex":0,"rotation":0,"texture":"#0"},"north":{"uv":[8.9375,1.3125,9.0625,1.40625],"tintindex":0,"rotation":0,"texture":"#0"},"west":{"uv":[1.78125,8.9375,1.90625,9.03125],"tintindex":0,"rotation":0,"texture":"#0"},"up":{"uv":[8.96875,8.625,8.84375,8.5],"tintindex":0,"rotation":0,"texture":"#0"},"down":{"uv":[2.21875,8.875,2.09375,9.0],"tintindex":0,"rotation":0,"texture":"#0"}}},{"from":[5.3059998,13.203384,-3.6586847],"to":[8.966001,16.863384,-1.0086832],"faces":{"east":{"uv":[7.75,7.875,7.84375,8.0],"tintindex":0,"rotation":0,"texture":"#0"},"south":{"uv":[8.84375,8.125,8.96875,8.25],"tintindex":0,"rotation":0,"texture":"#0"},"north":{"uv":[8.84375,6.5,8.96875,6.625],"tintindex":0,"rotation":0,"texture":"#0"},"west":{"uv":[2.25,8.0,2.34375,8.125],"tintindex":0,"rotation":0,"texture":"#0"},"up":{"uv":[8.65625,9.0,8.53125,8.90625],"tintindex":0,"rotation":0,"texture":"#0"},"down":{"uv":[9.03125,8.625,8.90625,8.71875],"tintindex":0,"rotation":0,"texture":"#0"}}},{"from":[6.4591208,12.72981,-7.4682293],"to":[8.82104,15.62853,-5.10631],"faces":{"east":{"uv":[8.15625,8.96875,8.25,9.0625],"tintindex":0,"rotation":0,"texture":"#0"},"south":{"uv":[8.96875,8.21875,9.0625,8.3125],"tintindex":0,"rotation":0,"texture":"#0"},"north":{"uv":[8.96875,8.125,9.0625,8.21875],"tintindex":0,"rotation":0,"texture":"#0"},"west":{"uv":[8.25,8.96875,8.34375,9.0625],"tintindex":0,"rotation":0,"texture":"#0"},"up":{"uv":[9.0625,8.40625,8.96875,8.3125],"tintindex":0,"rotation":0,"texture":"#0"},"down":{"uv":[8.4375,8.96875,8.34375,9.0625],"tintindex":0,"rotation":0,"texture":"#0"}}},{"from":[0.73099995,14.118385,-3.3536844],"to":[3.781001,16.558384,-1.1136837],"faces":{"east":{"uv":[8.96875,6.71875,9.0625,6.8125],"tintindex":0,"rotation":0,"texture":"#0"},"south":{"uv":[8.78125,8.90625,8.90625,9.0],"tintindex":0,"rotation":0,"texture":"#0"},"north":{"uv":[8.65625,8.90625,8.78125,9.0],"tintindex":0,"rotation":0,"texture":"#0"},"west":{"uv":[8.96875,6.8125,9.0625,6.90625],"tintindex":0,"rotation":0,"texture":"#0"},"up":{"uv":[9.03125,9.0,8.90625,8.90625],"tintindex":0,"rotation":0,"texture":"#0"},"down":{"uv":[0.125,8.9375,0.0,9.03125],"tintindex":0,"rotation":0,"texture":"#0"}},"rotation":{"origin":[1.9509993,15.033384,-2.1336832],"angle":-22.5,"axis":"z"}},{"from":[-0.59898055,15.588478,-3.1096845],"to":[1.3530184,16.93048,-1.1576837],"faces":{"east":{"uv":[0.25,8.9375,0.375,9.03125],"tintindex":0,"rotation":0,"texture":"#0"},"south":{"uv":[8.9375,0.25,9.0625,0.34375],"tintindex":0,"rotation":0,"texture":"#0"},"north":{"uv":[0.125,8.9375,0.25,9.03125],"tintindex":0,"rotation":0,"texture":"#0"},"west":{"uv":[0.375,8.9375,0.5,9.03125],"tintindex":0,"rotation":0,"texture":"#0"},"up":{"uv":[8.96875,8.375,8.84375,8.25],"tintindex":0,"rotation":0,"texture":"#0"},"down":{"uv":[8.96875,8.375,8.84375,8.5],"tintindex":0,"rotation":0,"texture":"#0"}},"rotation":{"origin":[0.37701893,16.015478,-2.1336832],"angle":-45.0,"axis":"z"}}],"display":{"head":{"rotation":[0.0,0.0,0.0]},"firstperson_righthand":{"rotation":[0.0,0.0,0.0]},"thirdperson_lefthand":{"rotation":[0.0,-0.0,-0.0]},"firstperson_lefthand":{"rotation":[0.0,-0.0,-0.0]},"fixed":{"rotation":[0.0,0.0,0.0]},"ground":{"rotation":[0.0,0.0,0.0]},"thirdperson_righthand":{"rotation":[0.0,0.0,0.0]},"gui":{"rotation":[-150.0,-45.0,180.0]}}}