{"textures":{"0":"modelengine:entity/nocsy_algarok_enraged","particle":"#0"},"elements":[{"from":[7.1999993,3.6137886,-2.4],"to":[8.4,6.0137887,-0.7999996],"faces":{"east":{"uv":[6.75,9.03125,6.8125,9.125],"tintindex":0,"rotation":0,"texture":"#0"},"south":{"uv":[6.8125,9.03125,6.875,9.125],"tintindex":0,"rotation":0,"texture":"#0"},"north":{"uv":[6.6875,9.03125,6.75,9.125],"tintindex":0,"rotation":0,"texture":"#0"},"west":{"uv":[6.875,9.03125,6.9375,9.125],"tintindex":0,"rotation":0,"texture":"#0"},"up":{"uv":[8.53125,9.125,8.46875,9.0625],"tintindex":0,"rotation":0,"texture":"#0"},"down":{"uv":[9.125,8.46875,9.0625,8.53125],"tintindex":0,"rotation":0,"texture":"#0"}},"rotation":{"origin":[7.799999,5.3137884,-2.5],"angle":-22.5,"axis":"x"}},{"from":[11.0,4.090117,-3.6162705],"to":[11.799999,5.5901175,-0.8162705],"faces":{"east":{"uv":[8.9375,5.15625,9.0625,5.25],"tintindex":0,"rotation":0,"texture":"#0"},"south":{"uv":[9.03125,8.59375,9.09375,8.6875],"tintindex":0,"rotation":0,"texture":"#0"},"north":{"uv":[8.09375,9.03125,8.15625,9.125],"tintindex":0,"rotation":0,"texture":"#0"},"west":{"uv":[5.1875,8.9375,5.3125,9.03125],"tintindex":0,"rotation":0,"texture":"#0"},"up":{"uv":[2.09375,9.09375,2.03125,8.96875],"tintindex":0,"rotation":0,"texture":"#0"},"down":{"uv":[4.59375,8.96875,4.53125,9.09375],"tintindex":0,"rotation":0,"texture":"#0"}},"rotation":{"origin":[11.4,4.890117,-2.2162704],"angle":-45.0,"axis":"x"}},{"from":[6.899999,3.5137887,-1.4],"to":[8.699999,6.7137885,0.4],"faces":{"east":{"uv":[6.5625,9.03125,6.625,9.125],"tintindex":0,"rotation":0,"texture":"#0"},"south":{"uv":[6.625,9.03125,6.6875,9.125],"tintindex":0,"rotation":0,"texture":"#0"},"north":{"uv":[6.1875,9.03125,6.25,9.125],"tintindex":0,"rotation":0,"texture":"#0"},"west":{"uv":[9.03125,6.625,9.09375,6.71875],"tintindex":0,"rotation":0,"texture":"#0"},"up":{"uv":[8.46875,9.125,8.40625,9.0625],"tintindex":0,"rotation":0,"texture":"#0"},"down":{"uv":[9.125,8.40625,9.0625,8.46875],"tintindex":0,"rotation":0,"texture":"#0"}}},{"from":[10.5,3.5137887,-1.4],"to":[12.299999,6.7137885,0.4],"faces":{"east":{"uv":[7.375,9.03125,7.4375,9.125],"tintindex":0,"rotation":0,"texture":"#0"},"south":{"uv":[9.03125,7.4375,9.09375,7.53125],"tintindex":0,"rotation":0,"texture":"#0"},"north":{"uv":[7.3125,9.03125,7.375,9.125],"tintindex":0,"rotation":0,"texture":"#0"},"west":{"uv":[9.03125,7.53125,9.09375,7.625],"tintindex":0,"rotation":0,"texture":"#0"},"up":{"uv":[9.125,8.59375,9.0625,8.53125],"tintindex":0,"rotation":0,"texture":"#0"},"down":{"uv":[9.125,8.6875,9.0625,8.75],"tintindex":0,"rotation":0,"texture":"#0"}}},{"from":[2.8000002,3.313789,2.3999996],"to":[12.799999,8.313789,12.4],"faces":{"east":{"uv":[5.21875,8.21875,5.53125,8.375],"tintindex":0,"rotation":0,"texture":"#0"},"south":{"uv":[5.53125,8.21875,5.84375,8.375],"tintindex":0,"rotation":0,"texture":"#0"},"north":{"uv":[8.21875,4.03125,8.53125,4.1875],"tintindex":0,"rotation":0,"texture":"#0"},"west":{"uv":[8.21875,5.625,8.53125,5.78125],"tintindex":0,"rotation":0,"texture":"#0"},"up":{"uv":[0.3125,7.40625,0.0,7.09375],"tintindex":0,"rotation":0,"texture":"#0"},"down":{"uv":[7.40625,0.0,7.09375,0.3125],"tintindex":0,"rotation":0,"texture":"#0"}}},{"from":[10.4,3.313789,0.39999962],"to":[12.4,7.313789,2.3999996],"faces":{"east":{"uv":[2.53125,9.0,2.59375,9.125],"tintindex":0,"rotation":0,"texture":"#0"},"south":{"uv":[2.59375,9.0,2.65625,9.125],"tintindex":0,"rotation":0,"texture":"#0"},"north":{"uv":[2.46875,9.0,2.53125,9.125],"tintindex":0,"rotation":0,"texture":"#0"},"west":{"uv":[2.65625,9.0,2.71875,9.125],"tintindex":0,"rotation":0,"texture":"#0"},"up":{"uv":[9.15625,0.1875,9.09375,0.125],"tintindex":0,"rotation":0,"texture":"#0"},"down":{"uv":[9.15625,0.34375,9.09375,0.40625],"tintindex":0,"rotation":0,"texture":"#0"}}},{"from":[3.1999993,3.5137887,-1.4],"to":[4.9999995,6.7137885,0.4],"faces":{"east":{"uv":[0.9375,9.0625,1.0,9.15625],"tintindex":0,"rotation":0,"texture":"#0"},"south":{"uv":[1.0,9.0625,1.0625,9.15625],"tintindex":0,"rotation":0,"texture":"#0"},"north":{"uv":[9.0625,0.1875,9.125,0.28125],"tintindex":0,"rotation":0,"texture":"#0"},"west":{"uv":[1.0625,9.0625,1.125,9.15625],"tintindex":0,"rotation":0,"texture":"#0"},"up":{"uv":[9.15625,0.65625,9.09375,0.59375],"tintindex":0,"rotation":0,"texture":"#0"},"down":{"uv":[9.15625,0.65625,9.09375,0.71875],"tintindex":0,"rotation":0,"texture":"#0"}}},{"from":[3.6999993,4.090117,-3.6162705],"to":[4.4999995,5.5901175,-0.8162705],"faces":{"east":{"uv":[8.9375,4.28125,9.0625,4.375],"tintindex":0,"rotation":0,"texture":"#0"},"south":{"uv":[9.03125,5.625,9.09375,5.71875],"tintindex":0,"rotation":0,"texture":"#0"},"north":{"uv":[5.46875,9.03125,5.53125,9.125],"tintindex":0,"rotation":0,"texture":"#0"},"west":{"uv":[8.9375,4.375,9.0625,4.46875],"tintindex":0,"rotation":0,"texture":"#0"},"up":{"uv":[3.09375,8.625,3.03125,8.5],"tintindex":0,"rotation":0,"texture":"#0"},"down":{"uv":[4.8125,8.5,4.75,8.625],"tintindex":0,"rotation":0,"texture":"#0"}},"rotation":{"origin":[4.0999994,4.890117,-2.2162704],"angle":-45.0,"axis":"x"}},{"from":[10.799999,3.6137886,-2.4],"to":[12.0,6.0137887,-0.7999996],"faces":{"east":{"uv":[9.03125,7.90625,9.09375,8.0],"tintindex":0,"rotation":0,"texture":"#0"},"south":{"uv":[9.03125,8.0,9.09375,8.09375],"tintindex":0,"rotation":0,"texture":"#0"},"north":{"uv":[9.03125,7.625,9.09375,7.71875],"tintindex":0,"rotation":0,"texture":"#0"},"west":{"uv":[8.03125,9.03125,8.09375,9.125],"tintindex":0,"rotation":0,"texture":"#0"},"up":{"uv":[9.125,8.8125,9.0625,8.75],"tintindex":0,"rotation":0,"texture":"#0"},"down":{"uv":[9.125,8.8125,9.0625,8.875],"tintindex":0,"rotation":0,"texture":"#0"}},"rotation":{"origin":[11.4,5.3137884,-2.5],"angle":-22.5,"axis":"x"}},{"from":[3.4999995,3.6137886,-2.4],"to":[4.6999993,6.0137887,-0.7999996],"faces":{"east":{"uv":[5.28125,9.03125,5.34375,9.125],"tintindex":0,"rotation":0,"texture":"#0"},"south":{"uv":[5.34375,9.03125,5.40625,9.125],"tintindex":0,"rotation":0,"texture":"#0"},"north":{"uv":[5.21875,9.03125,5.28125,9.125],"tintindex":0,"rotation":0,"texture":"#0"},"west":{"uv":[5.40625,9.03125,5.46875,9.125],"tintindex":0,"rotation":0,"texture":"#0"},"up":{"uv":[8.40625,9.125,8.34375,9.0625],"tintindex":0,"rotation":0,"texture":"#0"},"down":{"uv":[9.125,8.34375,9.0625,8.40625],"tintindex":0,"rotation":0,"texture":"#0"}},"rotation":{"origin":[4.0999994,5.3137884,-2.5],"angle":-22.5,"axis":"x"}},{"from":[7.6,4.4901175,-4.51627],"to":[7.9999995,5.2901173,-2.3162704],"faces":{"east":{"uv":[4.9375,8.9375,5.0625,9.03125],"tintindex":0,"rotation":0,"texture":"#0"},"south":{"uv":[7.25,9.03125,7.3125,9.125],"tintindex":0,"rotation":0,"texture":"#0"},"north":{"uv":[7.1875,9.03125,7.25,9.125],"tintindex":0,"rotation":0,"texture":"#0"},"west":{"uv":[5.0625,8.9375,5.1875,9.03125],"tintindex":0,"rotation":0,"texture":"#0"},"up":{"uv":[7.53125,9.0625,7.46875,8.9375],"tintindex":0,"rotation":0,"texture":"#0"},"down":{"uv":[1.625,8.96875,1.5625,9.09375],"tintindex":0,"rotation":0,"texture":"#0"}},"rotation":{"origin":[7.799999,4.890117,-2.2162704],"angle":-45.0,"axis":"x"}},{"from":[3.0999994,3.313789,0.39999962],"to":[5.0999994,7.313789,2.3999996],"faces":{"east":{"uv":[2.78125,9.0,2.84375,9.125],"tintindex":0,"rotation":0,"texture":"#0"},"south":{"uv":[9.0,3.28125,9.0625,3.40625],"tintindex":0,"rotation":0,"texture":"#0"},"north":{"uv":[2.71875,9.0,2.78125,9.125],"tintindex":0,"rotation":0,"texture":"#0"},"west":{"uv":[6.4375,9.0,6.5,9.125],"tintindex":0,"rotation":0,"texture":"#0"},"up":{"uv":[9.15625,0.46875,9.09375,0.40625],"tintindex":0,"rotation":0,"texture":"#0"},"down":{"uv":[9.15625,0.53125,9.09375,0.59375],"tintindex":0,"rotation":0,"texture":"#0"}}},{"from":[3.8999991,4.4901175,-4.51627],"to":[4.2999997,5.2901173,-2.3162704],"faces":{"east":{"uv":[8.9375,4.5625,9.0625,4.65625],"tintindex":0,"rotation":0,"texture":"#0"},"south":{"uv":[6.125,9.03125,6.1875,9.125],"tintindex":0,"rotation":0,"texture":"#0"},