{"textures":{"0":"modelengine:entity/nocsy_algarok_enraged","particle":"#0"},"elements":[{"from":[4.35,-3.25,3.0],"to":[8.85,3.75,9.0],"faces":{"east":{"uv":[4.125,5.53125,4.5,5.96875],"tintindex":0,"rotation":0,"texture":"#0"},"south":{"uv":[6.1875,6.5625,6.46875,7.0],"tintindex":0,"rotation":0,"texture":"#0"},"north":{"uv":[1.625,6.5625,1.90625,7.0],"tintindex":0,"rotation":0,"texture":"#0"},"west":{"uv":[0.0,5.5625,0.375,6.0],"tintindex":0,"rotation":0,"texture":"#0"},"up":{"uv":[7.03125,7.21875,6.75,6.84375],"tintindex":0,"rotation":0,"texture":"#0"},"down":{"uv":[7.15625,0.5625,6.875,0.9375],"tintindex":0,"rotation":0,"texture":"#0"}},"rotation":{"origin":[6.6000004,-0.5,6.5],"angle":22.5,"axis":"x"}},{"from":[3.85,2.25,3.5],"to":[9.35,8.75,12.5],"faces":{"east":{"uv":[4.25,1.34375,4.8125,1.75],"tintindex":0,"rotation":0,"texture":"#0"},"south":{"uv":[2.46875,6.34375,2.8125,6.75],"tintindex":0,"rotation":0,"texture":"#0"},"north":{"uv":[0.71875,6.34375,1.0625,6.75],"tintindex":0,"rotation":0,"texture":"#0"},"west":{"uv":[0.0,4.28125,0.5625,4.6875],"tintindex":0,"rotation":0,"texture":"#0"},"up":{"uv":[5.09375,4.71875,4.75,4.15625],"tintindex":0,"rotation":0,"texture":"#0"},"down":{"uv":[3.75,4.78125,3.40625,5.34375],"tintindex":0,"rotation":0,"texture":"#0"}}},{"from":[5.1,8.256371,13.950305],"to":[9.1,10.006371,14.600305],"faces":{"east":{"uv":[5.5,8.71875,5.625,8.9375],"tintindex":0,"rotation":0,"texture":"#0"},"south":{"uv":[7.75,0.21875,8.09375,0.4375],"tintindex":0,"rotation":0,"texture":"#0"},"north":{"uv":[7.75,0.0,8.09375,0.21875],"tintindex":0,"rotation":0,"texture":"#0"},"west":{"uv":[8.09375,8.71875,8.21875,8.9375],"tintindex":0,"rotation":0,"texture":"#0"},"up":{"uv":[8.71875,1.21875,8.375,1.09375],"tintindex":0,"rotation":0,"texture":"#0"},"down":{"uv":[1.78125,8.375,1.4375,8.5],"tintindex":0,"rotation":0,"texture":"#0"}},"rotation":{"origin":[7.1000004,9.131371,14.275305],"angle":-45.0,"axis":"x"}},{"from":[4.805,0.31522608,4.2158923],"to":[8.295,4.8052254,8.705893],"faces":{"east":{"uv":[4.6875,7.4375,4.96875,7.71875],"tintindex":0,"rotation":0,"texture":"#0"},"south":{"uv":[3.78125,8.0,4.0,8.28125],"tintindex":0,"rotation":0,"texture":"#0"},"north":{"uv":[3.375,8.0,3.59375,8.28125],"tintindex":0,"rotation":0,"texture":"#0"},"west":{"uv":[7.46875,3.6875,7.75,3.96875],"tintindex":0,"rotation":0,"texture":"#0"},"up":{"uv":[8.21875,7.21875,8.0,6.9375],"tintindex":0,"rotation":0,"texture":"#0"},"down":{"uv":[8.21875,7.21875,8.0,7.5],"tintindex":0,"rotation":0,"texture":"#0"}},"rotation":{"origin":[6.55,-0.18977356,7.710892],"angle":45.0,"axis":"x"}},{"from":[4.8500004,-5.25,4.5],"to":[8.35,-3.25,9.0],"faces":{"east":{"uv":[8.5,5.28125,8.78125,5.40625],"tintindex":0,"rotation":0,"texture":"#0"},"south":{"uv":[8.71875,1.75,8.9375,1.875],"tintindex":0,"rotation":0,"texture":"#0"},"north":{"uv":[8.71875,1.09375,8.9375,1.21875],"tintindex":0,"rotation":0,"texture":"#0"},"west":{"uv":[8.5,7.8125,8.78125,7.9375],"tintindex":0,"rotation":0,"texture":"#0"},"up":{"uv":[7.96875,8.28125,7.75,8.0],"tintindex":0,"rotation":0,"texture":"#0"},"down":{"uv":[8.1875,8.0,7.96875,8.28125],"tintindex":0,"rotation":0,"texture":"#0"}},"rotation":{"origin":[6.6000004,-0.5,6.5],"angle":22.5,"axis":"x"}},{"from":[4.2999997,5.807228,4.131662],"to":[9.8,11.057228,11.781662],"faces":{"east":{"uv":[5.75,2.40625,6.21875,2.75],"tintindex":0,"rotation":0,"texture":"#0"},"south":{"uv":[6.65625,4.96875,7.0,5.3125],"tintindex":0,"rotation":0,"texture":"#0"},"north":{"uv":[4.4375,6.65625,4.78125,7.0],"tintindex":0,"rotation":0,"texture":"#0"},"west":{"uv":[1.6875,5.78125,2.15625,6.125],"tintindex":0,"rotation":0,"texture":"#0"},"up":{"uv":[6.15625,2.3125,5.8125,1.84375],"tintindex":0,"rotation":0,"texture":"#0"},"down":{"uv":[1.09375,5.875,0.75,6.34375],"tintindex":0,"rotation":0,"texture":"#0"}},"rotation":{"origin":[7.05,8.432228,7.9566617],"angle":-22.5,"axis":"x"}},{"from":[4.75,6.85,13.099999],"to":[9.450001,9.299999,14.450001],"faces":{"east":{"uv":[5.25,8.71875,5.375,8.9375],"tintindex":0,"rotation":0,"texture":"#0"},"south":{"uv":[4.40625,7.71875,4.75,7.9375],"tintindex":0,"rotation":0,"texture":"#0"},"north":{"uv":[4.0625,7.71875,4.40625,7.9375],"tintindex":0,"rotation":0,"texture":"#0"},"west":{"uv":[5.375,8.71875,5.5,8.9375],"tintindex":0,"rotation":0,"texture":"#0"},"up":{"uv":[8.71875,0.96875,8.375,0.84375],"tintindex":0,"rotation":0,"texture":"#0"},"down":{"uv":[8.71875,0.96875,8.375,1.09375],"tintindex":0,"rotation":0,"texture":"#0"}},"rotation":{"origin":[6.6000004,8.0,13.25],"angle":-45.0,"axis":"x"}},{"from":[5.6000004,8.752535,14.828954],"to":[5.6000004,12.002535,17.978954],"faces":{"east":{"uv":[3.65625,8.4375,3.84375,8.65625],"tintindex":0,"rotation":0,"texture":"#0"},"west":{"uv":[3.84375,8.4375,4.03125,8.65625],"tintindex":0,"rotation":0,"texture":"#0"}},"rotation":{"origin":[5.6000004,9.427535,15.716454],"angle":-45.0,"axis":"x"}},{"from":[4.35,6.75,11.7],"to":[9.85,10.0,13.85],"faces":{"east":{"uv":[5.0,8.71875,5.125,8.9375],"tintindex":0,"rotation":0,"texture":"#0"},"south":{"uv":[7.71875,3.40625,8.0625,3.625],"tintindex":0,"rotation":0,"texture":"#0"},"north":{"uv":[2.34375,7.71875,2.6875,7.9375],"tintindex":0,"rotation":0,"texture":"#0"},"west":{"uv":[5.125,8.71875,5.25,8.9375],"tintindex":0,"rotation":0,"texture":"#0"},"up":{"uv":[0.46875,8.5,0.125,8.375],"tintindex":0,"rotation":0,"texture":"#0"},"down":{"uv":[8.71875,0.71875,8.375,0.84375],"tintindex":0,"rotation":0,"texture":"#0"}},"rotation":{"origin":[6.6000004,8.0,13.25],"angle":-22.5,"axis":"x"}}],"display":{"head":{"rotation":[0.0,0.0,0.0]},"firstperson_righthand":{"rotation":[0.0,0.0,0.0]},"thirdperson_lefthand":{"rotation":[0.0,-0.0,-0.0]},"firstperson_lefthand":{"rotation":[0.0,-0.0,-0.0]},"fixed":{"rotation":[0.0,0.0,0.0]},"ground":{"rotation":[0.0,0.0,0.0]},"thirdperson_righthand":{"rotation":[0.0,0.0,0.0]},"gui":{"rotation":[-150.0,-45.0,180.0]}}}