{"textures":{"0":"modelengine:entity/nocsy_algarok_enraged","particle":"#0"},"elements":[{"from":[9.98,5.0300016,5.58],"to":[14.819999,10.97,10.42],"faces":{"east":{"uv":[6.5,8.53125,6.65625,8.75],"tintindex":0,"rotation":0,"texture":"#0"},"south":{"uv":[7.5625,8.53125,7.71875,8.75],"tintindex":0,"rotation":0,"texture":"#0"},"north":{"uv":[8.53125,6.28125,8.6875,6.5],"tintindex":0,"rotation":0,"texture":"#0"},"west":{"uv":[0.40625,8.5625,0.5625,8.78125],"tintindex":0,"rotation":0,"texture":"#0"},"up":{"uv":[8.90625,5.03125,8.75,4.875],"tintindex":0,"rotation":0,"texture":"#0"},"down":{"uv":[8.90625,5.03125,8.75,5.1875],"tintindex":0,"rotation":0,"texture":"#0"}}},{"from":[14.049999,4.700001,5.25],"to":[20.65,11.299999,10.75],"faces":{"east":{"uv":[2.46875,8.375,2.65625,8.59375],"tintindex":0,"rotation":0,"texture":"#0"},"south":{"uv":[1.78125,8.21875,2.0,8.4375],"tintindex":0,"rotation":0,"texture":"#0"},"north":{"uv":[6.65625,8.09375,6.875,8.3125],"tintindex":0,"rotation":0,"texture":"#0"},"west":{"uv":[2.65625,8.375,2.84375,8.59375],"tintindex":0,"rotation":0,"texture":"#0"},"up":{"uv":[5.375,8.5625,5.15625,8.375],"tintindex":0,"rotation":0,"texture":"#0"},"down":{"uv":[5.59375,8.375,5.375,8.5625],"tintindex":0,"rotation":0,"texture":"#0"}}},{"from":[3.4016728,9.00099,6.2400002],"to":[6.9216723,11.420992,9.76],"faces":{"east":{"uv":[3.40625,8.8125,3.5625,8.9375],"tintindex":0,"rotation":0,"texture":"#0"},"south":{"uv":[4.03125,8.8125,4.1875,8.9375],"tintindex":0,"rotation":0,"texture":"#0"},"north":{"uv":[3.25,8.8125,3.40625,8.9375],"tintindex":0,"rotation":0,"texture":"#0"},"west":{"uv":[4.1875,8.8125,4.34375,8.9375],"tintindex":0,"rotation":0,"texture":"#0"},"up":{"uv":[8.90625,3.15625,8.75,3.0],"tintindex":0,"rotation":0,"texture":"#0"},"down":{"uv":[8.90625,3.84375,8.75,4.0],"tintindex":0,"rotation":0,"texture":"#0"}},"rotation":{"origin":[5.1616726,9.770988,8.0],"angle":-45.0,"axis":"z"}},{"from":[5.799999,6.3500004,5.8],"to":[11.299999,10.75,10.200001],"faces":{"east":{"uv":[8.75,5.625,8.90625,5.78125],"tintindex":0,"rotation":0,"texture":"#0"},"south":{"uv":[5.03125,8.5625,5.25,8.71875],"tintindex":0,"rotation":0,"texture":"#0"},"north":{"uv":[8.5625,3.25,8.78125,3.40625],"tintindex":0,"rotation":0,"texture":"#0"},"west":{"uv":[6.5,8.75,6.65625,8.90625],"tintindex":0,"rotation":0,"texture":"#0"},"up":{"uv":[5.46875,8.71875,5.25,8.5625],"tintindex":0,"rotation":0,"texture":"#0"},"down":{"uv":[5.6875,8.5625,5.46875,8.71875],"tintindex":0,"rotation":0,"texture":"#0"}},"rotation":{"origin":[8.0,8.0,8.0],"angle":-22.5,"axis":"z"}}],"display":{"head":{"rotation":[0.0,0.0,0.0]},"firstperson_righthand":{"rotation":[0.0,0.0,0.0]},"thirdperson_lefthand":{"rotation":[0.0,-0.0,-0.0]},"firstperson_lefthand":{"rotation":[0.0,-0.0,-0.0]},"fixed":{"rotation":[0.0,0.0,0.0]},"ground":{"rotation":[0.0,0.0,0.0]},"thirdperson_righthand":{"rotation":[0.0,0.0,0.0]},"gui":{"rotation":[-150.0,-45.0,180.0]}}}