{"textures":{"0":"modelengine:entity/nocsy_algarok_enraged","particle":"#0"},"elements":[{"from":[-1.499999,9.5,5.6000004],"to":[3.5,13.5,9.6],"faces":{"east":{"uv":[8.78125,4.5625,8.9375,4.71875],"tintindex":0,"rotation":0,"texture":"#0"},"south":{"uv":[3.03125,8.65625,3.21875,8.8125],"tintindex":0,"rotation":0,"texture":"#0"},"north":{"uv":[8.65625,0.375,8.84375,0.53125],"tintindex":0,"rotation":0,"texture":"#0"},"west":{"uv":[4.65625,8.78125,4.8125,8.9375],"tintindex":0,"rotation":0,"texture":"#0"},"up":{"uv":[3.40625,8.8125,3.21875,8.65625],"tintindex":0,"rotation":0,"texture":"#0"},"down":{"uv":[3.59375,8.65625,3.40625,8.8125],"tintindex":0,"rotation":0,"texture":"#0"}},"rotation":{"origin":[0.50000095,11.0,7.6000004],"angle":-22.5,"axis":"z"}},{"from":[-3.6802964,11.909988,6.0000005],"to":[-0.4802965,14.109991,9.200001],"faces":{"east":{"uv":[8.8125,7.125,8.96875,7.25],"tintindex":0,"rotation":0,"texture":"#0"},"south":{"uv":[7.25,8.8125,7.40625,8.9375],"tintindex":0,"rotation":0,"texture":"#0"},"north":{"uv":[7.09375,8.8125,7.25,8.9375],"tintindex":0,"rotation":0,"texture":"#0"},"west":{"uv":[8.8125,7.25,8.96875,7.375],"tintindex":0,"rotation":0,"texture":"#0"},"up":{"uv":[8.9375,4.875,8.78125,4.71875],"tintindex":0,"rotation":0,"texture":"#0"},"down":{"uv":[8.9375,5.1875,8.78125,5.34375],"tintindex":0,"rotation":0,"texture":"#0"}},"rotation":{"origin":[-2.0802965,12.609989,7.6000004],"angle":-45.0,"axis":"z"}},{"from":[6.0,8.0,5.1000004],"to":[12.0,14.0,10.1],"faces":{"east":{"uv":[6.34375,8.625,6.5,8.8125],"tintindex":0,"rotation":0,"texture":"#0"},"south":{"uv":[2.84375,8.5,3.03125,8.6875],"tintindex":0,"rotation":0,"texture":"#0"},"north":{"uv":[8.5,2.8125,8.6875,3.0],"tintindex":0,"rotation":0,"texture":"#0"},"west":{"uv":[7.09375,8.625,7.25,8.8125],"tintindex":0,"rotation":0,"texture":"#0"},"up":{"uv":[7.90625,8.78125,7.71875,8.625],"tintindex":0,"rotation":0,"texture":"#0"},"down":{"uv":[8.09375,8.625,7.90625,8.78125],"tintindex":0,"rotation":0,"texture":"#0"}}},{"from":[2.3,8.3,5.4000006],"to":[6.7,13.7,9.8],"faces":{"east":{"uv":[8.65625,0.0,8.8125,0.1875],"tintindex":0,"rotation":0,"texture":"#0"},"south":{"uv":[1.78125,8.65625,1.9375,8.84375],"tintindex":0,"rotation":0,"texture":"#0"},"north":{"uv":[8.59375,8.625,8.75,8.8125],"tintindex":0,"rotation":0,"texture":"#0"},"west":{"uv":[1.9375,8.65625,2.09375,8.84375],"tintindex":0,"rotation":0,"texture":"#0"},"up":{"uv":[8.9375,4.3125,8.78125,4.15625],"tintindex":0,"rotation":0,"texture":"#0"},"down":{"uv":[8.9375,4.3125,8.78125,4.46875],"tintindex":0,"rotation":0,"texture":"#0"}}}],"display":{"head":{"rotation":[0.0,0.0,0.0]},"firstperson_righthand":{"rotation":[0.0,0.0,0.0]},"thirdperson_lefthand":{"rotation":[0.0,-0.0,-0.0]},"firstperson_lefthand":{"rotation":[0.0,-0.0,-0.0]},"fixed":{"rotation":[0.0,0.0,0.0]},"ground":{"rotation":[0.0,0.0,0.0]},"thirdperson_righthand":{"rotation":[0.0,0.0,0.0]},"gui":{"rotation":[-150.0,-45.0,180.0]}}}