{"textures":{"0":"modelengine:entity/nocsy_algarok_enraged","particle":"#0"},"elements":[{"from":[3.5,-0.099998474,6.200859],"to":[12.5,7.9000015,16.20086],"faces":{"east":{"uv":[7.625,6.40625,7.9375,6.65625],"tintindex":0,"rotation":0,"texture":"#0"},"south":{"uv":[6.90625,7.65625,7.1875,7.90625],"tintindex":0,"rotation":0,"texture":"#0"},"north":{"uv":[4.0625,2.34375,4.34375,2.59375],"tintindex":0,"rotation":0,"texture":"#0"},"west":{"uv":[7.625,6.65625,7.9375,6.90625],"tintindex":0,"rotation":0,"texture":"#0"},"up":{"uv":[7.625,6.75,7.34375,6.4375],"tintindex":0,"rotation":0,"texture":"#0"},"down":{"uv":[7.625,6.75,7.34375,7.0625],"tintindex":0,"rotation":0,"texture":"#0"}}},{"from":[7.0,1.9000015,6.200859],"to":[9.0,9.900002,14.200859],"faces":{"east":{"uv":[2.84375,5.9375,3.09375,6.1875],"tintindex":0,"rotation":0,"texture":"#0"},"south":{"uv":[4.34375,2.71875,4.40625,2.96875],"tintindex":0,"rotation":0,"texture":"#0"},"north":{"uv":[3.96875,2.96875,4.03125,3.21875],"tintindex":0,"rotation":0,"texture":"#0"},"west":{"uv":[2.0,8.0,2.25,8.25],"tintindex":0,"rotation":0,"texture":"#0"},"up":{"uv":[5.90625,5.09375,5.84375,4.84375],"tintindex":0,"rotation":0,"texture":"#0"},"down":{"uv":[6.28125,5.09375,6.21875,5.34375],"tintindex":0,"rotation":0,"texture":"#0"}}},{"from":[3.51,1.2100008,3.3108575],"to":[12.49,9.190001,7.2908573],"faces":{"east":{"uv":[5.6875,6.625,5.8125,6.875],"tintindex":0,"rotation":0,"texture":"#0"},"south":{"uv":[4.75,7.875,5.03125,8.125],"tintindex":0,"rotation":0,"texture":"#0"},"north":{"uv":[7.84375,7.75,8.125,8.0],"tintindex":0,"rotation":0,"texture":"#0"},"west":{"uv":[7.21875,7.375,7.34375,7.625],"tintindex":0,"rotation":0,"texture":"#0"},"up":{"uv":[1.65625,8.625,1.375,8.5],"tintindex":0,"rotation":0,"texture":"#0"},"down":{"uv":[8.78125,1.4375,8.5,1.5625],"tintindex":0,"rotation":0,"texture":"#0"}},"rotation":{"origin":[8.0,3.9000015,4.200859],"angle":22.5,"axis":"x"}},{"from":[4.5,0.6000023,15.500862],"to":[11.5,7.6000023,25.500862],"faces":{"east":{"uv":[2.34375,7.9375,2.65625,8.15625],"tintindex":0,"rotation":0,"texture":"#0"},"south":{"uv":[0.75,8.25,0.96875,8.46875],"tintindex":0,"rotation":0,"texture":"#0"},"north":{"uv":[8.1875,8.21875,8.40625,8.4375],"tintindex":0,"rotation":0,"texture":"#0"},"west":{"uv":[2.875,7.9375,3.1875,8.15625],"tintindex":0,"rotation":0,"texture":"#0"},"up":{"uv":[7.125,8.21875,6.90625,7.90625],"tintindex":0,"rotation":0,"texture":"#0"},"down":{"uv":[8.15625,3.0,7.9375,3.3125],"tintindex":0,"rotation":0,"texture":"#0"}}}],"display":{"head":{"rotation":[0.0,0.0,0.0]},"firstperson_righthand":{"rotation":[0.0,0.0,0.0]},"thirdperson_lefthand":{"rotation":[0.0,-0.0,-0.0]},"firstperson_lefthand":{"rotation":[0.0,-0.0,-0.0]},"fixed":{"rotation":[0.0,0.0,0.0]},"ground":{"rotation":[0.0,0.0,0.0]},"thirdperson_righthand":{"rotation":[0.0,0.0,0.0]},"gui":{"rotation":[-150.0,-45.0,180.0]}}}