{"textures":{"0":"modelengine:entity/nocsy_algarok_enraged","particle":"#0"},"elements":[{"from":[7.25,5.3220005,12.691998],"to":[8.75,9.8220005,20.191998],"faces":{"east":{"uv":[5.34375,6.34375,5.8125,6.625],"tintindex":0,"rotation":0,"texture":"#0"},"south":{"uv":[2.25,8.6875,2.34375,8.96875],"tintindex":0,"rotation":0,"texture":"#0"},"north":{"uv":[5.25,3.5625,5.34375,3.84375],"tintindex":0,"rotation":0,"texture":"#0"},"west":{"uv":[4.53125,6.375,5.0,6.65625],"tintindex":0,"rotation":0,"texture":"#0"},"up":{"uv":[2.46875,4.53125,2.375,4.0625],"tintindex":0,"rotation":0,"texture":"#0"},"down":{"uv":[7.71875,8.0625,7.625,8.53125],"tintindex":0,"rotation":0,"texture":"#0"}}},{"from":[8.084,4.8500004,16.719997],"to":[12.484,7.050001,21.119999],"faces":{"east":{"uv":[7.4375,1.9375,7.71875,2.0625],"tintindex":0,"rotation":0,"texture":"#0"},"south":{"uv":[1.09375,8.46875,1.375,8.59375],"tintindex":0,"rotation":0,"texture":"#0"},"north":{"uv":[7.1875,5.625,7.46875,5.75],"tintindex":0,"rotation":0,"texture":"#0"},"west":{"uv":[8.46875,3.0,8.75,3.125],"tintindex":0,"rotation":0,"texture":"#0"},"up":{"uv":[7.71875,1.3125,7.4375,1.03125],"tintindex":0,"rotation":0,"texture":"#0"},"down":{"uv":[7.71875,1.65625,7.4375,1.9375],"tintindex":0,"rotation":0,"texture":"#0"}},"rotation":{"origin":[12.044001,5.950001,19.8],"angle":-22.5,"axis":"y"}},{"from":[5.2804,4.414401,16.2844],"to":[7.9116,7.4856005,21.115599],"faces":{"east":{"uv":[0.84375,8.0625,1.15625,8.25],"tintindex":0,"rotation":0,"texture":"#0"},"south":{"uv":[8.625,4.3125,8.78125,4.5],"tintindex":0,"rotation":0,"texture":"#0"},"north":{"uv":[4.1875,8.625,4.34375,8.8125],"tintindex":0,"rotation":0,"texture":"#0"},"west":{"uv":[8.0625,1.03125,8.375,1.21875],"tintindex":0,"rotation":0,"texture":"#0"},"up":{"uv":[5.25,3.5,5.09375,3.1875],"tintindex":0,"rotation":0,"texture":"#0"},"down":{"uv":[6.09375,4.53125,5.9375,4.84375],"tintindex":0,"rotation":0,"texture":"#0"}},"rotation":{"origin":[3.9559999,5.950001,19.8],"angle":22.5,"axis":"y"}},{"from":[3.5159998,4.8500004,16.719997],"to":[7.916,7.050001,21.119999],"faces":{"east":{"uv":[7.28125,8.46875,7.5625,8.59375],"tintindex":0,"rotation":0,"texture":"#0"},"south":{"uv":[0.125,8.5,0.40625,8.625],"tintindex":0,"rotation":0,"texture":"#0"},"north":{"uv":[8.46875,3.125,8.75,3.25],"tintindex":0,"rotation":0,"texture":"#0"},"west":{"uv":[8.5,0.53125,8.78125,0.65625],"tintindex":0,"rotation":0,"texture":"#0"},"up":{"uv":[7.71875,3.6875,7.4375,3.40625],"tintindex":0,"rotation":0,"texture":"#0"},"down":{"uv":[4.6875,7.4375,4.40625,7.71875],"tintindex":0,"rotation":0,"texture":"#0"}},"rotation":{"origin":[3.9559999,5.950001,19.8],"angle":22.5,"axis":"y"}},{"from":[5.25,3.3220005,7.6919994],"to":[10.75,8.8220005,12.691998],"faces":{"east":{"uv":[6.71875,6.15625,7.03125,6.5],"tintindex":0,"rotation":0,"texture":"#0"},"south":{"uv":[2.8125,6.625,3.15625,6.96875],"tintindex":0,"rotation":0,"texture":"#0"},"north":{"uv":[5.8125,6.59375,6.15625,6.9375],"tintindex":0,"rotation":0,"texture":"#0"},"west":{"uv":[6.71875,6.5,7.03125,6.84375],"tintindex":0,"rotation":0,"texture":"#0"},"up":{"uv":[1.0,7.0625,0.65625,6.75],"tintindex":0,"rotation":0,"texture":"#0"},"down":{"uv":[2.6875,6.75,2.34375,7.0625],"tintindex":0,"rotation":0,"texture":"#0"}}},{"from":[7.005,4.8270006,7.6969995],"to":[8.995,10.317,13.686997],"faces":{"east":{"uv":[1.0625,6.4375,1.4375,6.78125],"tintindex":0,"rotation":0,"texture":"#0"},"south":{"uv":[6.1875,8.28125,6.3125,8.625],"tintindex":0,"rotation":0,"texture":"#0"},"north":{"uv":[0.0,8.28125,0.125,8.625],"tintindex":0,"rotation":0,"texture":"#0"},"west":{"uv":[1.96875,6.4375,2.34375,6.78125],"tintindex":0,"rotation":0,"texture":"#0"},"up":{"uv":[1.0,3.65625,0.875,3.28125],"tintindex":0,"rotation":0,"texture":"#0"},"down":{"uv":[5.46875,5.96875,5.34375,6.34375],"tintindex":0,"rotation":0,"texture":"#0"}}},{"from":[1.6201968,5.290001,19.337269],"to":[4.2601967,6.6100006,22.41727],"faces":{"east":{"uv":[8.84375,0.75,9.03125,0.84375],"tintindex":0,"rotation":0,"texture":"#0"},"south":{"uv":[8.375,8.875,8.53125,8.96875],"tintindex":0,"rotation":0,"texture":"#0"},"north":{"uv":[8.21875,8.875,8.375,8.96875],"tintindex":0,"rotation":0,"texture":"#0"},"west":{"uv":[8.84375,0.84375,9.03125,0.9375],"tintindex":0,"rotation":0,"texture":"#0"},"up":{"uv":[1.53125,8.8125,1.375,8.625],"tintindex":0,"rotation":0,"texture":"#0"},"down":{"uv":[4.1875,8.625,4.03125,8.8125],"tintindex":0,"rotation":0,"texture":"#0"}},"rotation":{"origin":[1.1801968,5.950001,19.997269],"angle":45.0,"axis":"y"}},{"from":[8.25,9.422001,7.6919994],"to":[11.25,10.422001,13.191998],"faces":{"east":{"uv":[6.46875,3.75,6.8125,3.8125],"tintindex":0,"rotation":0,"texture":"#0"},"south":{"uv":[8.84375,1.03125,9.03125,1.09375],"tintindex":0,"rotation":0,"texture":"#0"},"north":{"uv":[8.84375,0.46875,9.03125,0.53125],"tintindex":0,"rotation":0,"texture":"#0"},"west":{"uv":[8.6875,8.0625,9.03125,8.125],"tintindex":0,"rotation":0,"texture":"#0"},"up":{"uv":[1.71875,3.53125,1.53125,3.1875],"tintindex":0,"rotation":0,"texture":"#0"},"down":{"uv":[6.0625,3.53125,5.875,3.875],"tintindex":0,"rotation":0,"texture":"#0"}},"rotation":{"origin":[8.0,9.0720005,10.191998],"angle":-22.5,"axis":"z"}},{"from":[4.75,9.422001,7.6919994],"to":[7.75,10.422001,13.191998],"faces":{"east":{"uv":[8.71875,1.875,9.0625,1.9375],"tintindex":0,"rotation":0,"texture":"#0"},"south":{"uv":[8.84375,3.78125,9.03125,3.84375],"tintindex":0,"rotation":0,"texture":"#0"},"north":{"uv":[8.84375,1.6875,9.03125,1.75],"tintindex":0,"rotation":0,"texture":"#0"},"west":{"uv":[8.71875,2.3125,9.0625,2.375],"tintindex":0,"rotation":0,"texture":"#0"},"up":{"uv":[3.375,8.28125,3.1875,7.9375],"tintindex":0,"rotation":0,"texture":"#0"},"down":{"uv":[4.25,7.9375,4.0625,8.28125],"tintindex":0,"rotation":0,"texture":"#0"}},"rotation":{"origin":[8.0,9.0720005,10.191998],"angle":22.5,"axis":"z"}},{"from":[5.25,3.8220005,12.691998],"to":[10.75,8.3220005,19.191998],"faces":{"east":{"uv":[5.34375,2.40625,5.75,2.6875],"tintindex":0,"rotation":0,"texture":"#0"},"south":{"uv":[7.125,4.09375,7.46875,4.375],"tintindex":0,"rotation":0,"texture":"#0"},"north":{"uv":[7.125,3.8125,7.46875,4.09375],"tintindex":0,"rotation":0,"texture":"#0"},"west":{"uv":[6.6875,0.28125,7.09375,0.5625],"tintindex":0,"rotation":0,"texture":"#0"},"up":{"uv":[6.5625,5.09375,6.21875,4.6875],"tintindex":0,"rotation":0,"texture":"#0"},"down":{"uv":[0.71875,6.3125,0.375,6.71875],"tintindex":0,"rotation":0,"texture":"#0"}}},{"from":[8.0,8.022001,12.691998],"to":[11.0,9.522001,19.191998],"faces":{"east":{"uv":[5.8125,2.3125,6.21875,2.40625],"tintindex":0,"rotation":0,"texture":"#0"},"south":{"uv":[7.75,2.375,7.9375,2.46875],"tintindex":0,"rotation":0,"texture":"#0"},"north":{"uv":[6.6875,0.5625,6.875,0.65625],"tintindex":0,"rotation":0,"texture":"#0"},"west":{"uv":[7.78125,2.125,8.1875,2.21875],"tintindex":0,"rotation":0,"texture":"#0"},"up":{"uv":[1.0625,8.0625,0.875,7.65625],"tintindex":0,"rotation":0,"texture":"#0"},"down":{"uv":[1.25,7.65625,1.0625,8.0625],"tintindex":0,"rotation":0,"texture":"#0"}},"rotation":{"origin":[8.0,8.5720005,15.941998],"angle":-22.5,"axis":"z"}},{"from":[5.0,8.022001,12.691998],"to":[8.0,9.522001,19.191998],"faces":{"east":{"uv":[8.28125,3.46875,8.6875,3.5625],"tintindex":0,"rotation":0,"texture":"#0"},"south":{"uv":[8.53125,8.8125,8.71875,8.90625],"tintindex":0,"rotation":0,"texture":"#0"},"north":{"uv":[8.8125,7.375,9.0,7.46875],"tintindex":0,"rotation":0,"texture":"#0"},"west":{"uv":[8.34375,1.34375,8.75,1.4375],"tintindex":0,"rotation":0,"texture":"#0"},"up":{"uv":[1.4375,8.0625,1.25,7.65625],"tintindex":0,"rotation":0,"texture":"#0"},"down":{"uv":[1.625,7.65625,1.4375,8.0625],"tintindex":0,"rotation":0,"texture":"#0"}},"rotation":{"origin":[8.0,8.5720005,15.941998],"angle":22.5,"axis":"z"}},{"from":[8.0884,4.414401,16.2844],"to":[10.7196,7.4856005,21.115599],"faces":{"east":{"uv":[5.21875,8.03125,5.53125,8.21875],"tintindex":0,"rotation":0,"texture":"#0"},