{"textures":{"0":"modelengine:entity/nocsy_algarok_enraged","particle":"#0"},"elements":[{"from":[8.0,3.9901175,-3.71627],"to":[8.400001,4.7901173,-1.51627],"faces":{"east":{"uv":[3.375,8.9375,3.5,9.03125],"tintindex":0,"rotation":0,"texture":"#0"},"south":{"uv":[4.28125,9.03125,4.34375,9.125],"tintindex":0,"rotation":0,"texture":"#0"},"north":{"uv":[4.21875,9.03125,4.28125,9.125],"tintindex":0,"rotation":0,"texture":"#0"},"west":{"uv":[3.96875,8.9375,4.09375,9.03125],"tintindex":0,"rotation":0,"texture":"#0"},"up":{"uv":[6.15625,7.28125,6.09375,7.15625],"tintindex":0,"rotation":0,"texture":"#0"},"down":{"uv":[0.3125,7.40625,0.25,7.53125],"tintindex":0,"rotation":0,"texture":"#0"}},"rotation":{"origin":[8.200001,4.390117,-1.4162703],"angle":-45.0,"axis":"x"}},{"from":[11.500001,3.590117,-2.8162704],"to":[12.3,5.0901175,-0.01627028],"faces":{"east":{"uv":[2.875,8.9375,3.0,9.03125],"tintindex":0,"rotation":0,"texture":"#0"},"south":{"uv":[8.53125,8.71875,8.59375,8.8125],"tintindex":0,"rotation":0,"texture":"#0"},"north":{"uv":[5.625,8.71875,5.6875,8.8125],"tintindex":0,"rotation":0,"texture":"#0"},"west":{"uv":[3.0,8.9375,3.125,9.03125],"tintindex":0,"rotation":0,"texture":"#0"},"up":{"uv":[1.96875,6.6875,1.90625,6.5625],"tintindex":0,"rotation":0,"texture":"#0"},"down":{"uv":[6.53125,6.5625,6.46875,6.6875],"tintindex":0,"rotation":0,"texture":"#0"}},"rotation":{"origin":[11.900001,4.390117,-1.4162703],"angle":-45.0,"axis":"x"}},{"from":[3.7000003,3.0137887,-0.60000074],"to":[5.5000005,6.2137885,1.1999997],"faces":{"east":{"uv":[4.59375,9.03125,4.65625,9.125],"tintindex":0,"rotation":0,"texture":"#0"},"south":{"uv":[4.65625,9.03125,4.71875,9.125],"tintindex":0,"rotation":0,"texture":"#0"},"north":{"uv":[9.03125,4.46875,9.09375,4.5625],"tintindex":0,"rotation":0,"texture":"#0"},"west":{"uv":[4.71875,9.03125,4.78125,9.125],"tintindex":0,"rotation":0,"texture":"#0"},"up":{"uv":[9.125,7.84375,9.0625,7.78125],"tintindex":0,"rotation":0,"texture":"#0"},"down":{"uv":[9.125,8.09375,9.0625,8.15625],"tintindex":0,"rotation":0,"texture":"#0"}}},{"from":[4.2000003,3.590117,-2.8162704],"to":[5.0000005,5.0901175,-0.01627028],"faces":{"east":{"uv":[4.09375,8.9375,4.21875,9.03125],"tintindex":0,"rotation":0,"texture":"#0"},"south":{"uv":[9.03125,5.03125,9.09375,5.125],"tintindex":0,"rotation":0,"texture":"#0"},"north":{"uv":[5.03125,9.03125,5.09375,9.125],"tintindex":0,"rotation":0,"texture":"#0"},"west":{"uv":[8.9375,4.09375,9.0625,4.1875],"tintindex":0,"rotation":0,"texture":"#0"},"up":{"uv":[0.3125,7.65625,0.25,7.53125],"tintindex":0,"rotation":0,"texture":"#0"},"down":{"uv":[3.84375,7.75,3.78125,7.875],"tintindex":0,"rotation":0,"texture":"#0"}},"rotation":{"origin":[4.6000004,4.390117,-1.4162703],"angle":-45.0,"axis":"x"}},{"from":[3.6000004,2.813789,1.1999998],"to":[5.6000004,6.813789,3.1999998],"faces":{"east":{"uv":[7.125,8.03125,7.1875,8.15625],"tintindex":0,"rotation":0,"texture":"#0"},"south":{"uv":[4.0,8.125,4.0625,8.25],"tintindex":0,"rotation":0,"texture":"#0"},"north":{"uv":[1.9375,8.03125,2.0,8.15625],"tintindex":0,"rotation":0,"texture":"#0"},"west":{"uv":[5.15625,8.25,5.21875,8.375],"tintindex":0,"rotation":0,"texture":"#0"},"up":{"uv":[8.34375,9.125,8.28125,9.0625],"tintindex":0,"rotation":0,"texture":"#0"},"down":{"uv":[9.125,8.28125,9.0625,8.34375],"tintindex":0,"rotation":0,"texture":"#0"}}},{"from":[7.200001,2.813789,1.1999998],"to":[9.200001,6.813789,3.1999998],"faces":{"east":{"uv":[7.125,7.90625,7.1875,8.03125],"tintindex":0,"rotation":0,"texture":"#0"},"south":{"uv":[7.9375,6.78125,8.0,6.90625],"tintindex":0,"rotation":0,"texture":"#0"},"north":{"uv":[7.875,6.28125,7.9375,6.40625],"tintindex":0,"rotation":0,"texture":"#0"},"west":{"uv":[4.0,8.0,4.0625,8.125],"tintindex":0,"rotation":0,"texture":"#0"},"up":{"uv":[8.28125,9.125,8.21875,9.0625],"tintindex":0,"rotation":0,"texture":"#0"},"down":{"uv":[9.125,8.21875,9.0625,8.28125],"tintindex":0,"rotation":0,"texture":"#0"}}},{"from":[7.8000007,3.590117,-2.8162704],"to":[8.6,5.0901175,-0.01627028],"faces":{"east":{"uv":[8.9375,3.1875,9.0625,3.28125],"tintindex":0,"rotation":0,"texture":"#0"},"south":{"uv":[4.15625,9.03125,4.21875,9.125],"tintindex":0,"rotation":0,"texture":"#0"},"north":{"uv":[4.09375,9.03125,4.15625,9.125],"tintindex":0,"rotation":0,"texture":"#0"},"west":{"uv":[3.25,8.9375,3.375,9.03125],"tintindex":0,"rotation":0,"texture":"#0"},"up":{"uv":[7.15625,0.5625,7.09375,0.4375],"tintindex":0,"rotation":0,"texture":"#0"},"down":{"uv":[2.1875,7.15625,2.125,7.28125],"tintindex":0,"rotation":0,"texture":"#0"}},"rotation":{"origin":[8.200001,4.390117,-1.4162703],"angle":-45.0,"axis":"x"}},{"from":[7.3000007,3.0137887,-0.60000074],"to":[9.1,6.2137885,1.1999997],"faces":{"east":{"uv":[3.21875,9.03125,3.28125,9.125],"tintindex":0,"rotation":0,"texture":"#0"},"south":{"uv":[3.28125,9.03125,3.34375,9.125],"tintindex":0,"rotation":0,"texture":"#0"},"north":{"uv":[3.15625,9.03125,3.21875,9.125],"tintindex":0,"rotation":0,"texture":"#0"},"west":{"uv":[3.34375,9.03125,3.40625,9.125],"tintindex":0,"rotation":0,"texture":"#0"},"up":{"uv":[8.96875,4.0,8.90625,3.9375],"tintindex":0,"rotation":0,"texture":"#0"},"down":{"uv":[9.125,7.28125,9.0625,7.34375],"tintindex":0,"rotation":0,"texture":"#0"}}},{"from":[4.0000005,3.1137886,-1.6],"to":[5.2000003,5.5137887,8.940697E-8],"faces":{"east":{"uv":[4.90625,9.03125,4.96875,9.125],"tintindex":0,"rotation":0,"texture":"#0"},"south":{"uv":[9.03125,4.9375,9.09375,5.03125],"tintindex":0,"rotation":0,"texture":"#0"},"north":{"uv":[9.03125,4.84375,9.09375,4.9375],"tintindex":0,"rotation":0,"texture":"#0"},"west":{"uv":[4.96875,9.03125,5.03125,9.125],"tintindex":0,"rotation":0,"texture":"#0"},"up":{"uv":[8.21875,9.125,8.15625,9.0625],"tintindex":0,"rotation":0,"texture":"#0"},"down":{"uv":[9.125,8.15625,9.0625,8.21875],"tintindex":0,"rotation":0,"texture":"#0"}},"rotation":{"origin":[4.6000004,4.8137884,-1.7000008],"angle":-22.5,"axis":"x"}},{"from":[11.7,3.9901175,-3.71627],"to":[12.100001,4.7901173,-1.51627],"faces":{"east":{"uv":[8.9375,3.09375,9.0625,3.1875],"tintindex":0,"rotation":0,"texture":"#0"},"south":{"uv":[9.03125,3.0,9.09375,3.09375],"tintindex":0,"rotation":0,"texture":"#0"},"north":{"uv":[6.4375,8.8125,6.5,8.90625],"tintindex":0,"rotation":0,"texture":"#0"},"west":{"uv":[3.125,8.9375,3.25,9.03125],"tintindex":0,"rotation":0,"texture":"#0"},"up":{"uv":[6.53125,6.8125,6.46875,6.6875],"tintindex":0,"rotation":0,"texture":"#0"},"down":{"uv":[7.15625,0.3125,7.09375,0.4375],"tintindex":0,"rotation":0,"texture":"#0"}},"rotation":{"origin":[11.900001,4.390117,-1.4162703],"angle":-45.0,"axis":"x"}},{"from":[7.600001,3.1137886,-1.6],"to":[8.800001,5.5137887,8.940697E-8],"faces":{"east":{"uv":[9.03125,3.78125,9.09375,3.875],"tintindex":0,"rotation":0,"texture":"#0"},"south":{"uv":[3.96875,9.03125,4.03125,9.125],"tintindex":0,"rotation":0,"texture":"#0"},"north":{"uv":[3.40625,9.03125,3.46875,9.125],"tintindex":0,"rotation":0,"texture":"#0"},"west":{"uv":[4.03125,9.03125,4.09375,9.125],"tintindex":0,"rotation":0,"texture":"#0"},"up":{"uv":[7.5,9.125,7.4375,9.0625],"tintindex":0,"rotation":0,"texture":"#0"},"down":{"uv":[9.125,7.71875,9.0625,7.78125],"tintindex":0,"rotation":0,"texture":"#0"}},"rotation":{"origin":[8.200001,4.8137884,-1.7000008],"angle":-22.5,"axis":"x"}},{"from":[3.2000003,2.813789,3.1999998],"to":[13.2,7.813789,13.2],"faces":{"east":{"uv":[8.21875,3.5625,8.53125,3.71875],"tintindex":0,"rotation":0,"texture":"#0"},"south":{"uv":[8.21875,3.71875,8.53125,3.875],"tintindex":0,"rotation":0,"texture":"#0"},"north":{"uv":[2.5625,8.21875,2.875,8.375],"tintindex":0,"rotation":0,"texture":"#0"},"west":{"uv":[8.21875,3.875,8.53125,4.03125],"tintindex":0,"rotation":0,"texture":"#0"},"up":{"uv":[5.3125,7.375,5.0,7.0625],"tintindex":0,"rotation":0,"texture":"#0"},"down":{"uv":[7.34375,7.0625,7.03125,7.375],"tintindex":0,"rotation":0,"texture":"#0"}}},{"from":[11.000001,3.0137887,-0.60000074],"to":[12.8,6.2137885,1.1999997],