{"textures":{"0":"modelengine:entity/nocsy_algarok_enraged","particle":"#0"},"elements":[{"from":[6.6499996,2.25,3.5],"to":[12.15,8.75,12.5],"faces":{"east":{"uv":[0.5625,4.15625,1.125,4.5625],"tintindex":0,"rotation":0,"texture":"#0"},"south":{"uv":[6.3125,5.5,6.65625,5.90625],"tintindex":0,"rotation":0,"texture":"#0"},"north":{"uv":[6.3125,5.09375,6.65625,5.5],"tintindex":0,"rotation":0,"texture":"#0"},"west":{"uv":[4.15625,3.9375,4.71875,4.34375],"tintindex":0,"rotation":0,"texture":"#0"},"up":{"uv":[1.46875,5.28125,1.125,4.71875],"tintindex":0,"rotation":0,"texture":"#0"},"down":{"uv":[5.03125,4.71875,4.6875,5.28125],"tintindex":0,"rotation":0,"texture":"#0"}}},{"from":[6.2,5.807228,4.131662],"to":[11.700001,11.057228,11.781662],"faces":{"east":{"uv":[4.5,5.65625,4.96875,6.0],"tintindex":0,"rotation":0,"texture":"#0"},"south":{"uv":[6.65625,2.59375,7.0,2.9375],"tintindex":0,"rotation":0,"texture":"#0"},"north":{"uv":[5.34375,6.625,5.6875,6.96875],"tintindex":0,"rotation":0,"texture":"#0"},"west":{"uv":[5.6875,0.375,6.15625,0.71875],"tintindex":0,"rotation":0,"texture":"#0"},"up":{"uv":[6.0625,3.53125,5.71875,3.0625],"tintindex":0,"rotation":0,"texture":"#0"},"down":{"uv":[3.4375,5.71875,3.09375,6.1875],"tintindex":0,"rotation":0,"texture":"#0"}},"rotation":{"origin":[8.95,8.432228,7.9566617],"angle":-22.5,"axis":"x"}},{"from":[7.1499996,-3.25,3.0],"to":[11.65,3.75,9.0],"faces":{"east":{"uv":[2.71875,5.5,3.09375,5.9375],"tintindex":0,"rotation":0,"texture":"#0"},"south":{"uv":[6.5,1.46875,6.78125,1.90625],"tintindex":0,"rotation":0,"texture":"#0"},"north":{"uv":[6.46875,3.3125,6.75,3.75],"tintindex":0,"rotation":0,"texture":"#0"},"west":{"uv":[3.75,5.5,4.125,5.9375],"tintindex":0,"rotation":0,"texture":"#0"},"up":{"uv":[7.125,6.125,6.84375,5.75],"tintindex":0,"rotation":0,"texture":"#0"},"down":{"uv":[6.75,6.84375,6.46875,7.21875],"tintindex":0,"rotation":0,"texture":"#0"}},"rotation":{"origin":[9.4,-0.5,6.5],"angle":22.5,"axis":"x"}},{"from":[6.1499996,6.75,11.7],"to":[11.65,10.0,13.85],"faces":{"east":{"uv":[8.6875,6.25,8.8125,6.46875],"tintindex":0,"rotation":0,"texture":"#0"},"south":{"uv":[7.6875,1.3125,8.03125,1.53125],"tintindex":0,"rotation":0,"texture":"#0"},"north":{"uv":[7.65625,7.34375,8.0,7.5625],"tintindex":0,"rotation":0,"texture":"#0"},"west":{"uv":[8.71875,0.65625,8.84375,0.875],"tintindex":0,"rotation":0,"texture":"#0"},"up":{"uv":[8.65625,0.53125,8.3125,0.40625],"tintindex":0,"rotation":0,"texture":"#0"},"down":{"uv":[8.65625,5.78125,8.3125,5.90625],"tintindex":0,"rotation":0,"texture":"#0"}},"rotation":{"origin":[9.4,8.0,13.25],"angle":-22.5,"axis":"x"}},{"from":[6.8999996,8.256371,13.950305],"to":[10.9,10.006371,14.600305],"faces":{"east":{"uv":[8.71875,3.40625,8.84375,3.625],"tintindex":0,"rotation":0,"texture":"#0"},"south":{"uv":[7.71875,1.75,8.0625,1.96875],"tintindex":0,"rotation":0,"texture":"#0"},"north":{"uv":[7.71875,1.53125,8.0625,1.75],"tintindex":0,"rotation":0,"texture":"#0"},"west":{"uv":[8.71875,3.625,8.84375,3.84375],"tintindex":0,"rotation":0,"texture":"#0"},"up":{"uv":[8.6875,2.8125,8.34375,2.6875],"tintindex":0,"rotation":0,"texture":"#0"},"down":{"uv":[8.6875,6.625,8.34375,6.75],"tintindex":0,"rotation":0,"texture":"#0"}},"rotation":{"origin":[8.9,9.131371,14.275305],"angle":-45.0,"axis":"x"}},{"from":[7.6499996,-5.25,4.5],"to":[11.15,-3.25,9.0],"faces":{"east":{"uv":[8.5,4.1875,8.78125,4.3125],"tintindex":0,"rotation":0,"texture":"#0"},"south":{"uv":[8.6875,7.9375,8.90625,8.0625],"tintindex":0,"rotation":0,"texture":"#0"},"north":{"uv":[8.6875,6.625,8.90625,6.75],"tintindex":0,"rotation":0,"texture":"#0"},"west":{"uv":[4.46875,8.5,4.75,8.625],"tintindex":0,"rotation":0,"texture":"#0"},"up":{"uv":[4.8125,1.34375,4.59375,1.0625],"tintindex":0,"rotation":0,"texture":"#0"},"down":{"uv":[1.90625,5.5,1.6875,5.78125],"tintindex":0,"rotation":0,"texture":"#0"}},"rotation":{"origin":[9.4,-0.5,6.5],"angle":22.5,"axis":"x"}},{"from":[6.55,6.85,13.099999],"to":[11.25,9.299999,14.450001],"faces":{"east":{"uv":[8.71875,0.875,8.84375,1.09375],"tintindex":0,"rotation":0,"texture":"#0"},"south":{"uv":[7.71875,1.03125,8.0625,1.25],"tintindex":0,"rotation":0,"texture":"#0"},"north":{"uv":[7.6875,2.78125,8.03125,3.0],"tintindex":0,"rotation":0,"texture":"#0"},"west":{"uv":[8.71875,2.09375,8.84375,2.3125],"tintindex":0,"rotation":0,"texture":"#0"},"up":{"uv":[1.4375,8.46875,1.09375,8.34375],"tintindex":0,"rotation":0,"texture":"#0"},"down":{"uv":[8.6875,1.21875,8.34375,1.34375],"tintindex":0,"rotation":0,"texture":"#0"}},"rotation":{"origin":[9.4,8.0,13.25],"angle":-45.0,"axis":"x"}},{"from":[10.4,8.752535,14.828954],"to":[10.4,12.002535,17.978954],"faces":{"east":{"uv":[3.28125,8.4375,3.46875,8.65625],"tintindex":0,"rotation":0,"texture":"#0"},"west":{"uv":[3.46875,8.4375,3.65625,8.65625],"tintindex":0,"rotation":0,"texture":"#0"}},"rotation":{"origin":[10.4,9.427535,15.716454],"angle":-45.0,"axis":"x"}}],"display":{"head":{"rotation":[0.0,0.0,0.0]},"firstperson_righthand":{"rotation":[0.0,0.0,0.0]},"thirdperson_lefthand":{"rotation":[0.0,-0.0,-0.0]},"firstperson_lefthand":{"rotation":[0.0,-0.0,-0.0]},"fixed":{"rotation":[0.0,0.0,0.0]},"ground":{"rotation":[0.0,0.0,0.0]},"thirdperson_righthand":{"rotation":[0.0,0.0,0.0]},"gui":{"rotation":[-150.0,-45.0,180.0]}}}