{"textures":{"0":"modelengine:entity/nocsy_algarok_enraged","particle":"#0"},"elements":[{"from":[7.17896,12.72981,-7.4682293],"to":[9.540879,15.62853,-5.10631],"faces":{"east":{"uv":[5.75,8.96875,5.84375,9.0625],"tintindex":0,"rotation":0,"texture":"#0"},"south":{"uv":[5.84375,8.96875,5.9375,9.0625],"tintindex":0,"rotation":0,"texture":"#0"},"north":{"uv":[5.65625,8.96875,5.75,9.0625],"tintindex":0,"rotation":0,"texture":"#0"},"west":{"uv":[5.9375,8.96875,6.03125,9.0625],"tintindex":0,"rotation":0,"texture":"#0"},"up":{"uv":[6.125,9.0625,6.03125,8.96875],"tintindex":0,"rotation":0,"texture":"#0"},"down":{"uv":[6.34375,8.96875,6.25,9.0625],"tintindex":0,"rotation":0,"texture":"#0"}}},{"from":[10.267,13.386384,-3.4756835],"to":[12.951,16.680386,-0.9916838],"faces":{"east":{"uv":[5.59375,6.96875,5.6875,7.09375],"tintindex":0,"rotation":0,"texture":"#0"},"south":{"uv":[7.46875,5.90625,7.5625,6.03125],"tintindex":0,"rotation":0,"texture":"#0"},"north":{"uv":[6.75,3.625,6.84375,3.75],"tintindex":0,"rotation":0,"texture":"#0"},"west":{"uv":[5.21875,7.875,5.3125,8.0],"tintindex":0,"rotation":0,"texture":"#0"},"up":{"uv":[9.0625,3.78125,8.96875,3.6875],"tintindex":0,"rotation":0,"texture":"#0"},"down":{"uv":[3.875,8.96875,3.78125,9.0625],"tintindex":0,"rotation":0,"texture":"#0"}}},{"from":[9.09672,12.673969,-7.3608694],"to":[11.780721,14.821169,-5.21367],"faces":{"east":{"uv":[6.34375,8.96875,6.4375,9.0625],"tintindex":0,"rotation":0,"texture":"#0"},"south":{"uv":[7.53125,8.90625,7.65625,9.0],"tintindex":0,"rotation":0,"texture":"#0"},"north":{"uv":[8.90625,7.46875,9.03125,7.5625],"tintindex":0,"rotation":0,"texture":"#0"},"west":{"uv":[8.96875,6.34375,9.0625,6.4375],"tintindex":0,"rotation":0,"texture":"#0"},"up":{"uv":[9.03125,7.65625,8.90625,7.5625],"tintindex":0,"rotation":0,"texture":"#0"},"down":{"uv":[7.78125,8.90625,7.65625,9.0],"tintindex":0,"rotation":0,"texture":"#0"}},"rotation":{"origin":[10.50712,14.179169,-6.2872686],"angle":-22.5,"axis":"z"}},{"from":[14.646981,15.588478,-3.1096845],"to":[16.598982,16.93048,-1.1576837],"faces":{"east":{"uv":[6.4375,8.90625,6.5625,9.0],"tintindex":0,"rotation":0,"texture":"#0"},"south":{"uv":[8.90625,6.625,9.03125,6.71875],"tintindex":0,"rotation":0,"texture":"#0"},"north":{"uv":[8.90625,5.625,9.03125,5.71875],"tintindex":0,"rotation":0,"texture":"#0"},"west":{"uv":[6.96875,8.90625,7.09375,9.0],"tintindex":0,"rotation":0,"texture":"#0"},"up":{"uv":[3.6875,8.96875,3.5625,8.84375],"tintindex":0,"rotation":0,"texture":"#0"},"down":{"uv":[8.96875,3.65625,8.84375,3.78125],"tintindex":0,"rotation":0,"texture":"#0"}},"rotation":{"origin":[15.622981,16.015478,-2.1336832],"angle":45.0,"axis":"z"}},{"from":[12.218999,14.118385,-3.3536844],"to":[15.269,16.558384,-1.1136837],"faces":{"east":{"uv":[3.875,8.96875,3.96875,9.0625],"tintindex":0,"rotation":0,"texture":"#0"},"south":{"uv":[8.90625,4.875,9.03125,4.96875],"tintindex":0,"rotation":0,"texture":"#0"},"north":{"uv":[8.90625,3.84375,9.03125,3.9375],"tintindex":0,"rotation":0,"texture":"#0"},"west":{"uv":[8.96875,3.9375,9.0625,4.03125],"tintindex":0,"rotation":0,"texture":"#0"},"up":{"uv":[9.03125,5.0625,8.90625,4.96875],"tintindex":0,"rotation":0,"texture":"#0"},"down":{"uv":[9.03125,5.0625,8.90625,5.15625],"tintindex":0,"rotation":0,"texture":"#0"}},"rotation":{"origin":[14.049001,15.033384,-2.1336832],"angle":22.5,"axis":"z"}},{"from":[4.3339195,12.568769,-7.6292696],"to":[7.55472,15.78957,-4.9452696],"faces":{"east":{"uv":[4.4375,8.96875,4.53125,9.0625],"tintindex":0,"rotation":0,"texture":"#0"},"south":{"uv":[4.8125,8.96875,4.90625,9.0625],"tintindex":0,"rotation":0,"texture":"#0"},"north":{"uv":[4.34375,8.96875,4.4375,9.0625],"tintindex":0,"rotation":0,"texture":"#0"},"west":{"uv":[8.96875,5.4375,9.0625,5.53125],"tintindex":0,"rotation":0,"texture":"#0"},"up":{"uv":[9.0625,5.625,8.96875,5.53125],"tintindex":0,"rotation":0,"texture":"#0"},"down":{"uv":[5.65625,8.96875,5.5625,9.0625],"tintindex":0,"rotation":0,"texture":"#0"}}},{"from":[7.0339994,13.203384,-3.6586847],"to":[10.694,16.863384,-1.0086832],"faces":{"east":{"uv":[6.5625,2.59375,6.65625,2.71875],"tintindex":0,"rotation":0,"texture":"#0"},"south":{"uv":[8.84375,3.53125,8.96875,3.65625],"tintindex":0,"rotation":0,"texture":"#0"},"north":{"uv":[8.84375,3.40625,8.96875,3.53125],"tintindex":0,"rotation":0,"texture":"#0"},"west":{"uv":[6.5625,4.96875,6.65625,5.09375],"tintindex":0,"rotation":0,"texture":"#0"},"up":{"uv":[2.875,9.0,2.75,8.90625],"tintindex":0,"rotation":0,"texture":"#0"},"down":{"uv":[9.03125,3.0,8.90625,3.09375],"tintindex":0,"rotation":0,"texture":"#0"}}},{"from":[11.233343,12.667652,-7.14615],"to":[12.951104,13.848612,-5.428388],"faces":{"east":{"uv":[7.78125,8.90625,7.90625,9.0],"tintindex":0,"rotation":0,"texture":"#0"},"south":{"uv":[7.90625,8.90625,8.03125,9.0],"tintindex":0,"rotation":0,"texture":"#0"},"north":{"uv":[8.90625,7.65625,9.03125,7.75],"tintindex":0,"rotation":0,"texture":"#0"},"west":{"uv":[8.90625,7.90625,9.03125,8.0],"tintindex":0,"rotation":0,"texture":"#0"},"up":{"uv":[3.8125,8.96875,3.6875,8.84375],"tintindex":0,"rotation":0,"texture":"#0"},"down":{"uv":[8.96875,5.5,8.84375,5.625],"tintindex":0,"rotation":0,"texture":"#0"}}}],"display":{"head":{"rotation":[0.0,0.0,0.0]},"firstperson_righthand":{"rotation":[0.0,0.0,0.0]},"thirdperson_lefthand":{"rotation":[0.0,-0.0,-0.0]},"firstperson_lefthand":{"rotation":[0.0,-0.0,-0.0]},"fixed":{"rotation":[0.0,0.0,0.0]},"ground":{"rotation":[0.0,0.0,0.0]},"thirdperson_righthand":{"rotation":[0.0,0.0,0.0]},"gui":{"rotation":[-150.0,-45.0,180.0]}}}