{"textures":{"0":"modelengine:entity/nocsy_algarok_enraged","particle":"#0"},"elements":[{"from":[7.3000007,3.0236716,-1.6837295],"to":[9.1,6.2236714,0.116270445],"faces":{"east":{"uv":[2.21875,9.0625,2.28125,9.15625],"tintindex":0,"rotation":0,"texture":"#0"},"south":{"uv":[2.28125,9.0625,2.34375,9.15625],"tintindex":0,"rotation":0,"texture":"#0"},"north":{"uv":[1.9375,9.0625,2.0,9.15625],"tintindex":0,"rotation":0,"texture":"#0"},"west":{"uv":[9.0625,2.4375,9.125,2.53125],"tintindex":0,"rotation":0,"texture":"#0"},"up":{"uv":[9.15625,1.75,9.09375,1.6875],"tintindex":0,"rotation":0,"texture":"#0"},"down":{"uv":[2.0625,9.09375,2.0,9.15625],"tintindex":0,"rotation":0,"texture":"#0"}}},{"from":[4.5000005,3.1236715,-2.6837287],"to":[5.7000003,5.5236716,-1.0837272],"faces":{"east":{"uv":[3.78125,9.0625,3.84375,9.15625],"tintindex":0,"rotation":0,"texture":"#0"},"south":{"uv":[3.84375,9.0625,3.90625,9.15625],"tintindex":0,"rotation":0,"texture":"#0"},"north":{"uv":[3.71875,9.0625,3.78125,9.15625],"tintindex":0,"rotation":0,"texture":"#0"},"west":{"uv":[3.90625,9.0625,3.96875,9.15625],"tintindex":0,"rotation":0,"texture":"#0"},"up":{"uv":[9.15625,2.3125,9.09375,2.25],"tintindex":0,"rotation":0,"texture":"#0"},"down":{"uv":[9.15625,2.625,9.09375,2.6875],"tintindex":0,"rotation":0,"texture":"#0"}},"rotation":{"origin":[5.1000004,4.8236713,-2.7837296],"angle":-22.5,"axis":"x"}},{"from":[9.845455,2.8236718,0.11135483],"to":[11.845455,6.823672,2.1113548],"faces":{"east":{"uv":[6.9375,9.0,7.0,9.125],"tintindex":0,"rotation":0,"texture":"#0"},"south":{"uv":[7.0,9.0,7.0625,9.125],"tintindex":0,"rotation":0,"texture":"#0"},"north":{"uv":[6.5,9.0,6.5625,9.125],"tintindex":0,"rotation":0,"texture":"#0"},"west":{"uv":[7.53125,9.0,7.59375,9.125],"tintindex":0,"rotation":0,"texture":"#0"},"up":{"uv":[9.15625,0.78125,9.09375,0.71875],"tintindex":0,"rotation":0,"texture":"#0"},"down":{"uv":[9.15625,0.78125,9.09375,0.84375],"tintindex":0,"rotation":0,"texture":"#0"}}},{"from":[7.1454554,2.8236718,0.11135483],"to":[9.145455,6.823672,2.1113548],"faces":{"east":{"uv":[7.65625,9.0,7.71875,9.125],"tintindex":0,"rotation":0,"texture":"#0"},"south":{"uv":[7.71875,9.0,7.78125,9.125],"tintindex":0,"rotation":0,"texture":"#0"},"north":{"uv":[7.59375,9.0,7.65625,9.125],"tintindex":0,"rotation":0,"texture":"#0"},"west":{"uv":[7.78125,9.0,7.84375,9.125],"tintindex":0,"rotation":0,"texture":"#0"},"up":{"uv":[0.875,9.15625,0.8125,9.09375],"tintindex":0,"rotation":0,"texture":"#0"},"down":{"uv":[9.15625,0.84375,9.09375,0.90625],"tintindex":0,"rotation":0,"texture":"#0"}}},{"from":[4.9000006,4.0000005,-4.799997],"to":[5.3000007,4.8,-2.599997],"faces":{"east":{"uv":[6.8125,8.9375,6.9375,9.03125],"tintindex":0,"rotation":0,"texture":"#0"},"south":{"uv":[9.0625,4.28125,9.125,4.375],"tintindex":0,"rotation":0,"texture":"#0"},"north":{"uv":[9.0625,4.1875,9.125,4.28125],"tintindex":0,"rotation":0,"texture":"#0"},"west":{"uv":[7.09375,8.9375,7.21875,9.03125],"tintindex":0,"rotation":0,"texture":"#0"},"up":{"uv":[0.25,9.15625,0.1875,9.03125],"tintindex":0,"rotation":0,"texture":"#0"},"down":{"uv":[0.3125,9.03125,0.25,9.15625],"tintindex":0,"rotation":0,"texture":"#0"}},"rotation":{"origin":[5.1000004,4.4,-2.5],"angle":-45.0,"axis":"x"}},{"from":[10.7,4.0000005,-4.799997],"to":[11.1,4.8,-2.599997],"faces":{"east":{"uv":[8.9375,5.34375,9.0625,5.4375],"tintindex":0,"rotation":0,"texture":"#0"},"south":{"uv":[9.0625,1.125,9.125,1.21875],"tintindex":0,"rotation":0,"texture":"#0"},"north":{"uv":[1.125,9.0625,1.1875,9.15625],"tintindex":0,"rotation":0,"texture":"#0"},"west":{"uv":[5.4375,8.9375,5.5625,9.03125],"tintindex":0,"rotation":0,"texture":"#0"},"up":{"uv":[8.65625,9.125,8.59375,9.0],"tintindex":0,"rotation":0,"texture":"#0"},"down":{"uv":[8.71875,9.0,8.65625,9.125],"tintindex":0,"rotation":0,"texture":"#0"}},"rotation":{"origin":[10.900001,4.4,-2.5],"angle":-45.0,"axis":"x"}},{"from":[10.500001,3.6,-3.9],"to":[11.3,5.1000004,-1.1],"faces":{"east":{"uv":[8.9375,5.875,9.0625,5.96875],"tintindex":0,"rotation":0,"texture":"#0"},"south":{"uv":[9.0625,1.21875,9.125,1.3125],"tintindex":0,"rotation":0,"texture":"#0"},"north":{"uv":[1.1875,9.0625,1.25,9.15625],"tintindex":0,"rotation":0,"texture":"#0"},"west":{"uv":[8.9375,5.96875,9.0625,6.0625],"tintindex":0,"rotation":0,"texture":"#0"},"up":{"uv":[8.78125,9.125,8.71875,9.0],"tintindex":0,"rotation":0,"texture":"#0"},"down":{"uv":[8.84375,9.0,8.78125,9.125],"tintindex":0,"rotation":0,"texture":"#0"}},"rotation":{"origin":[10.900001,4.4,-2.5],"angle":-45.0,"axis":"x"}},{"from":[7.8000007,3.6,-3.9],"to":[8.6,5.1000004,-1.1],"faces":{"east":{"uv":[8.9375,6.0625,9.0625,6.15625],"tintindex":0,"rotation":0,"texture":"#0"},"south":{"uv":[3.46875,9.0625,3.53125,9.15625],"tintindex":0,"rotation":0,"texture":"#0"},"north":{"uv":[9.0625,3.375,9.125,3.46875],"tintindex":0,"rotation":0,"texture":"#0"},"west":{"uv":[6.125,8.9375,6.25,9.03125],"tintindex":0,"rotation":0,"texture":"#0"},"up":{"uv":[8.90625,9.125,8.84375,9.0],"tintindex":0,"rotation":0,"texture":"#0"},"down":{"uv":[8.96875,9.0,8.90625,9.125],"tintindex":0,"rotation":0,"texture":"#0"}},"rotation":{"origin":[8.200001,4.4,-2.5],"angle":-45.0,"axis":"x"}},{"from":[4.7000003,3.6,-3.9],"to":[5.5000005,5.1000004,-1.1],"faces":{"east":{"uv":[6.5625,8.9375,6.6875,9.03125],"tintindex":0,"rotation":0,"texture":"#0"},"south":{"uv":[9.0625,4.09375,9.125,4.1875],"tintindex":0,"rotation":0,"texture":"#0"},"north":{"uv":[9.0625,3.9375,9.125,4.03125],"tintindex":0,"rotation":0,"texture":"#0"},"west":{"uv":[6.6875,8.9375,6.8125,9.03125],"tintindex":0,"rotation":0,"texture":"#0"},"up":{"uv":[0.125,9.15625,0.0625,9.03125],"tintindex":0,"rotation":0,"texture":"#0"},"down":{"uv":[0.1875,9.03125,0.125,9.15625],"tintindex":0,"rotation":0,"texture":"#0"}},"rotation":{"origin":[5.1000004,4.4,-2.5],"angle":-45.0,"axis":"x"}},{"from":[4.045455,2.8236718,0.11135483],"to":[6.045455,6.823672,2.1113548],"faces":{"east":{"uv":[7.90625,9.0,7.96875,9.125],"tintindex":0,"rotation":0,"texture":"#0"},"south":{"uv":[7.96875,9.0,8.03125,9.125],"tintindex":0,"rotation":0,"texture":"#0"},"north":{"uv":[7.84375,9.0,7.90625,9.125],"tintindex":0,"rotation":0,"texture":"#0"},"west":{"uv":[8.53125,9.0,8.59375,9.125],"tintindex":0,"rotation":0,"texture":"#0"},"up":{"uv":[0.9375,9.15625,0.875,9.09375],"tintindex":0,"rotation":0,"texture":"#0"},"down":{"uv":[9.15625,0.90625,9.09375,0.96875],"tintindex":0,"rotation":0,"texture":"#0"}}},{"from":[10.000001,3.0236716,-1.6837295],"to":[11.8,6.2236714,0.116270445],"faces":{"east":{"uv":[9.0625,1.75,9.125,1.84375],"tintindex":0,"rotation":0,"texture":"#0"},"south":{"uv":[9.0625,1.84375,9.125,1.9375],"tintindex":0,"rotation":0,"texture":"#0"},"north":{"uv":[1.5,9.0625,1.5625,9.15625],"tintindex":0,"rotation":0,"texture":"#0"},"west":{"uv":[1.875,9.0625,1.9375,9.15625],"tintindex":0,"rotation":0,"texture":"#0"},"up":{"uv":[9.15625,1.625,9.09375,1.5625],"tintindex":0,"rotation":0,"texture":"#0"},"down":{"uv":[9.15625,1.625,9.09375,1.6875],"tintindex":0,"rotation":0,"texture":"#0"}}},{"from":[8.0,4.0000005,-4.799997],"to":[8.400001,4.8,-2.599997],"faces":{"east":{"uv":[8.9375,6.15625,9.0625,6.25],"tintindex":0,"rotation":0,"texture":"#0"},"south":{"uv":[3.53125,9.0625,3.59375,9.15625],"tintindex":0,"rotation":0,"texture":"#0"},"north":{"uv":[9.0625,3.46875,9.125,3.5625],"tintindex":0,"rotation":0,"texture":"#0"},"west":{"uv":[8.9375,6.25,9.0625,6.34375],"tintindex":0,"rotation":0,"texture":"#0"},"up":{"uv":[9.03125,9.125,8.96875,9.0],"tintindex":0,"rotation":0,"texture":"#0"},"down":{"uv":[0.0625,9.03125,0.0,9.15625],"tintindex":0,"rotation":0,"texture":"#0"}},"rotation":{"origin":[8.200001,4.4,-2.5],"angle":-45.0,"axis":"x"}},{"from":[3.145455,2.8236718,2.1113548],"to":[12.145455,7.823672,11.111355],"faces":{"east":{"uv":[7.09375,8.25,7.375,8.40625],"tintindex":0,"rotation":0,"texture":"#0"},"south":{"uv":[3.1875,8.28125,3.46875,8.4375],"tintindex":0,"rotation":0,"texture":"#0"},