{"textures":{"0":"modelengine:entity/nocsy_algarok_enraged","particle":"#0"},"elements":[{"from":[4.0,8.0,5.1000004],"to":[10.0,14.0,10.1],"faces":{"east":{"uv":[4.34375,8.625,4.5,8.8125],"tintindex":0,"rotation":0,"texture":"#0"},"south":{"uv":[2.15625,8.5,2.34375,8.6875],"tintindex":0,"rotation":0,"texture":"#0"},"north":{"uv":[8.5,1.5625,8.6875,1.75],"tintindex":0,"rotation":0,"texture":"#0"},"west":{"uv":[4.5,8.625,4.65625,8.8125],"tintindex":0,"rotation":0,"texture":"#0"},"up":{"uv":[8.8125,2.09375,8.625,1.9375],"tintindex":0,"rotation":0,"texture":"#0"},"down":{"uv":[4.84375,8.625,4.65625,8.78125],"tintindex":0,"rotation":0,"texture":"#0"}}},{"from":[16.480297,11.909988,6.0000005],"to":[19.680296,14.109991,9.200001],"faces":{"east":{"uv":[8.8125,6.75,8.96875,6.875],"tintindex":0,"rotation":0,"texture":"#0"},"south":{"uv":[8.8125,6.875,8.96875,7.0],"tintindex":0,"rotation":0,"texture":"#0"},"north":{"uv":[8.8125,6.375,8.96875,6.5],"tintindex":0,"rotation":0,"texture":"#0"},"west":{"uv":[8.8125,7.0,8.96875,7.125],"tintindex":0,"rotation":0,"texture":"#0"},"up":{"uv":[8.9375,1.5,8.78125,1.34375],"tintindex":0,"rotation":0,"texture":"#0"},"down":{"uv":[8.9375,3.15625,8.78125,3.3125],"tintindex":0,"rotation":0,"texture":"#0"}},"rotation":{"origin":[18.080296,12.609989,7.6000004],"angle":45.0,"axis":"z"}},{"from":[9.3,8.3,5.4000006],"to":[13.7,13.7,9.8],"faces":{"east":{"uv":[4.84375,8.625,5.0,8.8125],"tintindex":0,"rotation":0,"texture":"#0"},"south":{"uv":[8.625,5.90625,8.78125,6.09375],"tintindex":0,"rotation":0,"texture":"#0"},"north":{"uv":[8.625,4.6875,8.78125,4.875],"tintindex":0,"rotation":0,"texture":"#0"},"west":{"uv":[6.0,8.625,6.15625,8.8125],"tintindex":0,"rotation":0,"texture":"#0"},"up":{"uv":[8.90625,7.78125,8.75,7.625],"tintindex":0,"rotation":0,"texture":"#0"},"down":{"uv":[8.90625,8.625,8.75,8.78125],"tintindex":0,"rotation":0,"texture":"#0"}}},{"from":[12.5,9.5,5.6000004],"to":[17.5,13.5,9.6],"faces":{"east":{"uv":[0.0,8.78125,0.15625,8.9375],"tintindex":0,"rotation":0,"texture":"#0"},"south":{"uv":[6.15625,8.625,6.34375,8.78125],"tintindex":0,"rotation":0,"texture":"#0"},"north":{"uv":[8.625,6.09375,8.8125,6.25],"tintindex":0,"rotation":0,"texture":"#0"},"west":{"uv":[0.34375,8.78125,0.5,8.9375],"tintindex":0,"rotation":0,"texture":"#0"},"up":{"uv":[8.8125,6.90625,8.625,6.75],"tintindex":0,"rotation":0,"texture":"#0"},"down":{"uv":[6.96875,8.625,6.78125,8.78125],"tintindex":0,"rotation":0,"texture":"#0"}},"rotation":{"origin":[15.499999,11.0,7.6000004],"angle":22.5,"axis":"z"}}],"display":{"head":{"rotation":[0.0,0.0,0.0]},"firstperson_righthand":{"rotation":[0.0,0.0,0.0]},"thirdperson_lefthand":{"rotation":[0.0,-0.0,-0.0]},"firstperson_lefthand":{"rotation":[0.0,-0.0,-0.0]},"fixed":{"rotation":[0.0,0.0,0.0]},"ground":{"rotation":[0.0,0.0,0.0]},"thirdperson_righthand":{"rotation":[0.0,0.0,0.0]},"gui":{"rotation":[-150.0,-45.0,180.0]}}}