{"textures":{"0":"modelengine:entity/mso_lava_lord","particle":"#0"},"elements":[{"from":[3.8000002,13.600002,-4.6000004],"to":[12.2,22.000004,1.0],"faces":{"east":{"uv":[11.125,3.375,11.375,3.75],"tintindex":0,"rotation":0,"texture":"#0"},"south":{"uv":[12.0,3.375,12.375,3.75],"tintindex":0,"rotation":0,"texture":"#0"},"north":{"uv":[11.375,3.375,11.75,3.75],"tintindex":0,"rotation":0,"texture":"#0"},"west":{"uv":[11.75,3.375,12.0,3.75],"tintindex":0,"rotation":0,"texture":"#0"},"up":{"uv":[11.75,3.375,11.375,3.125],"tintindex":0,"rotation":0,"texture":"#0"},"down":{"uv":[12.125,3.125,11.75,3.375],"tintindex":0,"rotation":0,"texture":"#0"}},"rotation":{"origin":[8.0,17.8,-3.1999998],"angle":22.5,"axis":"x"}},{"from":[13.6,12.48,17.8],"to":[22.0,18.079998,20.6],"faces":{"east":{"uv":[6.375,11.125,6.25,11.375],"tintindex":0,"rotation":0,"texture":"#0"},"south":{"uv":[6.75,11.125,6.375,11.375],"tintindex":0,"rotation":0,"texture":"#0"},"north":{"uv":[6.25,11.125,5.875,11.375],"tintindex":0,"rotation":0,"texture":"#0"},"west":{"uv":[5.875,11.125,5.75,11.375],"tintindex":0,"rotation":0,"texture":"#0"},"up":{"uv":[5.875,11.125,6.25,11.0],"tintindex":0,"rotation":0,"texture":"#0"},"down":{"uv":[6.25,11.0,6.625,11.125],"tintindex":0,"rotation":0,"texture":"#0"}},"rotation":{"origin":[19.2,15.280003,19.2],"angle":-45.0,"axis":"z"}},{"from":[-6.0,12.48,-4.6000004],"to":[-0.39999962,18.079998,-1.8000002],"faces":{"east":{"uv":[11.75,10.0,11.875,10.25],"tintindex":0,"rotation":0,"texture":"#0"},"south":{"uv":[12.25,10.0,12.5,10.25],"tintindex":0,"rotation":0,"texture":"#0"},"north":{"uv":[5.125,12.0,5.375,12.25],"tintindex":0,"rotation":0,"texture":"#0"},"west":{"uv":[12.125,10.0,12.25,10.25],"tintindex":0,"rotation":0,"texture":"#0"},"up":{"uv":[12.125,10.0,11.875,9.875],"tintindex":0,"rotation":0,"texture":"#0"},"down":{"uv":[12.375,9.875,12.125,10.0],"tintindex":0,"rotation":0,"texture":"#0"}},"rotation":{"origin":[-3.1999998,15.280003,-3.1999998],"angle":45.0,"axis":"z"}},{"from":[-6.0,12.48,17.8],"to":[2.4,18.079998,20.6],"faces":{"east":{"uv":[5.75,11.125,5.875,11.375],"tintindex":0,"rotation":0,"texture":"#0"},"south":{"uv":[6.375,11.125,6.75,11.375],"tintindex":0,"rotation":0,"texture":"#0"},"north":{"uv":[5.875,11.125,6.25,11.375],"tintindex":0,"rotation":0,"texture":"#0"},"west":{"uv":[6.25,11.125,6.375,11.375],"tintindex":0,"rotation":0,"texture":"#0"},"up":{"uv":[6.25,11.125,5.875,11.0],"tintindex":0,"rotation":0,"texture":"#0"},"down":{"uv":[6.625,11.0,6.25,11.125],"tintindex":0,"rotation":0,"texture":"#0"}},"rotation":{"origin":[-3.1999998,15.280003,19.2],"angle":45.0,"axis":"z"}},{"from":[16.4,12.48,-4.6000004],"to":[22.0,18.079998,-1.8000002],"faces":{"east":{"uv":[12.25,10.0,12.125,10.25],"tintindex":0,"rotation":0,"texture":"#0"},"south":{"uv":[12.5,10.0,12.25,10.25],"tintindex":0,"rotation":0,"texture":"#0"},"north":{"uv":[5.375,12.0,5.125,12.25],"tintindex":0,"rotation":0,"texture":"#0"},"west":{"uv":[11.875,10.0,11.75,10.25],"tintindex":0,"rotation":0,"texture":"#0"},"up":{"uv":[11.875,10.0,12.125,9.875],"tintindex":0,"rotation":0,"texture":"#0"},"down":{"uv":[12.125,9.875,12.375,10.0],"tintindex":0,"rotation":0,"texture":"#0"}},"rotation":{"origin":[19.2,15.280003,-3.1999998],"angle":-45.0,"axis":"z"}},{"from":[-8.799999,10.799999,-3.1999998],"to":[-3.1999998,19.2,19.2],"faces":{"east":{"uv":[0.0,9.375,1.0,9.75],"tintindex":0,"rotation":0,"texture":"#0"},"south":{"uv":[2.25,9.375,2.5,9.75],"tintindex":0,"rotation":0,"texture":"#0"},"north":{"uv":[1.0,9.375,1.25,9.75],"tintindex":0,"rotation":0,"texture":"#0"},"west":{"uv":[1.25,9.375,2.25,9.75],"tintindex":0,"rotation":0,"texture":"#0"},"up":{"uv":[1.25,9.375,1.0,8.375],"tintindex":0,"rotation":0,"texture":"#0"},"down":{"uv":[1.5,8.375,1.25,9.375],"tintindex":0,"rotation":0,"texture":"#0"}}},{"from":[22.7,8.0,2.4],"to":[25.5,13.600002,13.6],"faces":{"east":{"uv":[1.125,11.375,0.625,11.625],"tintindex":0,"rotation":0,"texture":"#0"},"south":{"uv":[1.25,11.375,1.125,11.625],"tintindex":0,"rotation":0,"texture":"#0"},"north":{"uv":[0.625,11.375,0.5,11.625],"tintindex":0,"rotation":0,"texture":"#0"},"west":{"uv":[0.5,11.375,0.0,11.625],"tintindex":0,"rotation":0,"texture":"#0"},"up":{"uv":[0.5,11.375,0.625,10.875],"tintindex":0,"rotation":0,"texture":"#0"},"down":{"uv":[0.625,10.875,0.75,11.375],"tintindex":0,"rotation":0,"texture":"#0"}},"rotation":{"origin":[25.5,8.0,8.0],"angle":-22.5,"axis":"z"}},{"from":[-9.5,12.200001,-0.39999962],"to":[-6.7,17.8,16.4],"faces":{"east":{"uv":[7.0,2.625,7.75,2.875],"tintindex":0,"rotation":0,"texture":"#0"},"south":{"uv":[8.625,2.625,8.75,2.875],"tintindex":0,"rotation":0,"texture":"#0"},"north":{"uv":[7.75,2.625,7.875,2.875],"tintindex":0,"rotation":0,"texture":"#0"},"west":{"uv":[7.875,2.625,8.625,2.875],"tintindex":0,"rotation":0,"texture":"#0"},"up":{"uv":[7.875,2.625,7.75,1.875],"tintindex":0,"rotation":0,"texture":"#0"},"down":{"uv":[8.0,1.875,7.875,2.625],"tintindex":0,"rotation":0,"texture":"#0"}},"rotation":{"origin":[-9.5,12.200001,8.0],"angle":22.5,"axis":"z"}},{"from":[3.8000002,8.0,-3.1999998],"to":[12.2,10.799999,-0.39999962],"faces":{"east":{"uv":[7.0,3.0,7.125,3.125],"tintindex":0,"rotation":0,"texture":"#0"},"south":{"uv":[7.625,3.0,8.0,3.125],"tintindex":0,"rotation":0,"texture":"#0"},"north":{"uv":[7.125,3.0,7.5,3.125],"tintindex":0,"rotation":0,"texture":"#0"},"west":{"uv":[7.5,3.0,7.625,3.125],"tintindex":0,"rotation":0,"texture":"#0"},"up":{"uv":[7.5,3.0,7.125,2.875],"tintindex":0,"rotation":0,"texture":"#0"},"down":{"uv":[7.875,2.875,7.5,3.0],"tintindex":0,"rotation":0,"texture":"#0"}}},{"from":[4.5,13.600002,-3.8999996],"to":[11.5,20.600002,-1.1000004],"faces":{"east":{"uv":[8.75,11.875,8.875,12.125],"tintindex":0,"rotation":0,"texture":"#0"},"south":{"uv":[9.25,11.875,9.5,12.125],"tintindex":0,"rotation":0,"texture":"#0"},"north":{"uv":[8.875,11.875,9.125,12.125],"tintindex":0,"rotation":0,"texture":"#0"},"west":{"uv":[9.125,11.875,9.25,12.125],"tintindex":0,"rotation":0,"texture":"#0"},"up":{"uv":[9.125,11.875,8.875,11.75],"tintindex":0,"rotation":0,"texture":"#0"},"down":{"uv":[9.375,11.75,9.125,11.875],"tintindex":0,"rotation":0,"texture":"#0"}},"rotation":{"origin":[8.0,17.100002,-2.5],"angle":22.5,"axis":"x"}},{"from":[5.2,4.7800026,16.4],"to":[13.6,13.18,19.2],"faces":{"east":{"uv":[11.25,8.625,11.375,9.0],"tintindex":0,"rotation":0,"texture":"#0"},"south":{"uv":[5.625,11.5,6.0,11.875],"tintindex":0,"rotation":0,"texture":"#0"},"north":{"uv":[11.375,8.625,11.75,9.0],"tintindex":0,"rotation":0,"texture":"#0"},"west":{"uv":[11.75,8.625,11.875,9.0],"tintindex":0,"rotation":0,"texture":"#0"},"up":{"uv":[11.75,8.625,11.375,8.5],"tintindex":0,"rotation":0,"texture":"#0"},"down":{"uv":[12.125,8.5,11.75,8.625],"tintindex":0,"rotation":0,"texture":"#0"}},"rotation":{"origin":[8.0,7.580002,17.8],"angle":45.0,"axis":"z"}},{"from":[2.4,10.799999,-3.1999998],"to":[13.6,16.399998,-0.39999962],"faces":{"east":{"uv":[0.0,3.5,0.125,3.75],"tintindex":0,"rotation":0,"texture":"#0"},"south":{"uv":[0.75,3.5,1.25,3.75],"tintindex":0,"rotation":0,"texture":"#0"},"north":{"uv":[0.125,3.5,0.625,3.75],"tintindex":0,"rotation":0,"texture":"#0"},"west":{"uv":[0.625,3.5,0.75,3.75],"tintindex":0,"rotation":0,"texture":"#0"},"up":{"uv":[0.625,3.5,0.125,3.375],"tintindex":0,"rotation":0,"texture":"#0"},"down":{"uv":[1.125,3.375,0.625,3.5],"tintindex":0,"rotation":0,"texture":"#0"}}},{"from":[-6.0,8.0,-0.39999962],"to":[22.0,24.8,16.4],"faces":{"east":{"uv":[3.75,3.125,4.5,3.875],"tintindex":0,"rotation":0,"texture":"#0"},"south":{"uv":[6.5,3.125,7.75,3.875],"tintindex":0,"rotation":0,"texture":"#0"},"north":{"uv":[4.5,3.125,5.75,3.875],"tintindex":0,"rotation":0,"texture":"#0"},"west":{"uv":[5.75,3.125,6.5,3.875],"tintindex":0,"rotation":0,"texture":"#0"},"up":{"uv":[5.75,3.125,4.5,2.375],"tintindex":0,"rotation":0,"texture":"#0"},"down":{"uv":[7.0,2.375,5.75,3.125],"tintindex":0,"rotation":0,"texture":"#0"}}},{"from":[-9.5,8.0,2.4],