{"textures":{"0":"modelengine:entity/mso_lava_lord","particle":"#0"},"elements":[{"from":[11.266667,14.066666,6.600001],"to":[15.933334,21.533337,9.400001],"faces":{"east":{"uv":[11.625,3.875,11.75,4.375],"tintindex":0,"rotation":0,"texture":"#0"},"south":{"uv":[12.125,3.875,12.375,4.375],"tintindex":0,"rotation":0,"texture":"#0"},"north":{"uv":[11.75,3.875,12.0,4.375],"tintindex":0,"rotation":0,"texture":"#0"},"west":{"uv":[12.0,3.875,12.125,4.375],"tintindex":0,"rotation":0,"texture":"#0"},"up":{"uv":[12.0,3.875,11.75,3.75],"tintindex":0,"rotation":0,"texture":"#0"},"down":{"uv":[12.25,3.75,12.0,3.875],"tintindex":0,"rotation":0,"texture":"#0"}},"rotation":{"origin":[15.466667,14.066666,8.933334],"angle":22.5,"axis":"z"}},{"from":[7.066667,6.1333313,7.066667],"to":[10.8,9.866669,8.933334],"faces":{"east":{"uv":[11.75,7.875,11.875,8.125],"tintindex":0,"rotation":0,"texture":"#0"},"south":{"uv":[12.25,7.875,12.5,8.125],"tintindex":0,"rotation":0,"texture":"#0"},"north":{"uv":[11.875,7.875,12.125,8.125],"tintindex":0,"rotation":0,"texture":"#0"},"west":{"uv":[12.125,7.875,12.25,8.125],"tintindex":0,"rotation":0,"texture":"#0"},"up":{"uv":[12.125,7.875,11.875,7.75],"tintindex":0,"rotation":0,"texture":"#0"},"down":{"uv":[12.375,7.75,12.125,7.875],"tintindex":0,"rotation":0,"texture":"#0"}}},{"from":[10.8,5.2000017,6.1333337],"to":[16.4,14.533336,9.866668],"faces":{"east":{"uv":[10.75,2.125,11.0,2.75],"tintindex":0,"rotation":0,"texture":"#0"},"south":{"uv":[11.625,2.125,12.0,2.75],"tintindex":0,"rotation":0,"texture":"#0"},"north":{"uv":[11.0,2.125,11.375,2.75],"tintindex":0,"rotation":0,"texture":"#0"},"west":{"uv":[11.375,2.125,11.625,2.75],"tintindex":0,"rotation":0,"texture":"#0"},"up":{"uv":[11.375,2.125,11.0,1.875],"tintindex":0,"rotation":0,"texture":"#0"},"down":{"uv":[11.75,1.875,11.375,2.125],"tintindex":0,"rotation":0,"texture":"#0"}}},{"from":[8.933333,20.880001,7.066667],"to":[12.666668,26.480001,8.933334],"faces":{"east":{"uv":[7.25,11.875,7.375,12.25],"tintindex":0,"rotation":0,"texture":"#0"},"south":{"uv":[7.75,11.875,8.0,12.25],"tintindex":0,"rotation":0,"texture":"#0"},"north":{"uv":[7.375,11.875,7.625,12.25],"tintindex":0,"rotation":0,"texture":"#0"},"west":{"uv":[7.625,11.875,7.75,12.25],"tintindex":0,"rotation":0,"texture":"#0"},"up":{"uv":[7.625,11.875,7.375,11.75],"tintindex":0,"rotation":0,"texture":"#0"},"down":{"uv":[7.875,11.75,7.625,11.875],"tintindex":0,"rotation":0,"texture":"#0"}},"rotation":{"origin":[12.666668,20.880001,8.933334],"angle":45.0,"axis":"z"}}],"display":{"head":{"rotation":[0.0,0.0,0.0]},"firstperson_righthand":{"rotation":[0.0,0.0,0.0]},"thirdperson_lefthand":{"rotation":[0.0,-0.0,-0.0]},"firstperson_lefthand":{"rotation":[0.0,-0.0,-0.0]},"fixed":{"rotation":[0.0,0.0,0.0]},"ground":{"rotation":[0.0,0.0,0.0]},"thirdperson_righthand":{"rotation":[0.0,0.0,0.0]},"gui":{"rotation":[-150.0,-45.0,180.0]}}}