{"textures":{"1":"modelengine:entity/frost_breath_dissolve","particle":"#1"},"elements":[{"from":[6.604194,10.03343,5.4113894],"to":[12.853695,14.795431,10.57839],"faces":{"east":{"uv":[0.0,5.125,1.3125,6.3125],"tintindex":0,"rotation":0,"texture":"#1"},"south":{"uv":[4.5,4.0,6.0625,5.1875],"tintindex":0,"rotation":0,"texture":"#1"},"north":{"uv":[4.5,2.75,6.0625,3.9375],"tintindex":0,"rotation":0,"texture":"#1"},"west":{"uv":[1.375,5.125,2.6875,6.3125],"tintindex":0,"rotation":0,"texture":"#1"},"up":{"uv":[5.1875,1.3125,3.625,0.0],"tintindex":0,"rotation":0,"texture":"#1"},"down":{"uv":[5.1875,1.375,3.625,2.6875],"tintindex":0,"rotation":0,"texture":"#1"}},"rotation":{"origin":[7.6464443,9.43943,7.9948893],"angle":22.5,"axis":"z"}},{"from":[4.279719,14.0507765,5.706889],"to":[6.898219,16.626778,10.282889],"faces":{"east":{"uv":[7.25,2.25,8.375,2.875],"tintindex":0,"rotation":0,"texture":"#1"},"south":{"uv":[8.0,1.625,8.625,2.25],"tintindex":0,"rotation":0,"texture":"#1"},"north":{"uv":[4.0,7.75,4.625,8.375],"tintindex":0,"rotation":0,"texture":"#1"},"west":{"uv":[7.25,2.875,8.375,3.5],"tintindex":0,"rotation":0,"texture":"#1"},"up":{"uv":[4.875,7.75,4.25,6.625],"tintindex":0,"rotation":0,"texture":"#1"},"down":{"uv":[7.875,3.5,7.25,4.625],"tintindex":0,"rotation":0,"texture":"#1"}},"rotation":{"origin":[6.151469,15.838778,7.9948893],"angle":-45.0,"axis":"z"}},{"from":[5.414194,14.04968,5.7088895],"to":[9.878695,22.23293,10.2808895],"faces":{"east":{"uv":[1.125,3.0,2.25,5.0625],"tintindex":0,"rotation":0,"texture":"#1"},"south":{"uv":[2.25,3.0,3.375,5.0625],"tintindex":0,"rotation":0,"texture":"#1"},"north":{"uv":[0.0,3.0,1.125,5.0625],"tintindex":0,"rotation":0,"texture":"#1"},"west":{"uv":[3.375,3.0,4.5,5.0625],"tintindex":0,"rotation":0,"texture":"#1"},"up":{"uv":[7.25,3.875,6.125,2.75],"tintindex":0,"rotation":0,"texture":"#1"},"down":{"uv":[7.25,3.875,6.125,5.0],"tintindex":0,"rotation":0,"texture":"#1"}}},{"from":[9.252899,18.886185,5.7078896],"to":[10.619398,22.085186,10.281889],"faces":{"east":{"uv":[0.875,7.25,2.0,8.0625],"tintindex":0,"rotation":0,"texture":"#1"},"south":{"uv":[2.375,8.125,2.6875,8.9375],"tintindex":0,"rotation":0,"texture":"#1"},"north":{"uv":[2.0,8.125,2.3125,8.9375],"tintindex":0,"rotation":0,"texture":"#1"},"west":{"uv":[2.0,7.25,3.125,8.0625],"tintindex":0,"rotation":0,"texture":"#1"},"up":{"uv":[8.4375,1.125,8.125,0.0],"tintindex":0,"rotation":0,"texture":"#1"},"down":{"uv":[1.1875,8.125,0.875,9.25],"tintindex":0,"rotation":0,"texture":"#1"}},"rotation":{"origin":[9.873649,20.298185,7.9948893],"angle":22.5,"axis":"z"}},{"from":[3.9581938,15.298303,5.7078896],"to":[5.074693,20.122303,10.281889],"faces":{"east":{"uv":[5.25,1.5,6.375,2.6875],"tintindex":0,"rotation":0,"texture":"#1"},"south":{"uv":[1.25,8.125,1.5,9.3125],"tintindex":0,"rotation":0,"texture":"#1"},"north":{"uv":[4.625,7.75,4.875,8.9375],"tintindex":0,"rotation":0,"texture":"#1"},"west":{"uv":[5.0,5.25,6.125,6.4375],"tintindex":0,"rotation":0,"texture":"#1"},"up":{"uv":[1.75,9.25,1.5,8.125],"tintindex":0,"rotation":0,"texture":"#1"},"down":{"uv":[2.0,8.125,1.75,9.25],"tintindex":0,"rotation":0,"texture":"#1"}},"rotation":{"origin":[5.2664433,16.585302,7.9948893],"angle":-22.5,"axis":"z"}},{"from":[7.6054373,16.29768,6.6153603],"to":[10.948936,19.234932,9.89136],"faces":{"east":{"uv":[8.3125,7.375,7.5,8.125],"tintindex":0,"rotation":0,"texture":"#1"},"south":{"uv":[7.625,5.375,8.4375,6.125],"tintindex":0,"rotation":0,"texture":"#1"},"north":{"uv":[7.5,7.375,8.3125,8.125],"tintindex":0,"rotation":0,"texture":"#1"},"west":{"uv":[7.625,6.125,8.4375,6.875],"tintindex":0,"rotation":0,"texture":"#1"},"up":{"uv":[7.4375,8.1875,6.625,7.375],"tintindex":0,"rotation":0,"texture":"#1"},"down":{"uv":[3.9375,7.5,3.125,8.3125],"tintindex":0,"rotation":0,"texture":"#1"}},"rotation":{"origin":[9.839687,18.141306,8.90336],"angle":-45.0,"axis":"y"}},{"from":[3.8937168,9.276749,5.01989],"to":[10.438717,11.954249,10.96989],"faces":{"east":{"uv":[1.625,6.5,3.125,7.1875],"tintindex":0,"rotation":0,"texture":"#1"},"south":{"uv":[6.375,1.5,8.0,2.1875],"tintindex":0,"rotation":0,"texture":"#1"},"north":{"uv":[0.0,6.375,1.625,7.0625],"tintindex":0,"rotation":0,"texture":"#1"},"west":{"uv":[5.0,6.5,6.5,7.1875],"tintindex":0,"rotation":0,"texture":"#1"},"up":{"uv":[3.625,1.5,2.0,0.0],"tintindex":0,"rotation":0,"texture":"#1"},"down":{"uv":[3.625,1.5,2.0,3.0],"tintindex":0,"rotation":0,"texture":"#1"}},"rotation":{"origin":[7.909967,10.76425,7.9948893],"angle":-22.5,"axis":"z"}},{"from":[6.6877723,20.548185,5.7098894],"to":[9.829022,23.724434,10.27989],"faces":{"east":{"uv":[6.5,6.5,7.625,7.3125],"tintindex":0,"rotation":0,"texture":"#1"},"south":{"uv":[5.75,7.375,6.5625,8.1875],"tintindex":0,"rotation":0,"texture":"#1"},"north":{"uv":[4.875,7.25,5.6875,8.0625],"tintindex":0,"rotation":0,"texture":"#1"},"west":{"uv":[3.125,6.625,4.25,7.4375],"tintindex":0,"rotation":0,"texture":"#1"},"up":{"uv":[0.8125,8.25,0.0,7.125],"tintindex":0,"rotation":0,"texture":"#1"},"down":{"uv":[8.0625,0.0,7.25,1.125],"tintindex":0,"rotation":0,"texture":"#1"}},"rotation":{"origin":[7.820897,21.44881,7.9948893],"angle":45.0,"axis":"z"}},{"from":[3.6291943,7.9509306,5.0188894],"to":[11.663694,10.927931,10.97089],"faces":{"east":{"uv":[6.125,5.0,7.625,5.75],"tintindex":0,"rotation":0,"texture":"#1"},"south":{"uv":[5.25,0.75,7.25,1.5],"tintindex":0,"rotation":0,"texture":"#1"},"north":{"uv":[5.25,0.0,7.25,0.75],"tintindex":0,"rotation":0,"texture":"#1"},"west":{"uv":[6.125,5.75,7.625,6.5],"tintindex":0,"rotation":0,"texture":"#1"},"up":{"uv":[2.0,1.5,0.0,0.0],"tintindex":0,"rotation":0,"texture":"#1"},"down":{"uv":[2.0,1.5,0.0,3.0],"tintindex":0,"rotation":0,"texture":"#1"}}}],"display":{"head":{"rotation":[0.0,0.0,0.0]},"firstperson_righthand":{"rotation":[0.0,0.0,0.0]},"thirdperson_lefthand":{"rotation":[0.0,-0.0,-0.0]},"firstperson_lefthand":{"rotation":[0.0,-0.0,-0.0]},"fixed":{"rotation":[0.0,0.0,0.0]},"ground":{"rotation":[0.0,0.0,0.0]},"thirdperson_righthand":{"rotation":[0.0,0.0,0.0]},"gui":{"rotation":[-150.0,-45.0,180.0]}}}