{"textures":{"0":"hcs/furniture/garden/wheelbarrow_with_leaf_pile","particle":"#0"},"elements":[{"from":[0.0,7.0,-4.0],"to":[2.0,15.0,18.0],"faces":{"east":{"uv":[0.24241939,1.8775502,5.57576,2.5306096],"tintindex":0,"rotation":0,"texture":"#0"},"south":{"uv":[3.636359,3.8367295,4.12121,4.4898],"tintindex":0,"rotation":0,"texture":"#0"},"north":{"uv":[3.15152,3.8367295,3.636359,4.4898],"tintindex":0,"rotation":0,"texture":"#0"},"west":{"uv":[5.57576,1.8775502,10.909091,2.5306096],"tintindex":0,"rotation":0,"texture":"#0"},"up":{"uv":[4.606061,4.9795904,4.12121,3.1836703],"tintindex":0,"rotation":0,"texture":"#0"},"down":{"uv":[5.090909,3.1836703,4.606061,4.9795904],"tintindex":0,"rotation":0,"texture":"#0"}}},{"from":[6.0,0.0,-13.0],"to":[10.0,8.0,-5.0],"faces":{"east":{"uv":[0.24241939,3.1836703,2.1818206,3.8367295],"tintindex":0,"rotation":0,"texture":"#0"},"south":{"uv":[7.030301,3.1836703,8.0,3.8367295],"tintindex":0,"rotation":0,"texture":"#0"},"north":{"uv":[6.060611,3.1836703,7.030301,3.8367295],"tintindex":0,"rotation":0,"texture":"#0"},"west":{"uv":[2.1818206,3.1836703,4.12121,3.8367295],"tintindex":0,"rotation":0,"texture":"#0"},"up":{"uv":[8.9697,3.8367295,8.0,3.1836703],"tintindex":0,"rotation":0,"texture":"#0"},"down":{"uv":[9.939389,3.1836703,8.9697,3.8367295],"tintindex":0,"rotation":0,"texture":"#0"}}},{"from":[2.0,0.0,14.0],"to":[4.0,5.0,16.0],"faces":{"east":{"uv":[8.0,3.8367295,8.484852,4.2449],"tintindex":0,"rotation":0,"texture":"#0"},"south":{"uv":[8.484852,3.8367295,8.9697,4.2449],"tintindex":0,"rotation":0,"texture":"#0"},"north":{"uv":[7.5151496,3.8367295,8.0,4.2449],"tintindex":0,"rotation":0,"texture":"#0"},"west":{"uv":[8.9697,3.8367295,9.454551,4.2449],"tintindex":0,"rotation":0,"texture":"#0"},"up":{"uv":[11.39394,3.0204096,10.909091,2.8571396],"tintindex":0,"rotation":0,"texture":"#0"},"down":{"uv":[11.39394,3.0204096,10.909091,3.1836703],"tintindex":0,"rotation":0,"texture":"#0"}}},{"from":[14.0,7.0,-4.0],"to":[16.0,15.0,18.0],"faces":{"east":{"uv":[0.24241939,2.5306096,5.57576,3.1836703],"tintindex":0,"rotation":0,"texture":"#0"},"south":{"uv":[7.030301,3.8367295,7.5151496,4.4898],"tintindex":0,"rotation":0,"texture":"#0"},"north":{"uv":[6.54545,3.8367295,7.030301,4.4898],"tintindex":0,"rotation":0,"texture":"#0"},"west":{"uv":[5.57576,2.5306096,10.909091,3.1836703],"tintindex":0,"rotation":0,"texture":"#0"},"up":{"uv":[5.57576,4.9795904,5.090909,3.1836703],"tintindex":0,"rotation":0,"texture":"#0"},"down":{"uv":[6.060611,3.1836703,5.57576,4.9795904],"tintindex":0,"rotation":0,"texture":"#0"}}},{"from":[10.0,4.0,-10.0],"to":[12.0,13.0,-8.0],"faces":{"east":{"uv":[1.6969697,3.8367295,2.1818206,4.57143],"tintindex":0,"rotation":0,"texture":"#0"},"south":{"uv":[2.1818206,3.8367295,2.6666691,4.57143],"tintindex":0,"rotation":0,"texture":"#0"},"north":{"uv":[11.39394,0.40816,11.878791,1.1428604],"tintindex":0,"rotation":0,"texture":"#0"},"west":{"uv":[2.6666691,3.8367295,3.15152,4.57143],"tintindex":0,"rotation":0,"texture":"#0"},"up":{"uv":[12.363642,2.0408204,11.878791,1.8775502],"tintindex":0,"rotation":0,"texture":"#0"},"down":{"uv":[12.363642,2.0408204,11.878791,2.20408],"tintindex":0,"rotation":0,"texture":"#0"}},"rotation":{"origin":[10.0,4.0,-10.0],"angle":45.0,"axis":"x"}},{"from":[14.0,13.0,18.0],"to":[16.0,15.0,28.0],"faces":{"east":{"uv":[10.909091,1.2244898,13.333331,1.3877599],"tintindex":0,"rotation":0,"texture":"#0"},"south":{"uv":[11.878791,2.8571396,12.363642,3.0204096],"tintindex":0,"rotation":0,"texture":"#0"},"north":{"uv":[11.878791,2.5306096,12.363642,2.69388],"tintindex":0,"rotation":0,"texture":"#0"},"west":{"uv":[10.909091,2.69388,13.333331,2.8571396],"tintindex":0,"rotation":0,"texture":"#0"},"up":{"uv":[10.42424,4.4898,9.939389,3.6734703],"tintindex":0,"rotation":0,"texture":"#0"},"down":{"uv":[10.909091,3.6734703,10.42424,4.4898],"tintindex":0,"rotation":0,"texture":"#0"}}},{"from":[0.0,5.0,-4.0],"to":[16.0,7.0,18.0],"faces":{"east":{"uv":[8.0,1.3877599,13.333331,1.5510204],"tintindex":0,"rotation":0,"texture":"#0"},"south":{"uv":[9.939389,3.1836703,13.818179,3.3469396],"tintindex":0,"rotation":0,"texture":"#0"},"north":{"uv":[8.0,1.7142898,11.878791,1.8775502],"tintindex":0,"rotation":0,"texture":"#0"},"west":{"uv":[8.0,1.5510204,13.333331,1.7142898],"tintindex":0,"rotation":0,"texture":"#0"},"up":{"uv":[4.12121,1.8775502,0.24241939,0.08163021],"tintindex":0,"rotation":0,"texture":"#0"},"down":{"uv":[8.0,0.08163021,4.12121,1.8775502],"tintindex":0,"rotation":0,"texture":"#0"}}},{"from":[12.0,0.0,14.0],"to":[14.0,5.0,16.0],"faces":{"east":{"uv":[11.39394,3.6734703,11.878791,4.08163],"tintindex":0,"rotation":0,"texture":"#0"},"south":{"uv":[11.878791,0.40816,12.363642,0.8163298],"tintindex":0,"rotation":0,"texture":"#0"},"north":{"uv":[9.454551,3.8367295,9.939389,4.2449],"tintindex":0,"rotation":0,"texture":"#0"},"west":{"uv":[11.878791,0.8163298,12.363642,1.2244898],"tintindex":0,"rotation":0,"texture":"#0"},"up":{"uv":[11.878791,2.69388,11.39394,2.5306096],"tintindex":0,"rotation":0,"texture":"#0"},"down":{"uv":[11.878791,2.8571396,11.39394,3.0204096],"tintindex":0,"rotation":0,"texture":"#0"}}},{"from":[2.0,7.0,-4.0],"to":[14.0,15.0,-2.0],"faces":{"east":{"uv":[11.39394,1.8775502,11.878791,2.5306096],"tintindex":0,"rotation":0,"texture":"#0"},"south":{"uv":[8.0,0.73468983,10.909091,1.3877599],"tintindex":0,"rotation":0,"texture":"#0"},"north":{"uv":[8.0,0.08163021,10.909091,0.73468983],"tintindex":0,"rotation":0,"texture":"#0"},"west":{"uv":[6.060611,3.8367295,6.54545,4.4898],"tintindex":0,"rotation":0,"texture":"#0"},"up":{"uv":[12.84848,3.5102,9.939389,3.3469396],"tintindex":0,"rotation":0,"texture":"#0"},"down":{"uv":[12.84848,3.5102,9.939389,3.6734703],"tintindex":0,"rotation":0,"texture":"#0"}}},{"from":[0.0,13.0,18.0],"to":[2.0,15.0,28.0],"faces":{"east":{"uv":[10.909091,0.08163021,13.333331,0.2449004],"tintindex":0,"rotation":0,"texture":"#0"},"south":{"uv":[11.878791,2.36735,12.363642,2.5306096],"tintindex":0,"rotation":0,"texture":"#0"},"north":{"uv":[11.878791,2.20408,12.363642,2.36735],"tintindex":0,"rotation":0,"texture":"#0"},"west":{"uv":[10.909091,0.2449004,13.333331,0.40816],"tintindex":0,"rotation":0,"texture":"#0"},"up":{"uv":[11.39394,1.2244898,10.909091,0.40816],"tintindex":0,"rotation":0,"texture":"#0"},"down":{"uv":[11.39394,1.8775502,10.909091,2.69388],"tintindex":0,"rotation":0,"texture":"#0"}}},{"from":[4.0,4.0,-10.0],"to":[6.0,13.0,-8.0],"faces":{"east":{"uv":[0.24241939,3.8367295,0.7272703,4.57143],"tintindex":0,"rotation":0,"texture":"#0"},"south":{"uv":[0.7272703,3.8367295,1.2121212,4.57143],"tintindex":0,"rotation":0,"texture":"#0"},"north":{"uv":[10.909091,3.6734703,11.39394,4.40816],"tintindex":0,"rotation":0,"texture":"#0"},"west":{"uv":[1.2121212,3.8367295,1.6969697,4.57143],"tintindex":0,"rotation":0,"texture":"#0"},"up":{"uv":[11.878791,3.1836703,11.39394,3.0204096],"tintindex":0,"rotation":0,"texture":"#0"},"down":{"uv":[12.363642,1.7142898,11.878791,1.8775502],"tintindex":0,"rotation":0,"texture":"#0"}},"rotation":{"origin":[6.0,4.0,-10.0],"angle":45.0,"axis":"x"}}],"display":{"head":{"rotation":[0.0,0.0,0.0]},"firstperson_righthand":{"rotation":[0.0,0.0,0.0]},"thirdperson_lefthand":{"rotation":[0.0,-0.0,-0.0]},"firstperson_lefthand":{"rotation":[0.0,-0.0,-0.0]},"fixed":{"rotation":[0.0,0.0,0.0]},"ground":{"rotation":[0.0,0.0,0.0]},"thirdperson_righthand":{"rotation":[0.0,0.0,0.0]},"gui":{"rotation":[-150.0,-45.0,180.0]}}}