{"textures":{"0":"hcs/furniture/garden/wheelbarrow_with_leaf_pile","particle":"#0"},"elements":[{"from":[4.02054,5.99931,16.73366],"to":[11.02054,5.99931,21.73366],"faces":{"up":{"uv":[5.090909,14.12245,6.3030305,13.551019],"tintindex":0,"rotation":270,"texture":"#0"},"down":{"uv":[6.3030305,14.12245,7.5151496,13.551019],"tintindex":0,"rotation":270,"texture":"#0"}},"rotation":{"origin":[7.66634,3.05861,14.9],"angle":-22.5,"axis":"z"}},{"from":[3.12815,9.80693,11.73366],"to":[10.128151,9.80693,16.73366],"faces":{"up":{"uv":[2.6666691,13.877549,3.8787904,13.30612],"tintindex":0,"rotation":270,"texture":"#0"},"down":{"uv":[3.8787904,14.12245,5.090909,13.551019],"tintindex":0,"rotation":270,"texture":"#0"}},"rotation":{"origin":[15.966341,16.05861,11.9],"angle":-22.5,"axis":"z"}},{"from":[3.0704403,13.23906,10.73366],"to":[10.07044,13.23906,15.73366],"faces":{"up":{"uv":[0.24241939,13.877549,1.4545504,13.30612],"tintindex":0,"rotation":270,"texture":"#0"},"down":{"uv":[1.4545504,13.877549,2.6666691,13.30612],"tintindex":0,"rotation":270,"texture":"#0"}}}],"display":{"head":{"rotation":[0.0,0.0,0.0]},"firstperson_righthand":{"rotation":[0.0,0.0,0.0]},"thirdperson_lefthand":{"rotation":[0.0,-0.0,-0.0]},"firstperson_lefthand":{"rotation":[0.0,-0.0,-0.0]},"fixed":{"rotation":[0.0,0.0,0.0]},"ground":{"rotation":[0.0,0.0,0.0]},"thirdperson_righthand":{"rotation":[0.0,0.0,0.0]},"gui":{"rotation":[-150.0,-45.0,180.0]}}}